1747830129.42,0,-158.46,-269.82,1.09,1.26,0.99,-158.46,-269.82,0.00,1.43,-4.80 
1747830129.52,0,-158.25,-270.23,1.46,0.32,0.32,-158.25,-270.23,0.00,1.49,-4.74 
1747830129.62,0,-157.97,-270.55,1.58,0.37,0.37,-157.97,-270.55,0.00,1.59,-4.60 
1747830129.72,0,-157.69,-270.96,1.70,0.43,0.30,-157.69,-270.96,0.00,1.70,-4.56 
1747830130.32,0,-156.64,-273.60,1.92,0.52,0.97,-156.64,-273.60,0.00,1.72,-4.50 
1747830130.52,0,-156.33,-274.39,1.46,0.65,0.35,-156.33,-274.39,0.00,1.70,-4.42 
1747830130.82,0,-155.97,-275.75,1.49,0.31,0.53,-155.97,-275.75,0.00,1.57,-4.44 
1747830131.02,0,-155.78,-276.64,1.56,0.39,0.29,-155.78,-276.64,0.00,1.46,-4.44 
1747830131.12,0,-155.71,-277.12,1.42,0.17,0.26,-155.71,-277.12,0.00,1.40,-4.47 
1747830131.32,0,-155.50,-278.04,1.41,0.25,0.55,-155.50,-278.04,0.00,1.33,-4.50 
1747830131.62,0,-155.21,-279.22,1.32,0.27,0.46,-155.21,-279.22,0.00,1.25,-4.37 
1747830132.02,0,-154.63,-280.95,1.26,0.15,0.40,-154.63,-280.95,0.00,1.31,-4.36 
1747830132.22,0,-154.46,-281.82,1.29,0.19,0.65,-154.46,-281.82,0.00,1.24,-4.36 
1747830132.52,0,-154.08,-283.05,1.32,0.24,0.67,-154.08,-283.05,0.00,1.24,-4.29 
1747830132.62,0,-153.96,-283.35,1.35,0.31,0.37,-153.96,-283.35,0.00,1.24,-4.19 
1747830132.72,0,-153.67,-283.66,2.33,0.29,0.67,-153.67,-283.66,0.00,1.38,-4.09 
1747830133.02,0,-153.32,-284.86,0.42,1.31,1.38,-153.32,-284.86,0.00,1.33,-4.08 
1747830133.22,0,-153.11,-285.70,1.20,0.06,0.39,-153.11,-285.70,0.00,1.28,-4.09 
1747830133.32,0,-153.15,-286.14,1.20,0.08,0.91,-153.15,-286.14,0.00,1.14,-4.11 
1747830133.42,0,-152.86,-286.71,1.20,0.12,0.99,-152.86,-286.71,0.00,1.29,-4.25 
1747830133.52,0,-152.80,-287.09,1.22,0.16,0.45,-152.80,-287.09,0.00,1.23,-4.22 
1747830133.72,0,-152.59,-287.93,1.30,0.18,0.40,-152.59,-287.93,0.00,1.20,-4.21 
1747830133.92,0,-152.47,-288.78,1.37,0.22,0.48,-152.47,-288.78,0.00,1.10,-4.22 
1747830134.22,0,-152.02,-290.04,1.41,0.28,1.50,-152.02,-290.04,0.00,1.19,-4.21 
1747830134.32,0,-151.79,-290.34,1.83,0.34,0.69,-151.79,-290.34,0.00,1.28,-4.12 
1747830134.52,0,-151.41,-291.46,1.78,0.62,0.46,-151.41,-291.46,0.00,1.39,-4.36 
1747830134.82,0,-150.85,-292.53,1.84,0.77,0.54,-150.85,-292.53,0.00,1.50,-4.18 
1747830134.92,0,-150.68,-292.81,2.01,1.40,0.40,-150.68,-292.81,0.00,1.52,-4.06 
1747830135.02,0,-150.57,-293.14,0.92,1.59,1.44,-150.57,-293.14,0.00,1.48,-4.00 
1747830135.12,0,-150.37,-293.50,1.57,0.12,0.52,-150.37,-293.50,0.00,1.52,-3.96 
1747830135.22,0,-150.04,-294.06,1.55,0.21,0.78,-150.04,-294.06,0.00,1.68,-4.10 
1747830135.52,0,-149.48,-295.37,1.53,0.39,0.78,-149.48,-295.37,0.00,1.73,-4.18 
1747830135.72,0,-149.17,-296.25,1.51,0.59,0.87,-149.17,-296.25,0.00,1.71,-4.22 
1747830135.82,0,-148.93,-296.74,1.47,0.93,0.88,-148.93,-296.74,0.00,1.77,-4.28 
1747830136.92,0,-147.52,-301.08,1.55,0.94,0.74,-147.52,-301.08,0.00,1.57,-4.13 
1747830137.32,0,-146.38,-302.87,1.53,1.31,0.70,-146.38,-302.87,0.00,1.99,-4.25 
1747830137.42,0,-146.05,-303.23,1.32,2.72,0.92,-146.05,-303.23,0.00,2.11,-4.19 
1747830137.92,0,-145.03,-305.06,1.29,2.97,1.07,-145.03,-305.06,0.00,2.13,-4.02 
1747830138.02,0,-144.83,-305.31,1.82,1.04,0.00,-144.83,-305.31,0.00,2.11,-3.88 
1747830138.12,0,-144.78,-305.55,1.96,1.20,0.34,-144.78,-305.55,0.00,1.95,-3.73 
1747830138.22,0,-144.69,-305.84,1.84,1.30,0.54,-144.69,-305.84,0.00,1.84,-3.65 
1747830138.52,0,-144.26,-306.91,1.99,0.56,0.66,-144.26,-306.91,0.00,1.73,-3.63 
1747830138.62,0,-144.07,-307.29,1.46,1.17,0.59,-144.07,-307.29,0.00,1.75,-3.64 
1747830138.72,0,-143.98,-307.60,1.56,1.57,0.83,-143.98,-307.60,0.00,1.67,-3.59 
1747830138.92,0,-143.74,-308.41,1.82,0.42,0.46,-143.74,-308.41,0.00,1.59,-3.67 
1747830139.32,0,-143.25,-310.12,2.09,0.57,0.66,-143.25,-310.12,0.00,1.47,-3.87 
1747830139.42,0,-143.17,-310.69,2.24,0.66,1.38,-143.17,-310.69,0.00,1.42,-4.01 
1747830139.52,0,-143.03,-311.24,2.35,0.78,1.35,-143.03,-311.24,0.00,1.42,-4.13 
1747830139.62,0,-142.86,-311.62,1.38,0.20,0.44,-142.86,-311.62,0.00,1.44,-4.11 
1747830139.72,0,-142.71,-311.99,1.39,0.27,0.54,-142.71,-311.99,0.00,1.44,-4.07 
1747830139.92,0,-142.41,-312.79,1.88,0.34,0.72,-142.41,-312.79,0.00,1.46,-4.05 
1747830140.22,0,-141.93,-314.01,1.85,0.46,0.21,-141.93,-314.01,0.00,1.49,-4.06 
1747830140.32,0,-141.81,-314.52,1.47,0.67,0.39,-141.81,-314.52,0.00,1.47,-4.15 
1747830140.42,0,-141.72,-314.93,2.04,0.83,0.34,-141.72,-314.93,0.00,1.42,-4.15 
1747830140.62,0,-141.45,-315.81,1.65,0.37,0.45,-141.45,-315.81,0.00,1.41,-4.19 
1747830140.72,0,-141.37,-316.42,1.80,0.43,1.14,-141.37,-316.42,0.00,1.35,-4.36 
1747830140.82,0,-141.28,-316.97,1.97,0.50,1.10,-141.28,-316.97,0.00,1.31,-4.45 
1747830140.92,0,-141.14,-317.51,2.05,0.63,1.01,-141.14,-317.51,0.00,1.32,-4.54 
1747830141.02,0,-141.01,-318.00,2.15,0.75,1.00,-141.01,-318.00,0.00,1.32,-4.56 
1747830141.22,0,-140.73,-318.81,1.96,1.39,0.51,-140.73,-318.81,0.00,1.34,-4.48 
1747830141.32,0,-140.62,-319.36,2.75,1.12,1.11,-140.62,-319.36,0.00,1.31,-4.57 
1747830141.42,0,-140.49,-319.75,2.02,1.13,0.45,-140.49,-319.75,0.00,1.31,-4.51 
1747830141.52,0,-140.34,-320.22,1.57,0.66,0.47,-140.34,-320.22,0.00,1.33,-4.53 
1747830141.62,0,-140.18,-320.63,2.26,0.43,0.71,-140.18,-320.63,0.00,1.35,-4.49 
1747830141.82,0,-139.98,-321.79,2.46,0.50,1.40,-139.98,-321.79,0.00,1.29,-4.70 
1747830142.02,0,-139.84,-322.74,2.66,0.91,0.48,-139.84,-322.74,0.00,1.19,-4.71 
1747830142.12,0,-139.93,-323.32,2.84,1.06,0.88,-139.93,-323.32,0.00,1.03,-4.80 
1747830142.32,0,-139.88,-324.37,3.24,1.16,0.58,-139.88,-324.37,0.00,0.90,-4.87 
1747830142.42,0,-139.87,-324.85,2.58,1.00,0.40,-139.87,-324.85,0.00,0.83,-4.87 
1747830142.52,0,-139.84,-325.37,2.41,1.94,1.35,-139.84,-325.37,0.00,0.78,-4.90 
1747830142.72,0,-139.91,-326.47,3.68,1.57,1.09,-139.91,-326.47,0.00,0.60,-5.00 
1747830142.82,0,-139.99,-327.08,5.05,2.25,1.30,-139.99,-327.08,0.00,0.49,-5.09 
1747830143.12,0,-140.02,-328.80,4.08,1.66,1.28,-140.02,-328.80,0.00,0.35,-5.24 
1747830143.42,0,-140.04,-330.20,2.57,2.03,0.61,-140.04,-330.20,0.00,0.25,-5.10 
1747830143.52,0,-140.08,-330.62,2.57,1.71,0.51,-140.08,-330.62,0.00,0.20,-5.03 
1747830143.72,0,-140.12,-331.68,4.41,1.83,1.20,-140.12,-331.68,0.00,0.13,-5.08 
1747830143.82,0,-140.14,-332.05,2.95,1.67,0.56,-140.14,-332.05,0.00,0.10,-4.96 
1747830143.92,0,-140.09,-332.44,2.25,1.42,0.21,-140.09,-332.44,0.00,0.14,-4.87 
1747830144.32,0,-140.69,-334.27,2.56,2.04,0.90,-140.69,-334.27,0.00,-0.38,-4.78 
1747830144.42,0,-140.73,-334.75,1.41,0.40,0.90,-140.73,-334.75,0.00,-0.38,-4.78 
1747830144.52,0,-141.07,-335.50,1.52,0.44,1.25,-141.07,-335.50,0.00,-0.64,-5.01 
1747830144.62,0,-141.40,-336.13,1.63,0.50,1.19,-141.40,-336.13,0.00,-0.85,-5.12 
1747830144.72,0,-141.67,-336.55,1.72,0.60,0.42,-141.67,-336.55,0.00,-1.00,-5.04 
1747830144.82,0,-141.90,-336.95,1.84,0.71,0.31,-141.90,-336.95,0.00,-1.12,-4.96 
1747830145.02,0,-142.36,-338.00,2.00,0.80,1.12,-142.36,-338.00,0.00,-1.30,-5.00 
1747830145.12,0,-142.59,-338.54,2.16,0.95,1.10,-142.59,-338.54,0.00,-1.39,-5.04 
1747830145.22,0,-142.87,-338.97,2.38,1.09,0.55,-142.87,-338.97,0.00,-1.50,-4.98 
1747830145.42,0,-143.33,-339.88,2.59,1.26,0.91,-143.33,-339.88,0.00,-1.63,-4.91 
1747830145.52,0,-143.67,-340.31,2.74,1.54,0.81,-143.67,-340.31,0.00,-1.78,-4.86 
1747830145.92,0,-144.76,-342.06,3.06,1.74,0.31,-144.76,-342.06,0.00,-2.05,-4.71 
1747830146.32,0,-146.18,-343.89,3.35,2.00,0.86,-146.18,-343.89,0.00,-2.50,-4.67 
1747830146.42,0,-146.86,-344.28,3.63,2.27,0.74,-146.86,-344.28,0.00,-2.85,-4.61 
1747830146.72,0,-148.01,-345.30,4.68,3.29,0.18,-148.01,-345.30,0.00,-3.10,-4.31 
1747830146.82,0,-148.51,-345.66,3.88,2.36,0.71,-148.51,-345.66,0.00,-3.26,-4.25 
1747830147.02,0,-149.30,-346.35,4.29,2.59,0.54,-149.30,-346.35,0.00,-3.37,-4.11 
1747830147.42,0,-150.76,-347.54,4.60,3.66,0.88,-150.76,-347.54,0.00,-3.47,-3.76 
1747830147.72,0,-151.78,-348.27,7.62,2.73,0.43,-151.78,-348.27,0.00,-3.44,-3.44 
1747830147.82,0,-152.57,-348.54,5.71,2.54,0.35,-152.57,-348.54,0.00,-3.81,-3.38 
1747830148.12,0,-153.99,-349.34,5.01,2.54,0.30,-153.99,-349.34,0.00,-4.04,-3.21 
1747830148.32,0,-154.67,-349.65,8.13,2.76,0.34,-154.67,-349.65,0.00,-3.93,-2.93 
1747830148.42,0,-155.42,-349.74,6.07,3.28,0.08,-155.42,-349.74,0.00,-4.23,-2.76 
1747830148.52,0,-156.11,-349.95,6.12,2.20,0.19,-156.11,-349.95,0.00,-4.46,-2.70 
1747830148.62,0,-156.80,-350.13,5.50,2.35,0.13,-156.80,-350.13,0.00,-4.68,-2.62 
1747830148.72,0,-157.40,-350.31,5.22,2.28,0.12,-157.40,-350.31,0.00,-4.79,-2.55 
1747830149.02,0,-158.88,-350.79,5.01,3.13,1.33,-158.88,-350.79,0.00,-4.83,-2.31 
1747830149.32,0,-160.49,-351.22,3.24,5.22,1.24,-160.49,-351.22,0.00,-4.96,-2.10 
1747830149.42,0,-160.71,-351.20,8.92,2.81,0.04,-160.71,-351.20,0.00,-4.73,-1.91 
1747830149.62,0,-161.95,-351.29,3.18,6.48,1.20,-161.95,-351.29,0.00,-4.98,-1.67 
1747830149.82,0,-162.79,-351.39,2.83,7.97,1.46,-162.79,-351.39,0.00,-4.85,-1.47 
1747830149.92,0,-163.49,-351.37,5.56,3.62,0.20,-163.49,-351.37,0.00,-5.03,-1.32 
1747830150.12,0,-164.67,-351.32,3.59,6.13,1.29,-164.67,-351.32,0.00,-5.17,-1.07 
1747830150.32,0,-165.42,-351.37,2.90,8.90,1.37,-165.42,-351.37,0.00,-4.94,-0.93 
1747830150.42,0,-166.14,-351.21,2.84,6.80,1.34,-166.14,-351.21,0.00,-5.13,-0.72 
1747830150.52,0,-165.96,-350.91,4.52,6.56,0.13,-165.96,-350.91,0.00,-4.55,-0.40 
1747830150.62,0,-166.46,-350.85,2.44,8.53,1.26,-166.46,-350.85,0.00,-4.58,-0.32 
1747830150.92,0,-167.95,-350.69,3.38,8.64,1.13,-167.95,-350.69,0.00,-4.67,-0.12 
1747830151.32,0,-169.99,-350.32,3.17,9.14,1.01,-169.99,-350.32,0.00,-4.80,0.20 
1747830151.42,0,-170.97,-349.82,2.48,8.05,1.05,-170.97,-349.82,0.00,-5.20,0.58 
1747830151.52,0,-171.53,-349.61,2.41,8.31,1.00,-171.53,-349.61,0.00,-5.23,0.70 
1747830152.02,0,-174.01,-348.76,3.47,8.06,0.86,-174.01,-348.76,0.00,-5.13,1.08 
1747830152.12,0,-174.83,-348.13,2.42,7.06,0.86,-174.83,-348.13,0.00,-5.37,1.49 
1747830152.22,0,-175.15,-347.84,3.54,8.20,0.83,-175.15,-347.84,0.00,-5.19,1.61 
1747830152.62,0,-175.87,-347.00,3.82,9.60,1.22,-175.87,-347.00,0.00,-4.06,1.78 
1747830152.72,0,-176.48,-346.51,2.16,9.14,0.70,-176.48,-346.51,0.00,-4.24,2.04 
1747830152.92,0,-177.70,-345.50,2.37,7.84,0.65,-177.70,-345.50,0.00,-4.57,2.58 
1747830153.32,0,-179.78,-343.79,1.99,6.70,0.56,-179.78,-343.79,0.00,-4.77,3.12 
1747830153.42,0,-179.26,-343.80,2.18,7.75,1.02,-179.26,-343.80,0.00,-3.94,2.85 
1747830153.52,0,-179.71,-343.42,3.14,7.67,0.95,-179.71,-343.42,0.00,-3.99,2.94 
1747830153.62,0,-180.25,-342.71,3.05,7.48,0.51,-180.25,-342.71,0.00,-4.12,3.31 
1747830153.92,0,-181.57,-341.35,3.10,7.10,0.09,-181.57,-341.35,0.00,-4.19,3.63 
1747830154.02,0,-181.80,-340.94,3.32,8.43,0.78,-181.80,-340.94,0.00,-4.02,3.67 
1747830154.32,0,-182.98,-339.27,2.90,6.84,0.30,-182.98,-339.27,0.00,-4.00,4.14 
1747830154.42,0,-183.31,-338.47,4.54,6.31,0.36,-183.31,-338.47,0.00,-3.94,4.47 
1747830154.52,0,-183.68,-337.75,2.27,6.18,0.29,-183.68,-337.75,0.00,-3.92,4.71 
1747830154.82,0,-184.67,-335.94,2.82,5.36,0.21,-184.67,-335.94,0.00,-3.76,5.03 
1747830155.22,0,-185.40,-334.25,3.13,6.06,0.21,-185.40,-334.25,0.00,-3.17,4.79 
1747830155.62,0,-185.93,-332.68,3.80,9.00,0.16,-185.93,-332.68,0.00,-2.62,4.53 
1747830155.72,0,-185.81,-332.40,3.21,8.94,0.45,-185.81,-332.40,0.00,-2.32,4.39 
1747830155.92,0,-185.92,-331.69,4.45,9.08,0.08,-185.92,-331.69,0.00,-2.02,4.25 
1747830156.12,0,-186.28,-330.33,2.04,6.43,0.13,-186.28,-330.33,0.00,-1.98,4.69 
1747830156.22,0,-186.24,-329.86,2.38,6.78,0.42,-186.24,-329.86,0.00,-1.77,4.69 
1747830156.32,0,-186.12,-329.35,2.87,6.97,0.20,-186.12,-329.35,0.00,-1.51,4.73 
1747830156.42,0,-186.17,-328.85,2.40,7.50,0.21,-186.17,-328.85,0.00,-1.42,4.75 
1747830156.52,0,-186.24,-328.34,7.99,3.13,1.56,-186.24,-328.34,0.00,-1.35,4.78 
1747830156.62,0,-186.30,-327.75,3.23,7.26,0.40,-186.30,-327.75,0.00,-1.29,4.88 
1747830156.82,0,-186.54,-326.34,6.33,1.63,1.53,-186.54,-326.34,0.00,-1.27,5.26 
1747830156.92,0,-186.55,-325.44,2.57,5.98,0.00,-186.55,-325.44,0.00,-1.17,5.59 
1747830157.02,0,-186.60,-324.64,3.21,6.25,0.32,-186.60,-324.64,0.00,-1.11,5.81 
1747830157.12,0,-186.61,-323.99,4.50,1.95,1.12,-186.61,-323.99,0.00,-1.02,5.86 
1747830157.32,0,-186.75,-322.71,2.05,5.05,0.00,-186.75,-322.71,0.00,-0.97,5.96 
1747830157.42,0,-186.68,-322.02,4.30,2.18,1.25,-186.68,-322.02,0.00,-0.83,6.04 
1747830157.52,0,-186.74,-321.63,1.37,8.78,0.08,-186.74,-321.63,0.00,-0.81,5.85 
1747830157.62,0,-186.72,-321.07,3.42,2.47,1.08,-186.72,-321.07,0.00,-0.72,5.83 
1747830157.92,0,-186.89,-319.22,4.51,1.80,1.45,-186.89,-319.22,0.00,-0.68,5.91 
1747830158.12,0,-187.03,-318.42,9.25,1.75,1.44,-187.03,-318.42,0.00,-0.69,5.60 
1747830158.22,0,-187.01,-317.96,3.39,2.11,1.01,-187.01,-317.96,0.00,-0.61,5.52 
1747830158.32,0,-187.04,-317.43,1.94,2.53,0.07,-187.04,-317.43,0.00,-0.59,5.50 
1747830158.52,0,-187.15,-316.73,2.83,2.47,1.40,-187.15,-316.73,0.00,-0.58,5.16 
1747830158.62,0,-187.14,-316.25,3.15,1.90,1.05,-187.14,-316.25,0.00,-0.52,5.14 
1747830158.82,0,-187.19,-315.10,5.21,1.78,1.46,-187.19,-315.10,0.00,-0.48,5.24 
1747830158.92,0,-187.19,-314.46,5.21,1.76,1.46,-187.19,-314.46,0.00,-0.43,5.34 
1747830159.02,0,-187.21,-313.81,4.69,1.95,1.56,-187.21,-313.81,0.00,-0.41,5.44 
1747830159.32,0,-187.25,-312.12,4.82,1.84,1.43,-187.25,-312.12,0.00,-0.35,5.48 
1747830159.42,0,-187.31,-311.59,1.83,4.56,0.00,-187.31,-311.59,0.00,-0.37,5.46 
1747830159.52,0,-187.37,-311.07,4.61,1.89,1.34,-187.37,-311.07,0.00,-0.39,5.44 
1747830160.12,0,-187.54,-307.72,1.62,4.11,0.05,-187.54,-307.72,0.00,-0.35,5.50 
1747830160.42,0,-187.63,-306.41,3.08,1.67,1.57,-187.63,-306.41,0.00,-0.34,5.23 
1747830160.72,0,-187.66,-305.12,3.05,1.46,1.12,-187.66,-305.12,0.00,-0.28,5.00 
1747830160.92,0,-187.80,-304.51,3.31,1.20,1.29,-187.80,-304.51,0.00,-0.35,4.67 
1747830161.12,0,-188.01,-303.28,2.97,1.96,0.45,-188.01,-303.28,0.00,-0.47,4.93 
1747830161.22,0,-188.08,-302.92,2.69,1.18,0.97,-188.08,-302.92,0.00,-0.49,4.81 
1747830161.52,0,-188.28,-301.50,1.74,2.09,0.18,-188.28,-301.50,0.00,-0.53,4.79 
1747830161.62,0,-188.32,-301.07,1.48,2.35,0.17,-188.32,-301.07,0.00,-0.52,4.75 
1747830162.12,0,-188.41,-298.69,2.05,2.07,0.30,-188.41,-298.69,0.00,-0.40,4.75 
1747830162.62,0,-188.53,-296.17,1.77,1.58,0.01,-188.53,-296.17,0.00,-0.34,4.86 
1747830162.82,0,-188.69,-295.08,1.79,1.96,0.12,-188.69,-295.08,0.00,-0.42,4.95 
1747830162.92,0,-188.86,-294.86,2.86,1.25,0.51,-188.86,-294.86,0.00,-0.52,4.72 
1747830163.02,0,-188.94,-294.42,1.73,2.16,0.28,-188.94,-294.42,0.00,-0.55,4.69 
1747830163.22,0,-189.03,-293.61,1.73,3.17,0.27,-189.03,-293.61,0.00,-0.53,4.58 
1747830163.32,0,-188.99,-293.05,2.16,2.98,0.03,-188.99,-293.05,0.00,-0.44,4.67 
1747830163.52,0,-188.94,-291.99,2.23,2.63,0.03,-188.94,-291.99,0.00,-0.31,4.78 
1747830163.92,0,-188.86,-290.11,2.78,1.81,1.07,-188.86,-290.11,0.00,-0.15,4.76 
1747830164.12,0,-188.97,-289.05,1.78,1.97,1.56,-188.97,-289.05,0.00,-0.22,4.84 
1747830164.32,0,-189.17,-288.22,2.26,2.04,0.06,-189.17,-288.22,0.00,-0.34,4.73 
1747830164.42,0,-189.26,-287.71,1.88,2.81,0.05,-189.26,-287.71,0.00,-0.39,4.76 
1747830164.52,0,-189.46,-287.26,2.77,2.68,1.06,-189.46,-287.26,0.00,-0.53,4.74 
1747830164.62,0,-189.46,-286.71,2.33,2.20,1.54,-189.46,-286.71,0.00,-0.48,4.80 
1747830164.72,0,-189.48,-286.13,1.92,3.30,0.10,-189.48,-286.13,0.00,-0.46,4.89 
1747830165.02,0,-189.57,-284.83,1.82,1.59,0.34,-189.57,-284.83,0.00,-0.42,4.75 
1747830165.32,0,-189.87,-283.52,2.68,1.39,0.35,-189.87,-283.52,0.00,-0.56,4.66 
1747830165.42,0,-189.90,-283.14,1.85,1.49,0.36,-189.90,-283.14,0.00,-0.54,4.59 
1747830165.52,0,-189.82,-282.63,1.47,2.70,1.52,-189.82,-282.63,0.00,-0.42,4.64 
1747830165.62,0,-189.76,-282.08,2.21,2.59,0.02,-189.76,-282.08,0.00,-0.34,4.71 
1747830165.82,0,-189.78,-281.24,2.66,2.33,0.90,-189.78,-281.24,0.00,-0.29,4.62 
1747830165.92,0,-189.90,-280.61,2.15,3.23,0.22,-189.90,-280.61,0.00,-0.38,4.76 
1747830166.02,0,-189.96,-280.11,1.83,3.02,0.27,-189.96,-280.11,0.00,-0.39,4.78 
1747830166.22,0,-189.96,-279.09,2.21,2.88,0.26,-189.96,-279.09,0.00,-0.33,4.84 
1747830166.32,0,-190.03,-278.60,1.73,2.83,0.22,-190.03,-278.60,0.00,-0.36,4.84 
1747830166.52,0,-190.13,-277.82,1.95,1.99,0.08,-190.13,-277.82,0.00,-0.38,4.68 
1747830166.62,0,-190.08,-277.46,1.88,1.78,0.38,-190.08,-277.46,0.00,-0.31,4.60 
1747830166.72,0,-189.91,-277.04,2.79,1.29,0.18,-189.91,-277.04,0.00,-0.14,4.56 
1747830166.72,1,-189.99,-286.97,1.18,0.13,1.00,-189.99,-286.97,0.00,-0.62,5.57 
1747830166.92,0,-189.78,-276.15,1.88,0.69,0.24,-189.78,-276.15,0.00,-0.01,4.54 
1747830167.02,0,-189.82,-275.75,1.01,0.55,0.17,-189.82,-275.75,0.00,-0.04,4.49 
1747830167.22,0,-189.88,-274.91,1.47,0.51,0.33,-189.88,-274.91,0.00,-0.09,4.45 
1747830167.22,1,-192.16,-284.53,1.21,0.17,1.09,-192.16,-284.53,0.00,-1.59,5.38 
1747830167.42,0,-189.81,-274.06,1.56,0.59,0.17,-189.81,-274.06,0.00,-0.01,4.42 
1747830167.42,1,-192.48,-283.46,1.09,0.12,1.09,-192.48,-283.46,0.00,-1.59,5.38 
1747830167.52,0,-189.73,-273.60,0.92,1.59,1.08,-189.73,-273.60,0.00,0.05,4.43 
1747830167.52,1,-192.64,-282.92,1.09,0.12,1.09,-192.64,-282.92,0.00,-1.59,5.38 
1747830167.72,0,-189.97,-272.51,1.03,1.79,0.46,-189.97,-272.51,0.00,-0.15,4.60 
1747830167.72,1,-192.96,-281.84,1.09,0.12,1.09,-192.96,-281.84,0.00,-1.59,5.38 
1747830168.02,0,-190.19,-270.98,1.16,2.00,0.30,-190.19,-270.98,0.00,-0.28,4.72 
1747830168.02,1,-193.44,-280.23,1.09,0.12,1.09,-193.44,-280.23,0.00,-1.59,5.38 
1747830168.12,0,-190.37,-270.32,1.28,2.28,0.15,-190.37,-270.32,0.00,-0.41,4.86 
1747830168.12,1,-193.59,-279.69,1.09,0.12,1.09,-193.59,-279.69,0.00,-1.59,5.38 
1747830168.82,0,-190.50,-267.08,1.38,2.67,0.48,-190.50,-267.08,0.00,-0.32,4.77 
1747830168.82,1,-194.71,-275.93,1.09,0.12,1.09,-194.71,-275.93,0.00,-1.59,5.38 
1747830169.12,0,-190.62,-265.37,1.53,2.97,0.52,-190.62,-265.37,0.00,-0.34,4.99 
1747830169.12,1,-195.18,-274.31,1.09,0.12,1.09,-195.18,-274.31,0.00,-1.59,5.38 
1747830169.22,0,-190.67,-264.95,1.82,3.57,0.44,-190.67,-264.95,0.00,-0.36,4.92 
1747830169.22,1,-195.34,-273.78,1.09,0.12,1.09,-195.34,-273.78,0.00,-1.59,5.38 
1747830169.32,0,-190.72,-264.37,1.72,3.97,0.34,-190.72,-264.37,0.00,-0.36,5.00 
1747830169.32,1,-195.50,-273.24,1.09,0.12,1.09,-195.50,-273.24,0.00,-1.59,5.38 
1747830169.82,0,-191.08,-261.97,2.31,3.90,0.16,-191.08,-261.97,0.00,-0.51,4.92 
1747830169.82,1,-196.29,-270.56,1.09,0.12,1.09,-196.29,-270.56,0.00,-1.59,5.38 
1747830170.12,0,-191.38,-260.70,2.30,3.26,0.28,-191.38,-260.70,0.00,-0.63,4.75 
1747830170.12,1,-196.77,-268.94,1.09,0.12,1.09,-196.77,-268.94,0.00,-1.59,5.38 
1747830170.22,0,-191.50,-260.37,2.18,3.44,0.22,-191.50,-260.37,0.00,-0.68,4.63 
1747830170.22,1,-196.93,-268.41,1.09,0.12,1.09,-196.93,-268.41,0.00,-1.59,5.38 
1747830170.42,0,-191.74,-259.38,2.01,3.42,0.26,-191.74,-259.38,0.00,-0.77,4.68 
1747830170.42,1,-197.25,-267.33,1.09,0.12,1.09,-197.25,-267.33,0.00,-1.59,5.38 
1747830170.52,0,-191.91,-259.11,2.54,4.30,0.40,-191.91,-259.11,0.00,-0.86,4.50 
1747830170.72,0,-192.21,-258.17,2.22,3.85,0.30,-192.21,-258.17,0.00,-0.97,4.53 
1747830170.82,0,-192.33,-257.74,1.87,3.46,0.31,-192.33,-257.74,0.00,-0.99,4.52 
1747830170.92,0,-192.37,-257.26,2.13,3.47,0.16,-192.37,-257.26,0.00,-0.94,4.54 
1747830171.02,0,-192.42,-256.86,3.45,2.94,1.23,-192.42,-256.86,0.00,-0.90,4.49 
1747830171.12,0,-192.40,-256.35,2.73,3.05,0.26,-192.40,-256.35,0.00,-0.80,4.55 
1747830171.42,0,-192.53,-254.92,2.40,2.55,0.24,-192.53,-254.92,0.00,-0.70,4.60 
1747830171.52,0,-192.54,-254.57,1.93,4.27,0.28,-192.54,-254.57,0.00,-0.65,4.51 
1747830171.62,0,-192.58,-254.24,1.85,4.43,0.24,-192.58,-254.24,0.00,-0.64,4.40 
1747830171.82,0,-192.73,-253.26,1.81,4.51,0.19,-192.73,-253.26,0.00,-0.65,4.49 
1747830172.22,0,-192.96,-251.35,1.81,4.38,0.08,-192.96,-251.35,0.00,-0.63,4.58 
1747830172.32,0,-193.02,-250.77,1.89,4.41,0.21,-193.02,-250.77,0.00,-0.63,4.67 
1747830172.42,0,-193.09,-250.47,3.46,3.22,1.04,-193.09,-250.47,0.00,-0.63,4.53 
1747830172.52,0,-193.12,-250.13,1.69,4.29,0.20,-193.12,-250.13,0.00,-0.60,4.43 
1747830172.62,0,-193.09,-249.71,2.39,3.68,0.11,-193.09,-249.71,0.00,-0.52,4.41 
1747830172.72,0,-193.09,-249.30,2.05,3.71,0.12,-193.09,-249.30,0.00,-0.48,4.38 
1747830172.92,0,-193.16,-248.38,2.42,2.98,0.14,-193.16,-248.38,0.00,-0.45,4.43 
1747830173.02,0,-193.20,-247.98,1.76,3.39,0.19,-193.20,-247.98,0.00,-0.45,4.39 
1747830173.22,0,-193.33,-247.14,1.99,3.44,0.17,-193.33,-247.14,0.00,-0.48,4.36 
1747830173.32,0,-193.45,-246.75,2.39,3.54,0.20,-193.45,-246.75,0.00,-0.55,4.32 
1747830173.42,0,-193.55,-246.37,1.98,3.68,0.17,-193.55,-246.37,0.00,-0.58,4.27 
1747830173.72,0,-193.71,-245.06,1.74,3.36,0.14,-193.71,-245.06,0.00,-0.58,4.29 
1747830174.02,0,-193.95,-243.73,2.03,2.47,0.28,-193.95,-243.73,0.00,-0.62,4.32 
1747830174.22,0,-194.14,-242.88,2.03,3.26,0.14,-194.14,-242.88,0.00,-0.68,4.32 
1747830174.42,0,-194.37,-241.98,3.09,3.15,1.04,-194.37,-241.98,0.00,-0.75,4.34 
1747830174.52,0,-194.49,-241.47,3.22,3.17,1.26,-194.49,-241.47,0.00,-0.80,4.41 
1747830174.62,0,-194.59,-241.00,2.90,2.97,1.21,-194.59,-241.00,0.00,-0.81,4.43 
1747830174.82,0,-194.68,-240.03,3.35,2.68,1.07,-194.68,-240.03,0.00,-0.75,4.50 
1747830174.92,0,-194.71,-239.56,3.04,2.83,1.18,-194.71,-239.56,0.00,-0.71,4.52 
1747830175.02,0,-194.73,-239.13,2.02,3.06,0.20,-194.73,-239.13,0.00,-0.67,4.50 
1747830175.32,0,-194.88,-237.73,2.07,3.06,0.19,-194.88,-237.73,0.00,-0.62,4.54 
1747830175.42,0,-194.90,-237.26,2.05,3.00,0.17,-194.90,-237.26,0.00,-0.59,4.55 
1747830175.62,0,-194.89,-236.32,2.26,3.36,1.12,-194.89,-236.32,0.00,-0.48,4.57 
1747830175.72,0,-194.87,-235.68,4.64,3.06,0.97,-194.87,-235.68,0.00,-0.42,4.73 
1747830175.82,0,-194.98,-235.00,1.97,4.29,0.27,-194.98,-235.00,0.00,-0.48,4.91 
1747830175.92,0,-195.14,-234.51,3.69,2.24,0.31,-195.14,-234.51,0.00,-0.58,4.91 
1747830176.12,0,-195.22,-233.50,2.50,2.77,0.10,-195.22,-233.50,0.00,-0.55,4.93 
1747830176.22,0,-195.30,-233.02,1.90,2.36,0.18,-195.30,-233.02,0.00,-0.57,4.92 
1747830176.32,0,-195.39,-232.49,1.90,2.74,0.18,-195.39,-232.49,0.00,-0.60,4.96 
1747830176.42,0,-195.48,-231.96,1.93,3.29,0.20,-195.48,-231.96,0.00,-0.63,4.99 
1747830176.72,0,-195.75,-230.31,1.98,4.06,0.17,-195.75,-230.31,0.00,-0.69,5.10 
1747830176.92,0,-195.90,-229.29,1.68,2.53,0.24,-195.90,-229.29,0.00,-0.70,5.11 
1747830177.12,0,-196.05,-228.28,1.73,2.08,0.22,-196.05,-228.28,0.00,-0.71,5.10 
1747830177.62,0,-196.44,-225.67,1.62,2.19,0.21,-196.44,-225.67,0.00,-0.73,5.14 
1747830177.92,0,-196.62,-224.06,1.72,1.89,0.09,-196.62,-224.06,0.00,-0.70,5.19 
1747830178.12,0,-196.65,-222.96,2.05,1.63,0.27,-196.65,-222.96,0.00,-0.61,5.24 
1747830178.32,0,-196.77,-221.89,2.77,1.56,0.26,-196.77,-221.89,0.00,-0.61,5.26 
1747830178.52,0,-196.77,-220.81,2.14,1.34,0.21,-196.77,-220.81,0.00,-0.51,5.28 
1747830178.62,0,-196.82,-220.33,1.59,1.60,0.12,-196.82,-220.33,0.00,-0.50,5.25 
1747830178.82,0,-197.05,-219.21,1.73,1.80,0.12,-197.05,-219.21,0.00,-0.62,5.30 
1747830178.92,0,-197.21,-218.59,2.02,2.87,0.14,-197.21,-218.59,0.00,-0.70,5.39 
1747830179.22,0,-197.45,-216.90,1.57,2.56,0.10,-197.45,-216.90,0.00,-0.72,5.45 
1747830179.32,0,-197.51,-216.26,1.68,2.97,0.19,-197.51,-216.26,0.00,-0.72,5.52 
1747830179.42,0,-197.60,-215.79,2.12,1.74,1.43,-197.60,-215.79,0.00,-0.73,5.46 
1747830179.52,0,-197.66,-215.27,1.66,1.82,1.51,-197.66,-215.27,0.00,-0.72,5.43 
1747830179.92,0,-197.93,-213.01,1.65,2.32,0.44,-197.93,-213.01,0.00,-0.70,5.50 
1747830180.02,0,-198.03,-212.43,1.36,2.16,0.47,-198.03,-212.43,0.00,-0.73,5.53 
1747830180.52,0,-198.37,-209.62,1.68,2.25,0.06,-198.37,-209.62,0.00,-0.71,5.56 
1747830180.72,0,-198.49,-208.59,1.65,1.69,0.13,-198.49,-208.59,0.00,-0.69,5.49 
1747830180.82,0,-198.59,-207.87,1.66,2.15,0.16,-198.59,-207.87,0.00,-0.72,5.63 
1747830181.22,0,-198.78,-205.60,1.91,2.55,0.14,-198.78,-205.60,0.00,-0.64,5.65 
1747830181.52,0,-198.88,-203.97,2.23,1.87,1.54,-198.88,-203.97,0.00,-0.57,5.60 
1747830181.62,0,-198.89,-203.49,1.84,2.48,0.01,-198.89,-203.49,0.00,-0.53,5.53 
1747830181.72,0,-198.90,-202.72,1.85,3.09,0.01,-198.90,-202.72,0.00,-0.49,5.72 
1747830181.82,0,-198.93,-202.05,4.58,1.65,1.45,-198.93,-202.05,0.00,-0.47,5.80 
1747830182.02,0,-199.00,-200.99,1.93,2.87,0.03,-199.00,-200.99,0.00,-0.45,5.72 
1747830182.12,0,-199.00,-200.51,2.45,2.61,0.17,-199.00,-200.51,0.00,-0.41,5.64 
1747830182.22,0,-199.06,-199.84,2.77,4.41,0.39,-199.06,-199.84,0.00,-0.43,5.73 
1747830182.32,0,-199.11,-199.11,5.05,1.71,1.56,-199.11,-199.11,0.00,-0.43,5.87 
1747830182.72,0,-199.07,-196.89,5.11,2.15,1.06,-199.07,-196.89,0.00,-0.27,5.77 
1747830183.22,0,-199.00,-193.65,5.70,1.99,1.37,-199.00,-193.65,0.00,-0.12,6.03 
1747830183.32,0,-199.05,-193.16,2.05,3.29,0.01,-199.05,-193.16,0.00,-0.15,5.94 
1747830183.42,0,-198.98,-192.63,2.68,1.92,0.85,-198.98,-192.63,0.00,-0.08,5.89 
1747830183.52,0,-199.02,-192.04,3.37,1.96,1.05,-199.02,-192.04,0.00,-0.11,5.88 
1747830183.72,0,-198.88,-190.80,1.95,2.77,1.53,-198.88,-190.80,0.00,0.04,5.94 
1747830183.82,0,-198.75,-189.99,2.75,2.66,1.49,-198.75,-189.99,0.00,0.16,6.15 
1747830183.92,0,-198.59,-189.29,3.07,2.20,1.34,-198.59,-189.29,0.00,0.29,6.23 
1747830184.12,0,-198.32,-188.03,3.76,2.29,0.89,-198.32,-188.03,0.00,0.49,6.24 
1747830184.22,0,-197.95,-187.15,4.31,2.48,1.25,-197.95,-187.15,0.00,0.79,6.48 
1747830184.32,0,-197.65,-186.56,4.80,2.76,0.90,-197.65,-186.56,0.00,0.99,6.42 
1747830184.42,0,-197.28,-185.86,5.91,3.91,0.98,-197.28,-185.86,0.00,1.23,6.47 
1747830184.82,0,-196.63,-183.23,4.89,2.11,0.82,-196.63,-183.23,0.00,1.35,6.51 
1747830185.02,0,-196.28,-181.76,4.98,1.64,1.07,-196.28,-181.76,0.00,1.42,6.64 
1747830185.12,0,-196.39,-181.36,5.91,1.73,0.86,-196.39,-181.36,0.00,1.21,6.43 
1747830185.52,0,-195.38,-178.75,5.71,3.44,0.90,-195.38,-178.75,0.00,1.62,6.45 
1747830185.82,0,-194.20,-176.86,5.90,3.32,0.81,-194.20,-176.86,0.00,2.17,6.41 
1747830185.92,0,-193.53,-176.29,5.69,3.32,0.66,-193.53,-176.29,0.00,2.54,6.35 
1747830186.02,0,-192.96,-175.72,5.67,3.25,0.71,-192.96,-175.72,0.00,2.81,6.30 
1747830186.12,0,-192.47,-175.13,5.51,3.13,0.76,-192.47,-175.13,0.00,2.99,6.26 
1747830186.52,0,-190.90,-172.82,5.45,3.58,0.49,-190.90,-172.82,0.00,3.29,6.11 
1747830186.82,0,-189.43,-171.41,5.17,4.40,0.54,-189.43,-171.41,0.00,3.68,5.77 
1747830186.92,0,-189.23,-171.23,8.96,3.73,0.43,-189.23,-171.23,0.00,3.55,5.43 
1747830187.02,0,-188.57,-170.78,5.93,3.51,0.54,-188.57,-170.78,0.00,3.80,5.36 
1747830187.22,0,-187.56,-169.90,5.36,3.93,0.40,-187.56,-169.90,0.00,4.02,5.19 
1747830187.32,0,-187.52,-169.54,11.29,2.46,0.25,-187.52,-169.54,0.00,3.71,5.05 
1747830187.42,0,-186.81,-169.19,6.46,4.16,0.32,-186.81,-169.19,0.00,4.00,4.91 
1747830187.52,0,-186.57,-168.95,10.35,3.56,0.30,-186.57,-168.95,0.00,3.86,4.69 
1747830187.72,0,-185.44,-168.15,7.63,3.63,0.19,-185.44,-168.15,0.00,4.18,4.56 
1747830187.82,0,-185.10,-167.99,9.85,4.00,0.28,-185.10,-167.99,0.00,4.11,4.30 
1747830188.12,0,-183.76,-167.03,9.59,3.88,0.17,-183.76,-167.03,0.00,4.20,4.04 
1747830188.22,0,-183.23,-166.90,9.49,4.05,0.13,-183.23,-166.90,0.00,4.29,3.81 
1747830188.32,0,-182.73,-166.65,3.53,9.48,1.50,-182.73,-166.65,0.00,4.34,3.70 
1747830188.42,0,-181.99,-166.43,3.51,9.27,1.48,-181.99,-166.43,0.00,4.61,3.57 
1747830188.52,0,-181.18,-166.19,2.96,8.88,1.43,-181.18,-166.19,0.00,4.91,3.47 
1747830188.72,0,-179.88,-165.80,4.77,9.50,1.39,-179.88,-165.80,0.00,5.18,3.21 
1747830189.02,0,-177.97,-165.25,4.31,9.40,1.28,-177.97,-165.25,0.00,5.47,2.88 
1747830190.02,0,-171.16,-164.96,3.82,9.34,0.94,-171.16,-164.96,0.00,6.02,1.82 
1747830190.12,0,-170.49,-165.41,3.14,8.80,0.96,-170.49,-165.41,0.00,6.06,1.43 
1747830190.22,0,-169.76,-165.64,2.83,8.10,0.83,-169.76,-165.64,0.00,6.17,1.11 
1747830190.32,0,-169.10,-165.94,3.68,8.43,0.82,-169.10,-165.94,0.00,6.21,0.67 
1747830190.42,0,-168.35,-166.23,2.68,7.95,0.81,-168.35,-166.23,0.00,6.37,0.24 
1747830190.52,0,-167.72,-166.46,2.99,7.96,0.73,-167.72,-166.46,0.00,6.36,-0.09 
1747830190.62,0,-167.03,-166.89,3.36,7.48,0.80,-167.03,-166.89,0.00,6.44,-0.63 
1747830191.02,0,-164.56,-168.01,3.43,7.26,0.75,-164.56,-168.01,0.00,6.33,-1.52 
1747830191.12,0,-164.21,-168.46,3.68,7.03,0.57,-164.21,-168.46,0.00,6.04,-1.82 
1747830191.22,0,-163.75,-168.88,3.01,6.84,0.50,-163.75,-168.88,0.00,5.90,-2.06 
1747830191.32,0,-163.25,-169.29,2.67,7.14,0.48,-163.25,-169.29,0.00,5.81,-2.25 
1747830191.62,0,-161.85,-170.15,3.21,7.03,0.41,-161.85,-170.15,0.00,5.50,-2.41 
1747830191.72,0,-161.49,-170.61,2.94,7.31,0.35,-161.49,-170.61,0.00,5.34,-2.62 
1747830191.82,0,-161.15,-170.99,2.87,7.33,0.33,-161.15,-170.99,0.00,5.16,-2.72 
1747830191.92,0,-160.72,-171.70,3.14,7.30,0.44,-160.72,-171.70,0.00,5.08,-3.11 
1747830192.02,0,-160.35,-172.14,2.73,7.20,0.22,-160.35,-172.14,0.00,4.96,-3.23 
1747830192.12,0,-159.96,-172.62,2.65,7.33,0.17,-159.96,-172.62,0.00,4.86,-3.37 
1747830192.92,0,-157.44,-177.09,4.76,7.33,0.11,-157.44,-177.09,0.00,4.17,-4.26 
1747830193.22,0,-157.18,-179.14,6.45,4.01,1.20,-157.18,-179.14,0.00,3.39,-4.87 
1747830193.62,0,-157.04,-181.39,6.48,4.54,1.47,-157.04,-181.39,0.00,2.38,-5.13 
1747830193.72,0,-157.38,-182.12,5.59,4.15,1.56,-157.38,-182.12,0.00,1.87,-5.32 
1747830193.82,0,-157.45,-182.74,5.39,2.84,1.52,-157.45,-182.74,0.00,1.63,-5.40 
1747830194.02,0,-157.39,-184.03,2.72,5.39,0.02,-157.39,-184.03,0.00,1.38,-5.60 
1747830194.22,0,-157.58,-185.37,5.40,4.55,1.52,-157.58,-185.37,0.00,0.95,-5.80 
1747830194.62,0,-157.68,-187.77,5.11,3.77,1.40,-157.68,-187.77,0.00,0.57,-5.87 
1747830194.72,0,-157.80,-187.93,9.07,3.54,1.42,-157.80,-187.93,0.00,0.41,-5.51 
1747830194.82,0,-157.98,-188.25,8.52,4.26,1.41,-157.98,-188.25,0.00,0.23,-5.31 
1747830194.92,0,-158.08,-188.75,3.13,7.78,0.21,-158.08,-188.75,0.00,0.12,-5.28 
1747830195.02,0,-158.19,-189.25,3.61,7.66,0.10,-158.19,-189.25,0.00,0.01,-5.26 
1747830195.12,0,-158.31,-189.74,3.30,8.49,0.19,-158.31,-189.74,0.00,-0.10,-5.22 
1747830195.22,0,-158.42,-190.18,8.78,3.84,1.44,-158.42,-190.18,0.00,-0.19,-5.15 
1747830195.32,0,-158.49,-190.68,7.99,3.14,1.37,-158.49,-190.68,0.00,-0.24,-5.14 
1747830195.42,0,-158.43,-191.18,8.68,2.28,1.37,-158.43,-191.18,0.00,-0.16,-5.12 
1747830195.52,0,-158.42,-191.69,6.94,1.88,1.49,-158.42,-191.69,0.00,-0.14,-5.12 
1747830195.62,0,-158.45,-192.59,7.66,2.29,1.35,-158.45,-192.59,0.00,-0.15,-5.47 
1747830195.72,0,-158.53,-193.18,8.30,2.69,1.33,-158.53,-193.18,0.00,-0.21,-5.51 
1747830195.92,0,-158.67,-194.71,7.80,1.71,1.30,-158.67,-194.71,0.00,-0.30,-5.87 
1747830196.12,0,-158.86,-196.19,7.22,2.27,1.26,-158.86,-196.19,0.00,-0.40,-6.14 
1747830196.32,0,-158.97,-197.76,6.50,1.85,1.43,-158.97,-197.76,0.00,-0.42,-6.41 
1747830196.42,0,-159.01,-198.64,6.04,1.84,1.44,-159.01,-198.64,0.00,-0.43,-6.61 
1747830196.52,0,-159.10,-199.25,2.87,2.94,0.59,-159.10,-199.25,0.00,-0.47,-6.57 
1747830196.62,0,-159.19,-200.02,5.73,1.70,1.26,-159.19,-200.02,0.00,-0.50,-6.66 
1747830197.32,0,-159.72,-204.75,2.36,2.11,1.45,-159.72,-204.75,0.00,-0.60,-6.70 
1747830197.42,0,-159.99,-205.64,3.00,2.11,1.18,-159.99,-205.64,0.00,-0.74,-6.85 
1747830197.52,0,-160.25,-206.42,5.30,2.23,1.17,-160.25,-206.42,0.00,-0.90,-6.93 
1747830197.62,0,-160.19,-206.95,3.02,2.16,0.84,-160.19,-206.95,0.00,-0.76,-6.78 
1747830197.82,0,-160.42,-208.10,1.90,2.33,0.25,-160.42,-208.10,0.00,-0.84,-6.57 
1747830197.92,0,-160.69,-208.71,3.15,2.46,0.88,-160.69,-208.71,0.00,-1.03,-6.52 
1747830198.32,0,-160.95,-211.33,1.95,2.67,0.61,-160.95,-211.33,0.00,-0.90,-6.53 
1747830198.42,0,-161.10,-211.87,1.73,2.08,0.54,-161.10,-211.87,0.00,-0.95,-6.43 
1747830198.52,0,-161.33,-212.57,3.25,1.74,0.81,-161.33,-212.57,0.00,-1.07,-6.48 
1747830198.82,0,-161.49,-214.89,3.65,1.90,1.51,-161.49,-214.89,0.00,-0.93,-6.81 
1747830198.92,0,-161.51,-215.81,4.53,2.13,1.49,-161.51,-215.81,0.00,-0.87,-7.01 
1747830199.02,0,-161.72,-216.36,2.72,2.71,0.84,-161.72,-216.36,0.00,-0.98,-6.88 
1747830199.22,0,-161.94,-217.59,1.75,1.86,1.22,-161.94,-217.59,0.00,-1.00,-6.75 
1747830199.32,0,-162.18,-218.30,1.84,2.31,0.09,-162.18,-218.30,0.00,-1.12,-6.78 
1747830199.52,0,-162.36,-219.55,1.85,1.54,1.04,-162.36,-219.55,0.00,-1.08,-6.69 
1747830199.62,0,-162.38,-220.11,1.46,1.72,0.31,-162.38,-220.11,0.00,-1.01,-6.60 
1747830199.72,0,-162.28,-220.67,2.71,1.64,0.07,-162.28,-220.67,0.00,-0.83,-6.52 
1747830199.92,0,-162.15,-222.10,3.25,2.71,0.04,-162.15,-222.10,0.00,-0.59,-6.63 
1747830200.02,0,-161.97,-222.83,3.20,2.48,0.90,-161.97,-222.83,0.00,-0.38,-6.68 
1747830200.11,0,-161.81,-223.50,2.82,1.05,0.30,-161.81,-223.50,0.00,-0.21,-6.68 
1747830200.32,0,-162.02,-224.73,1.37,4.04,1.25,-162.02,-224.73,0.00,-0.35,-6.60 
1747830200.42,0,-162.16,-225.46,2.46,3.61,0.57,-162.16,-225.46,0.00,-0.44,-6.65 
1747830200.52,0,-162.31,-226.19,4.13,2.51,1.52,-162.31,-226.19,0.00,-0.53,-6.70 
1747830200.62,0,-162.56,-226.81,3.03,5.73,0.50,-162.56,-226.81,0.00,-0.69,-6.65 
1747830200.72,0,-162.75,-227.50,1.08,2.95,1.52,-162.75,-227.50,0.00,-0.80,-6.67 
1747830200.82,0,-162.98,-228.23,1.57,2.90,0.95,-162.98,-228.23,0.00,-0.92,-6.73 
1747830200.92,0,-163.08,-228.91,2.60,2.09,0.66,-163.08,-228.91,0.00,-0.93,-6.74 
1747830201.02,0,-163.19,-229.68,2.96,2.27,1.46,-163.19,-229.68,0.00,-0.95,-6.83 
1747830201.12,0,-163.20,-230.25,2.92,2.96,0.83,-163.20,-230.25,0.00,-0.87,-6.73 
1747830201.32,0,-163.30,-231.74,3.66,2.67,1.33,-163.30,-231.74,0.00,-0.81,-6.86 
1747830201.42,0,-163.35,-232.41,3.24,3.23,0.98,-163.35,-232.41,0.00,-0.79,-6.84 
1747830201.72,0,-163.65,-234.66,4.49,1.74,1.37,-163.65,-234.66,0.00,-0.83,-6.99 
1747830201.82,0,-163.69,-235.42,1.88,4.39,0.17,-163.69,-235.42,0.00,-0.81,-7.03 
1747830202.02,0,-163.84,-236.75,2.18,4.35,0.57,-163.84,-236.75,0.00,-0.79,-6.97 
1747830202.42,0,-164.20,-239.50,1.90,3.85,0.09,-164.20,-239.50,0.00,-0.83,-6.95 
1747830202.72,0,-164.51,-241.59,1.50,3.26,0.41,-164.51,-241.59,0.00,-0.88,-6.95 
1747830202.92,0,-164.87,-242.95,2.39,3.89,0.06,-164.87,-242.95,0.00,-1.03,-6.92 
1747830203.02,0,-165.11,-243.44,1.46,2.80,1.24,-165.11,-243.44,0.00,-1.14,-6.76 
1747830203.12,0,-165.33,-244.19,1.63,3.12,0.16,-165.33,-244.19,0.00,-1.23,-6.82 
1747830203.32,0,-165.69,-245.34,2.08,2.38,0.19,-165.69,-245.34,0.00,-1.33,-6.63 
1747830203.42,0,-165.74,-245.92,1.92,2.56,0.83,-165.74,-245.92,0.00,-1.26,-6.56 
1747830203.52,0,-165.87,-246.67,4.74,1.65,1.49,-165.87,-246.67,0.00,-1.26,-6.65 
1747830203.82,0,-166.04,-248.78,2.54,4.49,0.24,-166.04,-248.78,0.00,-1.09,-6.74 
1747830204.02,0,-166.09,-250.04,2.54,2.76,1.43,-166.09,-250.04,0.00,-0.95,-6.67 
1747830204.12,0,-165.99,-250.87,2.51,4.14,0.12,-165.99,-250.87,0.00,-0.79,-6.81 
1747830204.22,0,-165.90,-251.62,2.72,3.46,0.20,-165.90,-251.62,0.00,-0.64,-6.86 
1747830204.32,0,-165.87,-252.38,2.34,3.89,0.04,-165.87,-252.38,0.00,-0.56,-6.93 
1747830204.42,0,-165.85,-253.13,2.12,3.12,0.09,-165.85,-253.13,0.00,-0.49,-6.98 
1747830204.52,0,-165.75,-253.83,2.82,4.52,0.28,-165.75,-253.83,0.00,-0.36,-6.97 
1747830205.12,0,-166.15,-257.94,2.13,3.86,0.20,-166.15,-257.94,0.00,-0.48,-6.93 
1747830205.22,0,-166.30,-258.25,2.45,4.22,0.92,-166.30,-258.25,0.00,-0.55,-6.65 
1747830205.52,0,-166.19,-260.35,2.74,3.70,0.06,-166.19,-260.35,0.00,-0.32,-6.74 
1747830205.82,0,-166.21,-262.17,2.02,4.31,0.18,-166.21,-262.17,0.00,-0.25,-6.57 
1747830205.92,0,-166.32,-262.45,1.82,3.30,0.24,-166.32,-262.45,0.00,-0.32,-6.24 
1747830206.02,0,-166.27,-263.09,2.06,1.95,0.19,-166.27,-263.09,0.00,-0.25,-6.25 
1747830206.12,0,-166.29,-263.58,1.75,2.45,0.01,-166.29,-263.58,0.00,-0.24,-6.13 
1747830206.32,0,-166.56,-264.77,2.26,2.43,1.00,-166.56,-264.77,0.00,-0.45,-6.09 
1747830206.42,0,-166.77,-265.29,2.62,1.65,0.16,-166.77,-265.29,0.00,-0.60,-6.01 
1747830206.72,0,-166.81,-267.02,2.03,1.60,0.70,-166.81,-267.02,0.00,-0.48,-5.95 
1747830207.22,0,-166.87,-270.35,2.01,2.13,0.21,-166.87,-270.35,0.00,-0.35,-6.20 
1747830207.32,0,-166.87,-271.01,1.70,4.00,0.28,-166.87,-271.01,0.00,-0.33,-6.24 
1747830207.62,0,-167.05,-273.17,2.13,4.32,0.17,-167.05,-273.17,0.00,-0.39,-6.47 
1747830207.72,0,-167.15,-273.80,1.90,4.07,0.27,-167.15,-273.80,0.00,-0.44,-6.46 
1747830208.72,0,-167.61,-279.29,1.88,1.85,0.24,-167.61,-279.29,0.00,-0.45,-6.02 
1747830209.12,0,-167.87,-281.73,2.98,1.98,1.51,-167.87,-281.73,0.00,-0.51,-6.05 
1747830209.32,0,-168.22,-283.16,2.86,2.11,1.47,-168.22,-283.16,0.00,-0.74,-6.25 
1747830209.42,0,-168.27,-283.50,1.98,1.76,0.11,-168.27,-283.50,0.00,-0.72,-5.97 
1747830209.72,0,-168.33,-285.01,1.57,2.83,1.52,-168.33,-285.01,0.00,-0.56,-5.70 
1747830209.82,0,-168.28,-285.42,2.32,1.63,0.29,-168.28,-285.42,0.00,-0.47,-5.54 
1747830210.02,0,-168.34,-286.74,3.57,1.72,1.55,-168.34,-286.74,0.00,-0.43,-5.74 
1747830210.52,0,-168.64,-289.31,2.94,1.99,1.00,-168.64,-289.31,0.00,-0.50,-5.51 
1747830210.62,0,-168.66,-290.10,1.27,2.79,0.15,-168.66,-290.10,0.00,-0.47,-5.70 
1747830210.72,0,-168.56,-290.48,2.42,1.60,0.09,-168.56,-290.48,0.00,-0.34,-5.54 
1747830210.82,0,-168.48,-290.89,2.50,1.48,0.26,-168.48,-290.89,0.00,-0.24,-5.41 
1747830210.92,0,-168.51,-291.55,3.57,1.67,1.54,-168.51,-291.55,0.00,-0.25,-5.52 
1747830211.22,0,-168.69,-293.14,2.29,2.19,1.51,-168.69,-293.14,0.00,-0.35,-5.47 
1747830211.32,0,-168.85,-293.74,3.13,2.78,1.54,-168.85,-293.74,0.00,-0.46,-5.51 
1747830211.62,0,-168.86,-295.32,2.99,1.97,1.55,-168.86,-295.32,0.00,-0.35,-5.45 
1747830211.92,0,-168.92,-296.71,1.91,1.68,0.10,-168.92,-296.71,0.00,-0.31,-5.25 
1747830212.02,0,-168.98,-297.12,2.27,1.08,0.87,-168.98,-297.12,0.00,-0.34,-5.16 
1747830212.22,0,-169.01,-297.96,2.05,1.56,0.09,-169.01,-297.96,0.00,-0.31,-4.99 
1747830212.32,0,-168.89,-298.49,2.49,1.71,0.25,-168.89,-298.49,0.00,-0.18,-5.02 
1747830212.42,0,-168.95,-299.04,2.12,0.93,1.00,-168.95,-299.04,0.00,-0.21,-5.06 
1747830212.52,0,-168.98,-299.44,1.42,1.74,1.52,-168.98,-299.44,0.00,-0.22,-4.97 
1747830212.72,0,-169.00,-300.39,1.51,1.59,1.45,-169.00,-300.39,0.00,-0.20,-4.93 
1747830213.02,0,-169.09,-301.85,1.44,2.27,0.05,-169.09,-301.85,0.00,-0.23,-4.92 
1747830213.12,0,-169.10,-302.47,2.14,1.75,1.47,-169.10,-302.47,0.00,-0.21,-5.02 
1747830213.22,0,-169.08,-302.95,1.93,1.50,0.23,-169.08,-302.95,0.00,-0.18,-5.00 
1747830213.32,0,-169.07,-303.35,1.93,1.56,0.19,-169.07,-303.35,0.00,-0.16,-4.91 
1747830213.42,0,-169.09,-303.89,1.31,3.06,0.16,-169.09,-303.89,0.00,-0.16,-4.96 
1747830213.52,0,-169.15,-304.31,1.44,3.37,0.14,-169.15,-304.31,0.00,-0.20,-4.89 
1747830213.72,0,-169.28,-305.36,2.04,3.22,0.24,-169.28,-305.36,0.00,-0.27,-4.95 
1747830213.82,0,-169.39,-305.77,1.36,1.57,0.50,-169.39,-305.77,0.00,-0.35,-4.88 
1747830213.92,0,-169.44,-306.19,1.41,1.36,0.16,-169.44,-306.19,0.00,-0.36,-4.82 
1747830214.12,0,-169.47,-307.18,1.41,1.79,0.17,-169.47,-307.18,0.00,-0.32,-4.84 
1747830214.22,0,-169.42,-307.67,1.26,2.97,0.95,-169.42,-307.67,0.00,-0.25,-4.84 
1747830214.32,0,-169.44,-308.08,1.51,1.24,0.44,-169.44,-308.08,0.00,-0.25,-4.78 
1747830214.52,0,-169.43,-309.11,1.57,1.53,0.08,-169.43,-309.11,0.00,-0.20,-4.85 
1747830214.62,0,-169.41,-309.69,1.62,1.92,0.16,-169.41,-309.69,0.00,-0.16,-4.92 
1747830214.72,0,-169.46,-310.24,1.68,2.28,0.22,-169.46,-310.24,0.00,-0.19,-4.98 
1747830215.02,0,-169.46,-311.57,2.10,2.33,1.05,-169.46,-311.57,0.00,-0.15,-4.84 
1747830215.22,0,-169.52,-312.55,1.68,2.64,0.09,-169.52,-312.55,0.00,-0.17,-4.85 
1747830215.42,0,-169.49,-313.36,2.39,1.08,0.42,-169.49,-313.36,0.00,-0.12,-4.72 
1747830215.52,0,-169.50,-313.72,1.21,1.57,1.32,-169.50,-313.72,0.00,-0.12,-4.63 
1747830215.62,0,-169.44,-314.09,2.24,0.71,0.30,-169.44,-314.09,0.00,-0.06,-4.56 
1747830215.82,0,-169.45,-314.88,1.63,1.33,0.18,-169.45,-314.88,0.00,-0.06,-4.45 
1747830215.92,0,-169.40,-315.25,2.11,1.10,0.26,-169.40,-315.25,0.00,-0.01,-4.39 
1747830216.32,0,-169.27,-316.90,2.51,0.49,0.55,-169.27,-316.90,0.00,0.09,-4.31 
1747830216.52,0,-169.05,-317.82,2.50,0.70,0.44,-169.05,-317.82,0.00,0.25,-4.36 
1747830216.72,0,-168.86,-318.64,2.37,0.88,0.44,-168.86,-318.64,0.00,0.37,-4.32 
1747830217.02,0,-168.58,-320.15,2.33,1.26,0.33,-168.58,-320.15,0.00,0.50,-4.49 
1747830217.22,0,-168.27,-321.14,2.31,1.69,0.45,-168.27,-321.14,0.00,0.67,-4.56 
1747830217.32,0,-168.12,-321.71,1.85,3.69,0.28,-168.12,-321.71,0.00,0.74,-4.66 
1747830217.42,0,-167.98,-322.16,1.53,3.38,0.73,-167.98,-322.16,0.00,0.80,-4.64 
1747830217.52,0,-167.81,-322.63,1.63,3.68,0.86,-167.81,-322.63,0.00,0.88,-4.65 
1747830217.72,0,-167.53,-323.56,2.31,3.21,0.36,-167.53,-323.56,0.00,0.97,-4.65 
1747830217.82,0,-167.44,-323.81,2.56,1.93,0.65,-167.44,-323.81,0.00,0.96,-4.46 
1747830218.12,0,-167.31,-325.14,2.56,0.97,0.00,-167.31,-325.14,0.00,0.83,-4.46 
1747830218.22,0,-167.38,-325.71,2.59,1.25,0.42,-167.38,-325.71,0.00,0.70,-4.56 
1747830218.32,0,-167.44,-326.25,2.61,1.64,0.59,-167.44,-326.25,0.00,0.59,-4.63 
1747830218.52,0,-167.52,-327.20,2.63,2.15,0.62,-167.52,-327.20,0.00,0.43,-4.65 
1747830218.72,0,-167.37,-328.26,1.83,3.93,0.32,-167.37,-328.26,0.00,0.48,-4.76 
1747830218.82,0,-167.13,-328.70,3.01,3.53,0.43,-167.13,-328.70,0.00,0.64,-4.74 
1747830218.91,0,-166.92,-328.98,2.81,2.34,0.27,-166.92,-328.98,0.00,0.77,-4.57 
1747830219.31,0,-166.22,-330.54,3.80,2.99,0.50,-166.22,-330.54,0.00,1.07,-4.37 
1747830219.41,0,-165.92,-330.86,2.82,2.86,0.32,-165.92,-330.86,0.00,1.22,-4.28 
1747830219.62,0,-165.52,-331.65,2.58,2.77,0.46,-165.52,-331.65,0.00,1.35,-4.21 
1747830219.72,0,-165.39,-332.04,1.50,2.05,0.27,-165.39,-332.04,0.00,1.34,-4.19 
1747830219.82,0,-165.31,-332.45,1.97,2.99,0.27,-165.31,-332.45,0.00,1.30,-4.18 
1747830219.92,0,-165.24,-332.93,2.25,3.04,0.34,-165.24,-332.93,0.00,1.24,-4.23 
1747830220.22,0,-165.12,-334.30,3.10,2.77,0.30,-165.12,-334.30,0.00,1.03,-4.32 
1747830220.42,0,-165.14,-335.22,3.16,1.62,0.10,-165.14,-335.22,0.00,0.84,-4.37 
1747830220.52,0,-165.23,-335.71,2.81,2.56,0.26,-165.23,-335.71,0.00,0.70,-4.41 
1747830220.62,0,-165.19,-336.15,1.87,2.41,0.38,-165.19,-336.15,0.00,0.67,-4.41 
1747830220.72,0,-165.20,-336.60,2.26,2.11,0.25,-165.20,-336.60,0.00,0.60,-4.43 
1747830220.81,0,-165.15,-337.02,1.18,2.35,0.43,-165.15,-337.02,0.00,0.59,-4.40 
1747830220.91,0,-165.03,-337.43,1.99,2.08,0.38,-165.03,-337.43,0.00,0.64,-4.38 
1747830221.01,0,-164.83,-337.82,2.94,2.60,0.35,-164.83,-337.82,0.00,0.77,-4.33 
1747830221.11,0,-164.53,-338.11,3.62,2.73,0.34,-164.53,-338.11,0.00,0.96,-4.21 
1747830221.21,0,-164.17,-338.42,4.42,2.21,0.36,-164.17,-338.42,0.00,1.19,-4.12 
1747830221.31,0,-163.71,-338.73,4.51,3.32,0.54,-163.71,-338.73,0.00,1.48,-4.02 
1747830221.41,0,-163.28,-339.09,4.13,4.00,0.53,-163.28,-339.09,0.00,1.72,-3.99 
1747830221.51,0,-162.94,-339.45,3.12,1.81,0.64,-162.94,-339.45,0.00,1.87,-3.95 
1747830221.82,0,-162.68,-340.94,4.01,2.40,0.75,-162.68,-340.94,0.00,1.63,-4.19 
1747830221.92,0,-162.67,-341.63,3.51,5.05,0.36,-162.67,-341.63,0.00,1.51,-4.40 
1747830222.02,0,-162.56,-342.10,1.49,2.52,1.27,-162.56,-342.10,0.00,1.47,-4.43 
1747830222.22,0,-162.18,-342.85,2.31,2.47,0.49,-162.18,-342.85,0.00,1.54,-4.32 
1747830222.51,0,-161.60,-344.14,2.23,2.09,0.45,-161.60,-344.14,0.00,1.64,-4.33 
1747830222.61,0,-161.44,-344.41,2.55,1.51,0.72,-161.44,-344.41,0.00,1.64,-4.19 
1747830222.71,0,-161.15,-344.87,2.10,2.12,0.43,-161.15,-344.87,0.00,1.74,-4.22 
1747830222.81,0,-161.00,-345.47,1.78,4.65,0.22,-161.00,-345.47,0.00,1.72,-4.37 
1747830222.91,0,-160.70,-345.97,2.18,4.47,0.58,-160.70,-345.97,0.00,1.83,-4.43 
1747830223.22,0,-160.06,-347.33,1.80,4.06,0.62,-160.06,-347.33,0.00,1.91,-4.45 
1747830223.32,0,-159.87,-347.64,2.14,2.05,0.74,-159.87,-347.64,0.00,1.91,-4.34 
1747830223.52,0,-159.52,-348.41,1.75,2.80,0.48,-159.52,-348.41,0.00,1.88,-4.25 
1747830223.62,0,-159.35,-348.77,1.66,2.59,0.50,-159.35,-348.77,0.00,1.86,-4.20 
1747830223.72,0,-159.21,-349.31,1.97,4.37,0.23,-159.21,-349.31,0.00,1.83,-4.31 
1747830223.92,0,-158.92,-350.33,2.25,4.73,0.22,-158.92,-350.33,0.00,1.76,-4.44 
1747830224.02,0,-158.82,-350.69,1.62,2.77,0.62,-158.82,-350.69,0.00,1.69,-4.36 
1747830224.12,0,-158.68,-351.06,1.54,2.09,0.42,-158.68,-351.06,0.00,1.67,-4.31 
1747830224.22,0,-158.59,-351.66,1.65,2.49,0.19,-158.59,-351.66,0.00,1.61,-4.46 
1747830224.42,0,-158.33,-352.60,2.19,1.42,0.56,-158.33,-352.60,0.00,1.55,-4.50 
1747830224.52,0,-158.24,-353.03,2.05,1.88,0.47,-158.24,-353.03,0.00,1.49,-4.48 
1747830224.62,0,-157.96,-353.55,2.08,2.38,0.69,-157.96,-353.55,0.00,1.61,-4.54 
1747830224.72,0,-157.77,-353.88,2.38,2.88,0.58,-157.77,-353.88,0.00,1.63,-4.43 
1747830225.11,0,-156.87,-355.40,3.63,1.41,0.65,-156.87,-355.40,0.00,1.82,-4.25 
1747830225.21,0,-156.54,-355.65,2.91,2.86,0.46,-156.54,-355.65,0.00,1.93,-4.11 
1747830225.31,0,-156.32,-356.19,1.60,4.80,0.25,-156.32,-356.19,0.00,1.96,-4.22 
1747830225.41,0,-156.14,-356.75,1.83,4.74,0.23,-156.14,-356.75,0.00,1.95,-4.34 
1747830225.52,0,-155.97,-357.13,1.51,2.57,0.54,-155.97,-357.13,0.00,1.92,-4.29 
1747830226.02,0,-154.90,-359.21,1.61,3.00,0.29,-154.90,-359.21,0.00,2.00,-4.24 
1747830226.12,0,-154.56,-359.67,2.13,4.30,0.28,-154.56,-359.67,0.00,2.11,-4.27 
1747830227.12,0,-152.47,-363.56,1.85,2.74,0.45,-152.47,-363.56,0.00,2.10,-4.09 
1747830227.42,0,-151.98,-364.90,1.98,2.40,0.45,-151.98,-364.90,0.00,1.98,-4.19 
1747830227.52,0,-151.77,-365.69,1.68,4.96,0.27,-151.77,-365.69,0.00,2.00,-4.53 
1747830227.62,0,-151.53,-366.03,1.86,3.22,0.38,-151.53,-366.03,0.00,2.04,-4.41 
1747830227.72,0,-151.12,-366.51,2.51,4.36,0.49,-151.12,-366.51,0.00,2.27,-4.45 
1747830227.82,0,-150.87,-366.91,1.64,4.45,0.30,-150.87,-366.91,0.00,2.29,-4.40 
1747830227.92,0,-150.56,-367.28,2.56,3.74,0.17,-150.56,-367.28,0.00,2.39,-4.32 
1747830228.01,0,-150.30,-367.62,1.80,4.95,0.32,-150.30,-367.62,0.00,2.41,-4.21 
1747830228.11,0,-150.16,-367.94,3.06,2.88,1.17,-150.16,-367.94,0.00,2.30,-4.09 
1747830228.22,0,-150.02,-368.31,1.90,3.09,0.14,-150.02,-368.31,0.00,2.19,-4.06 
1747830228.32,0,-149.83,-368.85,2.00,5.04,0.31,-149.83,-368.85,0.00,2.16,-4.20 
1747830228.42,0,-149.71,-369.37,2.43,4.98,0.32,-149.71,-369.37,0.00,2.06,-4.31 
1747830228.52,0,-149.61,-369.78,2.34,3.84,0.43,-149.61,-369.78,0.00,1.95,-4.28 
1747830228.62,0,-149.64,-370.30,3.12,3.75,0.05,-149.64,-370.30,0.00,1.73,-4.37 
1747830228.72,0,-149.50,-370.98,2.44,5.64,0.30,-149.50,-370.98,0.00,1.70,-4.60 
1747830228.82,0,-149.35,-371.48,1.73,4.77,0.27,-149.35,-371.48,0.00,1.68,-4.64 
1747830228.92,0,-149.08,-371.93,2.39,4.53,0.33,-149.08,-371.93,0.00,1.77,-4.63 
1747830229.02,0,-148.81,-372.33,2.55,4.57,0.49,-148.81,-372.33,0.00,1.85,-4.57 
1747830229.11,0,-148.57,-372.60,3.11,4.51,0.50,-148.57,-372.60,0.00,1.90,-4.41 
1747830229.21,0,-148.34,-373.02,2.07,4.51,0.42,-148.34,-373.02,0.00,1.94,-4.40 
1747830229.31,0,-148.11,-373.47,2.01,4.05,0.20,-148.11,-373.47,0.00,1.97,-4.40 
1747830229.41,0,-147.99,-373.83,3.06,2.95,1.15,-147.99,-373.83,0.00,1.90,-4.34 
1747830229.62,0,-147.61,-374.72,1.55,4.64,0.35,-147.61,-374.72,0.00,1.90,-4.35 
1747830229.72,0,-147.37,-375.16,1.95,4.64,0.31,-147.37,-375.16,0.00,1.95,-4.35 
1747830229.82,0,-147.15,-375.48,1.99,3.93,0.28,-147.15,-375.48,0.00,1.96,-4.26 
1747830229.92,0,-146.90,-375.92,2.12,4.83,0.36,-146.90,-375.92,0.00,2.01,-4.28 
1747830230.02,0,-146.77,-376.29,3.60,1.91,1.55,-146.77,-376.29,0.00,1.95,-4.22 
1747830230.12,0,-146.54,-376.75,1.94,4.79,0.17,-146.54,-376.75,0.00,1.98,-4.26 
1747830230.52,0,-145.81,-378.71,2.57,5.69,0.37,-145.81,-378.71,0.00,1.93,-4.44 
1747830230.62,0,-145.79,-379.15,2.74,6.60,0.29,-145.79,-379.15,0.00,1.80,-4.44 
1747830230.72,0,-145.81,-379.62,3.15,3.03,1.50,-145.81,-379.62,0.00,1.63,-4.46 
1747830230.82,0,-145.70,-380.13,2.26,3.31,0.46,-145.70,-380.13,0.00,1.58,-4.51 
1747830230.92,0,-145.54,-380.80,2.31,5.92,0.38,-145.54,-380.80,0.00,1.58,-4.71 
1747830231.02,0,-145.36,-381.36,3.07,4.76,0.91,-145.36,-381.36,0.00,1.61,-4.79 
1747830231.22,0,-145.04,-382.43,1.96,5.17,0.30,-145.04,-382.43,0.00,1.60,-4.90 
1747830231.32,0,-144.81,-382.96,2.05,4.89,0.26,-144.81,-382.96,0.00,1.67,-4.93 
1747830231.52,0,-144.41,-383.70,2.47,4.75,0.35,-144.41,-383.70,0.00,1.73,-4.71 
1747830231.62,0,-144.16,-383.99,2.53,4.29,0.34,-144.16,-383.99,0.00,1.79,-4.56 
1747830231.71,0,-144.01,-384.17,2.11,7.76,0.35,-144.01,-384.17,0.00,1.77,-4.32 
1747830231.92,0,-143.73,-385.09,3.50,2.00,1.53,-143.73,-385.09,0.00,1.71,-4.37 
1747830232.12,0,-143.30,-386.15,1.73,5.58,0.31,-143.30,-386.15,0.00,1.78,-4.52 
1747830232.22,0,-143.15,-386.58,3.28,1.41,1.57,-143.15,-386.58,0.00,1.76,-4.50 
1747830232.32,0,-142.87,-387.13,3.03,2.21,0.32,-142.87,-387.13,0.00,1.84,-4.58 
1747830232.42,0,-142.75,-387.29,2.96,3.13,0.56,-142.75,-387.29,0.00,1.79,-4.33 
1747830232.52,0,-142.51,-387.63,3.05,3.02,0.75,-142.51,-387.63,0.00,1.84,-4.26 
1747830232.71,0,-142.17,-388.24,2.30,7.32,0.50,-142.17,-388.24,0.00,1.81,-4.06 
1747830232.81,0,-142.01,-388.78,1.60,4.34,0.01,-142.01,-388.78,0.00,1.80,-4.17 
1747830233.02,0,-141.71,-389.47,1.74,6.13,0.50,-141.71,-389.47,0.00,1.75,-4.05 
1747830233.12,0,-141.34,-390.10,2.72,6.47,0.87,-141.34,-390.10,0.00,1.91,-4.24 
1747830233.22,0,-141.16,-390.49,1.70,7.20,0.35,-141.16,-390.49,0.00,1.90,-4.21 
1747830233.32,0,-140.94,-390.80,2.17,5.89,0.32,-140.94,-390.80,0.00,1.93,-4.12 
1747830233.42,0,-140.64,-391.42,1.76,6.32,0.33,-140.64,-391.42,0.00,2.01,-4.29 
1747830233.72,0,-139.89,-392.89,2.17,5.84,0.36,-139.89,-392.89,0.00,2.14,-4.43 
1747830233.91,0,-139.46,-393.68,1.81,7.10,0.40,-139.46,-393.68,0.00,2.14,-4.36 
1747830234.02,0,-139.22,-394.13,1.86,3.21,0.56,-139.22,-394.13,0.00,2.16,-4.37 
1747830234.12,0,-138.99,-394.58,1.84,3.21,0.55,-138.99,-394.58,0.00,2.17,-4.38 
1747830234.22,0,-138.74,-395.18,1.70,5.54,0.30,-138.74,-395.18,0.00,2.20,-4.52 
1747830234.32,0,-138.50,-395.74,1.81,5.48,0.33,-138.50,-395.74,0.00,2.21,-4.61 
1747830234.42,0,-138.24,-396.33,1.62,5.54,0.38,-138.24,-396.33,0.00,2.25,-4.73 
1747830234.52,0,-138.13,-396.76,1.95,5.85,0.38,-138.13,-396.76,0.00,2.15,-4.69 
1747830234.52,2,-139.36,-384.06,0.03,1.56,0.06,-139.36,-384.06,0.00,2.91,-3.96 
1747830234.62,0,-137.91,-397.21,1.95,3.11,0.57,-137.91,-397.21,0.00,2.15,-4.67 
1747830234.62,2,-139.07,-384.46,0.04,1.61,0.06,-139.07,-384.46,0.00,2.91,-3.96 
1747830234.62,3,-211.32,-483.88,0.49,1.41,0.31,-211.32,-483.88,0.00,-0.28,-0.02 
1747830234.82,0,-137.43,-398.29,1.67,5.54,0.33,-137.43,-398.29,0.00,2.19,-4.79 
1747830234.82,4,-156.56,-371.99,0.17,1.03,0.53,-156.56,-371.99,0.00,2.01,-4.96 
1747830234.82,3,-211.46,-483.84,2.00,0.52,0.07,-211.46,-483.84,0.00,-0.34,0.01 
1747830234.92,0,-137.19,-398.83,1.74,4.90,0.31,-137.19,-398.83,0.00,2.21,-4.84 
1747830234.92,2,-138.60,-385.60,0.21,1.52,1.49,-138.60,-385.60,0.00,2.64,-3.93 
1747830234.92,4,-156.18,-372.63,0.18,1.15,0.93,-156.18,-372.63,0.00,2.13,-5.06 
1747830234.92,3,-211.50,-483.84,1.56,0.29,0.07,-211.50,-483.84,0.00,-0.34,0.01 
1747830235.22,0,-136.51,-400.19,1.83,6.09,0.35,-136.51,-400.19,0.00,2.22,-4.77 
1747830235.22,2,-138.00,-386.77,0.23,1.62,0.02,-138.00,-386.77,0.00,2.51,-3.92 
1747830235.22,3,-211.60,-483.91,1.76,0.50,0.23,-211.60,-483.91,0.00,-0.34,-0.04 
1747830235.32,0,-136.32,-400.49,1.96,7.61,0.39,-136.32,-400.49,0.00,2.20,-4.63 
1747830235.32,2,-137.74,-387.16,0.25,1.95,0.02,-137.74,-387.16,0.00,2.51,-3.92 
1747830235.32,4,-155.65,-374.02,0.05,0.56,1.13,-155.65,-374.02,0.00,1.93,-4.65 
1747830235.32,3,-211.65,-483.89,1.73,0.51,0.17,-211.65,-483.89,0.00,-0.36,-0.02 
1747830235.52,0,-135.85,-401.42,1.86,3.24,0.53,-135.85,-401.42,0.00,2.22,-4.63 
1747830235.52,2,-137.24,-387.95,0.27,2.33,0.02,-137.24,-387.95,0.00,2.51,-3.92 
1747830235.62,0,-135.71,-401.93,2.07,3.58,0.02,-135.71,-401.93,0.00,2.15,-4.67 
1747830235.62,4,-155.97,-373.74,0.05,0.58,0.34,-155.97,-373.74,0.00,1.29,-3.46 
1747830235.72,0,-135.47,-402.39,1.87,3.17,0.55,-135.47,-402.39,0.00,2.18,-4.67 
1747830235.72,2,-137.31,-388.86,0.56,2.21,1.51,-137.31,-388.86,0.00,2.13,-4.01 
1747830235.72,4,-156.04,-373.73,0.05,0.58,0.74,-156.04,-373.73,0.00,1.13,-3.19 
1747830235.72,3,-211.61,-483.91,1.58,0.18,0.12,-211.61,-483.91,0.00,-0.24,-0.03 
1747830235.82,0,-135.33,-402.90,2.19,3.65,0.03,-135.33,-402.90,0.00,2.11,-4.70 
1747830235.82,2,-137.25,-389.46,1.13,2.09,1.53,-137.25,-389.46,0.00,2.01,-4.15 
1747830235.82,3,-211.65,-483.90,1.62,0.29,0.02,-211.65,-483.90,0.00,-0.26,-0.02 
1747830235.92,0,-135.04,-403.38,2.24,3.96,0.45,-135.04,-403.38,0.00,2.17,-4.71 
1747830235.92,2,-137.05,-389.87,5.25,0.17,1.53,-137.05,-389.87,0.00,2.01,-4.15 
1747830236.02,0,-134.78,-403.81,2.17,3.55,0.61,-134.78,-403.81,0.00,2.21,-4.68 
1747830236.02,2,-136.84,-390.29,5.25,0.17,1.53,-136.84,-390.29,0.00,2.01,-4.15 
1747830236.02,4,-155.61,-374.50,0.05,0.60,0.59,-155.61,-374.50,0.00,1.20,-3.07 
1747830236.12,0,-134.48,-404.31,3.75,3.84,1.41,-134.48,-404.31,0.00,2.28,-4.71 
1747830236.12,2,-136.59,-390.73,0.53,3.20,0.06,-136.59,-390.73,0.00,2.05,-4.17 
1747830236.12,4,-155.49,-374.81,0.06,0.62,0.59,-155.49,-374.81,0.00,1.20,-3.07 
1747830236.32,0,-134.03,-405.11,2.04,7.61,0.37,-134.03,-405.11,0.00,2.28,-4.59 
1747830236.32,2,-136.21,-391.67,0.50,4.84,0.04,-136.21,-391.67,0.00,2.03,-4.25 
1747830236.32,4,-155.25,-375.42,0.06,0.64,0.59,-155.25,-375.42,0.00,1.20,-3.07 
1747830236.42,0,-133.76,-405.65,1.79,5.09,0.34,-133.76,-405.65,0.00,2.31,-4.66 
1747830236.42,2,-136.10,-391.96,0.95,1.86,0.10,-136.10,-391.96,0.00,1.96,-4.15 
1747830236.42,4,-155.13,-375.73,0.06,0.66,0.59,-155.13,-375.73,0.00,1.20,-3.07 
1747830236.52,0,-133.66,-405.98,1.96,5.81,0.90,-133.66,-405.98,0.00,2.20,-4.54 
1747830236.52,2,-135.90,-392.37,0.51,0.97,0.10,-135.90,-392.37,0.00,1.96,-4.15 
1747830236.52,4,-155.01,-376.03,0.07,0.68,0.59,-155.01,-376.03,0.00,1.20,-3.07 
1747830236.62,0,-133.39,-406.28,2.31,6.18,0.59,-133.39,-406.28,0.00,2.25,-4.41 
1747830236.62,2,-135.71,-392.78,0.51,0.97,0.10,-135.71,-392.78,0.00,1.96,-4.15 
1747830236.62,4,-154.89,-376.34,0.08,0.71,0.59,-154.89,-376.34,0.00,1.20,-3.07 
1747830236.72,0,-133.14,-406.68,3.46,2.41,1.04,-133.14,-406.68,0.00,2.26,-4.38 
1747830236.72,2,-135.51,-393.20,0.51,0.97,0.10,-135.51,-393.20,0.00,1.96,-4.15 
1747830236.72,4,-154.77,-376.65,0.08,0.74,0.59,-154.77,-376.65,0.00,1.20,-3.07 
1747830236.72,3,-211.30,-484.24,0.28,2.08,1.16,-211.30,-484.24,0.00,0.10,-0.23 
1747830236.82,0,-132.93,-407.14,3.14,2.29,1.21,-132.93,-407.14,0.00,2.25,-4.39 
1747830236.82,2,-135.13,-393.47,0.57,1.09,0.18,-135.13,-393.47,0.00,2.10,-4.04 
1747830236.82,4,-154.65,-376.95,0.09,0.77,0.59,-154.65,-376.95,0.00,1.20,-3.07 
1747830236.82,3,-211.30,-484.26,0.58,1.86,1.54,-211.30,-484.26,0.00,0.10,-0.22 
1747830236.92,0,-132.58,-407.69,2.11,6.16,0.61,-132.58,-407.69,0.00,2.35,-4.48 
1747830236.92,2,-134.84,-393.83,0.58,1.37,0.10,-134.84,-393.83,0.00,2.16,-4.01 
1747830236.92,4,-154.53,-377.26,0.10,0.81,0.59,-154.53,-377.26,0.00,1.20,-3.07 
1747830236.92,3,-211.25,-484.30,0.48,1.73,1.32,-211.25,-484.30,0.00,0.13,-0.24 
1747830237.02,0,-132.40,-408.05,2.13,7.83,0.70,-132.40,-408.05,0.00,2.31,-4.41 
1747830237.02,2,-134.58,-394.51,1.36,1.16,1.55,-134.58,-394.51,0.00,2.18,-4.21 
1747830237.02,4,-154.41,-377.57,0.10,0.85,0.59,-154.41,-377.57,0.00,1.20,-3.07 
1747830237.02,3,-211.32,-484.33,2.36,0.54,0.21,-211.32,-484.33,0.00,0.06,-0.24 
1747830237.12,0,-132.25,-408.45,3.43,7.46,0.34,-132.25,-408.45,0.00,2.24,-4.38 
1747830237.12,4,-154.29,-377.87,0.11,0.90,0.59,-154.29,-377.87,0.00,1.20,-3.07 
1747830237.12,3,-211.28,-484.40,2.04,1.02,1.03,-211.28,-484.40,0.00,0.09,-0.28 
1747830237.22,0,-132.10,-408.86,3.29,7.08,0.33,-132.10,-408.86,0.00,2.18,-4.35 
1747830237.22,2,-134.14,-395.82,0.22,2.78,0.20,-134.14,-395.82,0.00,2.19,-4.54 
1747830237.22,4,-154.17,-378.18,0.13,0.95,0.59,-154.17,-378.18,0.00,1.20,-3.07 
1747830237.22,3,-211.32,-484.40,0.62,1.95,1.56,-211.32,-484.40,0.00,0.05,-0.26 
1747830237.62,0,-131.19,-410.68,2.72,3.46,0.92,-131.19,-410.68,0.00,2.21,-4.41 
1747830237.62,4,-153.69,-379.41,0.14,1.01,0.59,-153.69,-379.41,0.00,1.20,-3.07 
1747830237.62,3,-211.44,-484.43,2.35,0.79,0.06,-211.44,-484.43,0.00,-0.05,-0.20 
1747830237.72,0,-130.87,-411.34,1.75,5.85,0.35,-130.87,-411.34,0.00,2.29,-4.58 
1747830237.72,4,-153.57,-379.71,0.15,1.08,0.59,-153.57,-379.71,0.00,1.20,-3.07 
1747830237.82,0,-130.63,-411.75,1.82,6.72,0.36,-130.63,-411.75,0.00,2.29,-4.54 
1747830237.82,2,-132.84,-399.77,1.52,0.15,1.48,-132.84,-399.77,0.00,2.19,-5.31 
1747830237.82,4,-153.45,-380.02,0.17,1.16,0.59,-153.45,-380.02,0.00,1.20,-3.07 
1747830237.82,3,-211.53,-484.42,0.82,1.15,0.11,-211.53,-484.42,0.00,-0.12,-0.17 
1747830237.92,0,-130.39,-412.19,2.00,6.57,0.66,-130.39,-412.19,0.00,2.30,-4.53 
1747830237.92,2,-132.62,-400.30,1.52,0.15,1.48,-132.62,-400.30,0.00,2.19,-5.31 
1747830237.92,4,-153.33,-380.33,0.19,1.26,0.59,-153.33,-380.33,0.00,1.20,-3.07 
1747830237.92,3,-211.54,-484.46,0.72,1.69,1.17,-211.54,-484.46,0.00,-0.12,-0.19 
1747830238.02,0,-130.15,-412.81,2.76,5.77,0.32,-130.15,-412.81,0.00,2.31,-4.68 
1747830238.02,4,-153.21,-380.63,0.21,1.37,0.59,-153.21,-380.63,0.00,1.20,-3.07 
1747830238.02,3,-211.65,-484.46,2.41,0.55,0.18,-211.65,-484.46,0.00,-0.20,-0.17 
1747830238.12,0,-130.06,-413.19,2.56,5.67,0.98,-130.06,-413.19,0.00,2.18,-4.60 
1747830238.12,2,-132.25,-402.18,0.83,0.11,1.37,-132.25,-402.18,0.00,2.14,-5.93 
1747830238.12,4,-153.09,-380.94,0.24,1.50,0.59,-153.09,-380.94,0.00,1.20,-3.07 
1747830238.12,3,-211.66,-484.48,0.64,2.07,1.28,-211.66,-484.48,0.00,-0.19,-0.18 
1747830238.22,0,-130.02,-413.50,2.48,9.81,0.90,-130.02,-413.50,0.00,2.02,-4.46 
1747830238.22,2,-132.04,-402.77,0.83,0.11,1.37,-132.04,-402.77,0.00,2.14,-5.93 
1747830238.22,4,-152.97,-381.25,0.27,1.65,0.59,-152.97,-381.25,0.00,1.20,-3.07 
1747830238.22,3,-211.68,-484.49,0.64,2.03,1.34,-211.68,-484.49,0.00,-0.20,-0.17 
1747830238.32,0,-129.86,-413.92,2.44,7.67,0.90,-129.86,-413.92,0.00,1.98,-4.44 
1747830238.32,2,-131.83,-403.37,0.83,0.11,1.37,-131.83,-403.37,0.00,2.14,-5.93 
1747830238.32,4,-152.85,-381.55,0.31,1.82,0.59,-152.85,-381.55,0.00,1.20,-3.07 
1747830238.32,3,-211.72,-484.53,1.04,2.09,1.29,-211.72,-484.53,0.00,-0.21,-0.18 
1747830238.42,0,-129.68,-414.46,4.10,6.80,0.84,-129.68,-414.46,0.00,1.96,-4.53 
1747830238.42,2,-131.61,-403.96,0.83,0.11,1.37,-131.61,-403.96,0.00,2.14,-5.93 
1747830238.42,4,-152.73,-381.86,0.35,2.03,0.59,-152.73,-381.86,0.00,1.20,-3.07 
1747830238.42,3,-211.80,-484.51,1.89,0.79,0.26,-211.80,-484.51,0.00,-0.27,-0.15 
1747830238.52,0,-129.38,-414.95,2.67,7.00,0.75,-129.38,-414.95,0.00,2.07,-4.56 
1747830238.52,2,-131.44,-405.82,1.13,0.12,1.55,-131.44,-405.82,0.00,2.10,-6.86 
1747830238.52,4,-152.61,-382.17,0.40,2.26,0.59,-152.61,-382.17,0.00,1.20,-3.07 
1747830238.52,3,-211.86,-484.49,1.85,0.64,0.02,-211.86,-484.49,0.00,-0.30,-0.12 
1747830238.62,0,-129.14,-415.58,3.39,6.08,0.32,-129.14,-415.58,0.00,2.09,-4.72 
1747830238.62,2,-131.23,-406.50,1.03,0.07,1.55,-131.23,-406.50,0.00,2.10,-6.86 
1747830238.62,4,-152.49,-382.47,0.46,2.51,0.59,-152.49,-382.47,0.00,1.20,-3.07 
1747830238.62,3,-211.93,-484.45,1.51,0.77,0.16,-211.93,-484.45,0.00,-0.34,-0.08 
1747830238.72,0,-128.91,-416.05,2.93,6.47,0.35,-128.91,-416.05,0.00,2.11,-4.71 
1747830238.72,2,-131.02,-407.19,1.03,0.07,1.55,-131.02,-407.19,0.00,2.10,-6.86 
1747830238.72,4,-152.37,-382.78,0.51,2.78,0.59,-152.37,-382.78,0.00,1.20,-3.07 
1747830238.72,3,-211.94,-484.47,0.72,2.28,1.43,-211.94,-484.47,0.00,-0.32,-0.09 
1747830238.82,0,-128.71,-416.46,2.88,7.39,0.32,-128.71,-416.46,0.00,2.10,-4.66 
1747830238.82,2,-130.81,-407.87,1.03,0.07,1.55,-130.81,-407.87,0.00,2.10,-6.86 
1747830238.82,4,-152.25,-383.09,0.73,3.82,0.59,-152.25,-383.09,0.00,1.20,-3.07 
1747830238.82,3,-211.92,-484.47,2.98,0.37,0.32,-211.92,-484.47,0.00,-0.27,-0.08 
1747830238.91,0,-128.45,-416.96,2.87,6.72,0.90,-128.45,-416.96,0.00,2.14,-4.69 
1747830238.91,2,-130.60,-408.56,1.03,0.07,1.55,-130.60,-408.56,0.00,2.10,-6.86 
1747830238.91,4,-152.13,-383.39,0.73,3.82,0.59,-152.13,-383.39,0.00,1.20,-3.07 
1747830238.91,3,-211.93,-484.52,1.17,1.59,1.00,-211.93,-484.52,0.00,-0.26,-0.11 
1747830239.01,0,-128.21,-417.43,3.23,6.47,0.88,-128.21,-417.43,0.00,2.16,-4.69 
1747830239.01,2,-130.39,-409.24,1.03,0.07,1.55,-130.39,-409.24,0.00,2.10,-6.86 
1747830239.01,4,-152.01,-383.70,0.73,3.82,0.59,-152.01,-383.70,0.00,1.20,-3.07 
1747830239.01,3,-211.97,-484.52,1.70,0.48,0.11,-211.97,-484.52,0.00,-0.27,-0.10 
1747830239.21,0,-127.81,-418.27,3.10,7.80,0.99,-127.81,-418.27,0.00,2.14,-4.61 
1747830239.21,2,-129.97,-410.62,1.03,0.07,1.55,-129.97,-410.62,0.00,2.10,-6.86 
1747830239.21,4,-151.77,-384.31,0.73,3.82,0.59,-151.77,-384.31,0.00,1.20,-3.07 
1747830239.21,3,-211.98,-484.56,0.58,2.07,1.54,-211.98,-484.56,0.00,-0.23,-0.12 
1747830239.41,0,-127.53,-418.98,3.06,7.94,0.92,-127.53,-418.98,0.00,2.02,-4.44 
1747830239.41,2,-129.55,-411.99,1.03,0.07,1.55,-129.55,-411.99,0.00,2.10,-6.86 
1747830239.41,4,-151.53,-384.93,0.73,3.82,0.59,-151.53,-384.93,0.00,1.20,-3.07 
1747830239.51,0,-127.34,-419.33,2.94,8.31,0.90,-127.34,-419.33,0.00,2.01,-4.37 
1747830239.51,2,-129.34,-412.67,1.03,0.07,1.55,-129.34,-412.67,0.00,2.10,-6.86 
1747830239.51,4,-151.41,-385.23,0.73,3.82,0.59,-151.41,-385.23,0.00,1.20,-3.07 
1747830239.61,0,-127.23,-419.63,2.89,7.72,0.92,-127.23,-419.63,0.00,1.93,-4.25 
1747830239.61,2,-129.13,-413.36,1.03,0.07,1.55,-129.13,-413.36,0.00,2.10,-6.86 
1747830239.61,4,-151.29,-385.54,0.73,3.82,0.59,-151.29,-385.54,0.00,1.20,-3.07 
1747830239.72,0,-126.85,-420.23,4.17,3.91,1.36,-126.85,-420.23,0.00,2.09,-4.40 
1747830239.72,2,-128.92,-414.05,1.03,0.07,1.55,-128.92,-414.05,0.00,2.10,-6.86 
1747830239.72,4,-151.16,-385.85,0.73,3.82,0.59,-151.16,-385.85,0.00,1.20,-3.07 
1747830239.82,0,-126.44,-420.74,2.79,4.38,0.58,-126.44,-420.74,0.00,2.25,-4.45 
1747830239.82,2,-128.71,-414.73,1.03,0.07,1.55,-128.71,-414.73,0.00,2.10,-6.86 
1747830239.82,4,-151.04,-386.15,0.73,3.82,0.59,-151.04,-386.15,0.00,1.20,-3.07 
1747830239.92,0,-126.05,-421.25,2.80,7.58,0.49,-126.05,-421.25,0.00,2.39,-4.51 
1747830239.92,2,-128.50,-415.42,1.03,0.07,1.55,-128.50,-415.42,0.00,2.10,-6.86 
1747830239.92,4,-150.92,-386.46,0.73,3.82,0.59,-150.92,-386.46,0.00,1.20,-3.07 
1747830240.02,0,-125.72,-421.78,3.02,6.56,0.29,-125.72,-421.78,0.00,2.47,-4.58 
1747830240.02,2,-128.29,-416.10,1.03,0.07,1.55,-128.29,-416.10,0.00,2.10,-6.86 
1747830240.12,0,-125.37,-422.27,2.49,7.23,0.53,-125.37,-422.27,0.00,2.56,-4.60 
1747830240.12,2,-128.08,-416.79,1.03,0.07,1.55,-128.08,-416.79,0.00,2.10,-6.86 
1747830240.22,0,-125.06,-422.76,2.53,6.58,0.98,-125.06,-422.76,0.00,2.60,-4.63 
1747830240.22,2,-127.87,-417.47,1.03,0.07,1.55,-127.87,-417.47,0.00,2.10,-6.86 
1747830240.32,0,-124.76,-423.21,2.78,5.34,0.22,-124.76,-423.21,0.00,2.64,-4.61 
1747830240.32,2,-127.66,-418.16,1.03,0.07,1.55,-127.66,-418.16,0.00,2.10,-6.86 
1747830240.52,0,-124.20,-424.17,1.71,6.82,0.50,-124.20,-424.17,0.00,2.66,-4.65 
1747830240.52,2,-127.24,-419.53,1.03,0.07,1.55,-127.24,-419.53,0.00,2.10,-6.86 
1747830240.52,3,-211.89,-484.84,1.69,0.49,1.03,-211.89,-484.84,0.00,-0.08,-0.19 
1747830240.62,0,-123.93,-424.63,1.68,6.84,0.54,-123.93,-424.63,0.00,2.66,-4.64 
1747830240.62,2,-127.03,-420.22,1.03,0.07,1.55,-127.03,-420.22,0.00,2.10,-6.86 
1747830240.62,3,-211.92,-484.86,1.50,0.82,0.91,-211.92,-484.86,0.00,-0.09,-0.19 
1747830240.72,0,-123.67,-425.14,2.56,6.66,0.77,-123.67,-425.14,0.00,2.66,-4.68 
1747830240.72,2,-126.82,-420.91,1.03,0.07,1.55,-126.82,-420.91,0.00,2.10,-6.86 
1747830240.72,3,-211.97,-484.84,0.76,2.30,1.33,-211.97,-484.84,0.00,-0.13,-0.16 
1747830240.92,0,-123.13,-426.08,1.75,6.63,0.56,-123.13,-426.08,0.00,2.67,-4.68 
1747830240.92,2,-126.40,-422.28,1.03,0.07,1.55,-126.40,-422.28,0.00,2.10,-6.86 
1747830240.92,3,-212.02,-484.87,0.46,1.90,1.39,-212.02,-484.87,0.00,-0.15,-0.15 
1747830241.02,0,-123.01,-426.48,2.71,6.29,0.94,-123.01,-426.48,0.00,2.55,-4.62 
1747830241.02,2,-126.19,-422.96,1.03,0.07,1.55,-126.19,-422.96,0.00,2.10,-6.86 
1747830241.02,3,-212.02,-484.89,0.61,2.38,1.24,-212.02,-484.89,0.00,-0.14,-0.16 
1747830241.12,0,-122.74,-426.86,1.91,5.94,0.36,-122.74,-426.86,0.00,2.56,-4.56 
1747830241.12,2,-125.98,-423.65,1.03,0.07,1.55,-125.98,-423.65,0.00,2.10,-6.86 
1747830241.12,3,-211.99,-485.03,0.76,2.45,0.39,-211.99,-485.03,0.00,-0.10,-0.26 
1747830241.21,0,-122.54,-427.20,2.07,6.38,0.63,-122.54,-427.20,0.00,2.51,-4.46 
1747830241.21,2,-125.77,-424.33,1.03,0.07,1.55,-125.77,-424.33,0.00,2.10,-6.86 
1747830241.21,3,-212.00,-485.06,0.65,1.65,1.14,-212.00,-485.06,0.00,-0.10,-0.26 
1747830241.31,0,-122.29,-427.71,3.16,6.66,0.90,-122.29,-427.71,0.00,2.51,-4.52 
1747830241.31,2,-125.56,-425.02,1.03,0.07,1.55,-125.56,-425.02,0.00,2.10,-6.86 
1747830241.31,3,-211.94,-485.11,0.50,2.56,1.28,-211.94,-485.11,0.00,-0.04,-0.29 
1747830241.41,0,-122.04,-428.19,3.11,6.38,0.97,-122.04,-428.19,0.00,2.51,-4.54 
1747830241.41,2,-125.35,-425.70,1.03,0.07,1.55,-125.35,-425.70,0.00,2.10,-6.86 
1747830241.41,3,-211.92,-485.11,0.77,1.80,1.32,-211.92,-485.11,0.00,-0.02,-0.26 
1747830241.51,0,-121.75,-428.66,5.73,4.37,1.51,-121.75,-428.66,0.00,2.54,-4.55 
1747830241.51,3,-211.94,-485.12,0.56,1.56,1.46,-211.94,-485.12,0.00,-0.03,-0.25 
1747830241.72,0,-121.23,-429.65,2.81,6.80,0.86,-121.23,-429.65,0.00,2.55,-4.62 
1747830241.72,3,-211.92,-485.15,0.75,1.81,1.23,-211.92,-485.15,0.00,-0.01,-0.24 
1747830241.82,0,-121.08,-430.14,4.12,6.73,0.32,-121.08,-430.14,0.00,2.46,-4.64 
1747830241.82,3,-211.92,-485.18,0.61,1.82,1.10,-211.92,-485.18,0.00,-0.01,-0.24 
1747830241.92,0,-120.93,-430.63,3.80,6.66,0.36,-120.93,-430.63,0.00,2.38,-4.66 
1747830242.02,0,-120.80,-431.13,4.37,6.72,0.35,-120.80,-431.13,0.00,2.30,-4.69 
1747830242.12,0,-120.55,-431.61,2.78,6.60,0.86,-120.55,-431.61,0.00,2.31,-4.70 
1747830242.22,0,-120.37,-432.15,4.51,6.71,0.85,-120.37,-432.15,0.00,2.27,-4.76 
1747830242.32,0,-120.20,-432.65,3.93,6.59,0.29,-120.20,-432.65,0.00,2.22,-4.78 
1747830242.42,0,-120.06,-433.15,4.44,6.43,0.32,-120.06,-433.15,0.00,2.15,-4.79 
1747830242.42,3,-211.93,-485.26,1.05,1.83,0.94,-211.93,-485.26,0.00,-0.02,-0.21 
1747830242.62,0,-119.53,-434.01,2.83,5.94,0.51,-119.53,-434.01,0.00,2.23,-4.72 
1747830242.62,3,-211.98,-485.29,0.63,2.27,1.21,-211.98,-485.29,0.00,-0.06,-0.20 
1747830242.82,0,-119.02,-435.04,3.01,6.73,0.34,-119.02,-435.04,0.00,2.28,-4.78 
1747830242.82,3,-212.01,-485.32,0.41,1.73,1.20,-212.01,-485.32,0.00,-0.07,-0.19 
1747830243.02,0,-118.43,-436.11,2.32,4.11,0.07,-118.43,-436.11,0.00,2.40,-4.88 
1747830243.02,3,-212.01,-485.37,0.53,2.04,1.24,-212.01,-485.37,0.00,-0.06,-0.20 
1747830243.11,0,-118.00,-436.63,2.69,4.08,0.57,-118.00,-436.63,0.00,2.55,-4.90 
1747830243.11,3,-211.96,-485.43,0.49,2.00,1.12,-211.96,-485.43,0.00,-0.02,-0.24 
1747830243.21,0,-117.61,-437.29,2.57,6.26,0.50,-117.61,-437.29,0.00,2.66,-5.04 
1747830243.21,3,-211.98,-485.44,0.44,1.83,1.30,-211.98,-485.44,0.00,-0.03,-0.22 
1747830243.31,0,-117.31,-437.77,3.05,2.68,1.12,-117.31,-437.77,0.00,2.69,-5.03 
1747830243.31,3,-211.98,-485.44,0.60,1.65,1.12,-211.98,-485.44,0.00,-0.03,-0.21 
1747830243.41,0,-116.90,-438.33,2.88,5.52,0.96,-116.90,-438.33,0.00,2.81,-5.07 
1747830243.52,0,-116.51,-438.91,2.22,5.73,0.59,-116.51,-438.91,0.00,2.90,-5.13 
1747830243.52,3,-211.98,-485.50,0.71,2.26,1.11,-211.98,-485.50,0.00,-0.02,-0.22 
1747830243.62,0,-116.16,-439.45,2.96,4.90,1.02,-116.16,-439.45,0.00,2.96,-5.15 
1747830243.62,3,-212.01,-485.50,0.71,2.22,1.26,-212.01,-485.50,0.00,-0.05,-0.21 
1747830243.72,0,-115.81,-439.99,2.00,5.18,0.55,-115.81,-439.99,0.00,3.00,-5.17 
1747830243.72,3,-212.02,-485.54,0.62,1.55,1.31,-212.02,-485.54,0.00,-0.05,-0.22 
1747830243.82,0,-115.59,-440.47,3.13,3.82,0.16,-115.59,-440.47,0.00,2.93,-5.14 
1747830243.82,3,-212.02,-485.54,0.73,1.63,1.19,-212.02,-485.54,0.00,-0.04,-0.21 
1747830243.92,0,-115.37,-440.98,2.15,3.45,0.02,-115.37,-440.98,0.00,2.87,-5.14 
1747830243.92,3,-212.00,-485.58,0.47,1.81,1.13,-212.00,-485.58,0.00,-0.02,-0.22 
1747830244.01,0,-115.25,-441.57,2.64,3.61,0.34,-115.25,-441.57,0.00,2.73,-5.20 
1747830244.01,3,-212.07,-485.61,0.89,1.59,0.19,-212.07,-485.61,0.00,-0.08,-0.23 
1747830244.12,0,-114.98,-442.07,3.43,4.43,1.25,-114.98,-442.07,0.00,2.73,-5.19 
1747830244.12,3,-212.05,-485.66,0.80,2.15,0.95,-212.05,-485.66,0.00,-0.06,-0.25 
1747830244.22,0,-114.78,-442.62,3.80,4.49,0.28,-114.78,-442.62,0.00,2.67,-5.22 
1747830244.22,3,-212.05,-485.66,0.59,1.60,1.13,-212.05,-485.66,0.00,-0.05,-0.23 
1747830244.32,0,-114.46,-443.10,2.93,4.51,0.81,-114.46,-443.10,0.00,2.71,-5.18 
1747830244.32,3,-212.07,-485.66,0.62,2.11,1.18,-212.07,-485.66,0.00,-0.06,-0.21 
1747830244.42,0,-114.19,-443.56,2.09,5.63,0.49,-114.19,-443.56,0.00,2.71,-5.14 
1747830244.42,3,-212.08,-485.68,0.46,1.88,1.06,-212.08,-485.68,0.00,-0.07,-0.20 
1747830244.52,0,-113.97,-444.09,3.12,4.61,0.23,-113.97,-444.09,0.00,2.67,-5.15 
1747830244.52,3,-212.06,-485.73,0.65,2.12,0.97,-212.06,-485.73,0.00,-0.05,-0.23 
1747830244.61,0,-113.71,-444.59,3.87,3.55,1.40,-113.71,-444.59,0.00,2.66,-5.13 
1747830244.61,3,-212.10,-485.73,0.56,2.02,1.24,-212.10,-485.73,0.00,-0.07,-0.21 
1747830244.91,0,-113.04,-446.17,4.00,4.41,0.33,-113.04,-446.17,0.00,2.56,-5.17 
1747830244.91,3,-212.11,-485.80,0.48,1.72,1.15,-212.11,-485.80,0.00,-0.07,-0.22 
1747830245.01,0,-112.72,-446.62,3.36,4.34,0.88,-112.72,-446.62,0.00,2.61,-5.11 
1747830245.01,3,-212.12,-485.82,0.47,1.82,1.04,-212.12,-485.82,0.00,-0.07,-0.21 
1747830245.11,0,-112.41,-447.05,3.34,4.50,0.90,-112.41,-447.05,0.00,2.65,-5.04 
1747830245.11,3,-212.16,-485.80,0.52,2.10,1.20,-212.16,-485.80,0.00,-0.10,-0.18 
1747830245.41,0,-111.67,-448.39,1.96,4.30,0.55,-111.67,-448.39,0.00,2.61,-4.91 
1747830245.41,3,-212.16,-485.89,0.80,2.52,1.16,-212.16,-485.89,0.00,-0.08,-0.21 
1747830245.51,0,-111.38,-448.89,1.85,4.55,0.55,-111.38,-448.89,0.00,2.64,-4.91 
1747830245.51,3,-212.10,-486.04,1.63,1.78,1.11,-212.10,-486.04,0.00,-0.01,-0.32 
1747830245.61,0,-111.14,-449.34,3.15,4.37,1.11,-111.14,-449.34,0.00,2.61,-4.88 
1747830245.61,3,-212.11,-486.03,0.64,2.16,1.03,-212.11,-486.03,0.00,-0.03,-0.28 
1747830245.81,0,-110.64,-450.26,3.12,4.33,1.12,-110.64,-450.26,0.00,2.59,-4.83 
1747830245.81,3,-212.14,-486.05,0.74,1.92,1.20,-212.14,-486.05,0.00,-0.05,-0.25 
1747830246.01,0,-110.19,-451.15,1.81,3.96,0.55,-110.19,-451.15,0.00,2.54,-4.76 
1747830246.01,3,-212.17,-486.08,0.61,2.01,0.88,-212.17,-486.08,0.00,-0.07,-0.23 
1747830246.21,0,-109.84,-452.23,2.21,4.12,0.29,-109.84,-452.23,0.00,2.41,-4.87 
1747830246.21,3,-212.15,-486.08,0.43,1.44,0.78,-212.15,-486.08,0.00,-0.04,-0.20 
1747830246.41,0,-109.45,-453.12,2.97,2.65,1.12,-109.45,-453.12,0.00,2.33,-4.80 
1747830246.41,3,-212.11,-486.13,0.32,1.29,0.63,-212.11,-486.13,0.00,0.01,-0.20 
1747830246.51,0,-109.11,-453.67,2.88,4.67,1.03,-109.11,-453.67,0.00,2.42,-4.86 
1747830246.51,3,-212.06,-486.19,0.27,1.80,0.60,-212.06,-486.19,0.00,0.05,-0.24 
1747830246.61,0,-108.80,-454.20,2.60,4.54,0.87,-108.80,-454.20,0.00,2.48,-4.90 
1747830246.61,3,-212.05,-486.19,0.29,1.25,0.66,-212.05,-486.19,0.00,0.05,-0.22 
1747830246.71,0,-108.58,-454.77,1.90,4.32,0.30,-108.58,-454.77,0.00,2.45,-4.96 
1747830246.71,3,-212.03,-486.23,0.24,1.59,0.62,-212.03,-486.23,0.00,0.06,-0.23 
1747830246.81,0,-108.39,-455.33,2.90,4.55,0.22,-108.39,-455.33,0.00,2.40,-5.02 
1747830246.81,3,-212.00,-486.29,0.20,1.74,0.48,-212.00,-486.29,0.00,0.08,-0.26 
1747830246.91,0,-108.10,-455.84,2.74,4.58,0.87,-108.10,-455.84,0.00,2.45,-5.02 
1747830246.91,3,-212.00,-486.31,0.21,1.50,0.55,-212.00,-486.31,0.00,0.08,-0.26 
1747830247.01,0,-107.93,-456.40,3.29,4.30,0.25,-107.93,-456.40,0.00,2.39,-5.07 
1747830247.01,3,-212.04,-486.35,0.28,1.52,0.41,-212.04,-486.35,0.00,0.03,-0.27 
1747830247.11,0,-107.60,-456.90,3.23,4.26,0.96,-107.60,-456.90,0.00,2.46,-5.07 
1747830247.11,3,-212.08,-486.37,0.34,1.60,1.08,-212.08,-486.37,0.00,0.00,-0.27 
1747830247.21,0,-107.43,-457.31,3.49,2.88,1.16,-107.43,-457.31,0.00,2.40,-4.99 
1747830247.21,3,-212.05,-486.41,0.28,1.06,0.48,-212.05,-486.41,0.00,0.03,-0.28 
1747830247.31,0,-107.13,-457.82,3.16,4.12,1.12,-107.13,-457.82,0.00,2.45,-5.00 
1747830247.31,3,-212.04,-486.44,0.25,1.20,0.58,-212.04,-486.44,0.00,0.03,-0.28 
1747830247.41,0,-106.84,-458.39,3.73,4.07,0.96,-106.84,-458.39,0.00,2.49,-5.05 
1747830247.41,3,-212.05,-486.44,0.27,1.46,0.66,-212.05,-486.44,0.00,0.02,-0.25 
1747830247.51,0,-106.55,-458.95,1.83,4.54,0.54,-106.55,-458.95,0.00,2.52,-5.10 
1747830247.51,3,-212.03,-486.47,0.36,1.47,1.21,-212.03,-486.47,0.00,0.03,-0.26 
1747830247.61,0,-106.28,-459.50,3.43,3.75,0.92,-106.28,-459.50,0.00,2.54,-5.13 
1747830247.61,3,-212.02,-486.53,0.17,1.50,0.35,-212.02,-486.53,0.00,0.04,-0.29 
1747830247.71,0,-106.03,-460.00,1.70,3.69,0.48,-106.03,-460.00,0.00,2.53,-5.12 
1747830247.71,3,-212.03,-486.54,0.20,1.55,0.85,-212.03,-486.54,0.00,0.03,-0.27 
1747830247.81,0,-105.77,-460.47,2.19,3.62,1.20,-105.77,-460.47,0.00,2.54,-5.09 
1747830247.81,3,-212.02,-486.59,0.12,1.34,0.52,-212.02,-486.59,0.00,0.04,-0.29 
1747830247.91,0,-105.48,-461.00,2.96,3.74,0.97,-105.48,-461.00,0.00,2.57,-5.11 
1747830247.91,3,-212.02,-486.58,0.16,1.36,0.62,-212.02,-486.58,0.00,0.03,-0.26 
1747830248.11,0,-104.95,-462.08,1.84,4.46,0.53,-104.95,-462.08,0.00,2.58,-5.15 
1747830248.11,3,-212.02,-486.61,0.21,1.40,0.64,-212.02,-486.61,0.00,0.02,-0.24 
1747830248.21,0,-104.79,-462.48,3.23,2.81,1.08,-104.79,-462.48,0.00,2.50,-5.06 
1747830248.21,3,-212.06,-486.60,0.20,1.89,0.66,-212.06,-486.60,0.00,-0.01,-0.21 
1747830248.31,0,-104.53,-463.05,3.72,3.66,0.94,-104.53,-463.05,0.00,2.51,-5.12 
1747830248.41,0,-104.26,-463.57,3.03,3.40,0.96,-104.26,-463.57,0.00,2.53,-5.12 
1747830248.81,0,-103.36,-465.54,3.14,2.19,1.17,-103.36,-465.54,0.00,2.44,-5.06 
1747830248.81,3,-212.13,-486.73,0.45,1.90,0.28,-212.13,-486.73,0.00,-0.05,-0.22 
1747830248.91,0,-103.06,-466.08,2.96,3.64,1.05,-103.06,-466.08,0.00,2.49,-5.09 
1747830248.91,3,-212.15,-486.74,0.20,1.33,0.66,-212.15,-486.74,0.00,-0.06,-0.21 
1747830249.11,0,-102.65,-467.15,2.20,4.20,0.22,-102.65,-467.15,0.00,2.41,-5.14 
1747830249.11,3,-212.20,-486.75,0.25,1.65,0.65,-212.20,-486.75,0.00,-0.09,-0.18 
1747830249.21,0,-102.45,-467.72,1.95,3.86,0.38,-102.45,-467.72,0.00,2.38,-5.18 
1747830249.21,3,-212.24,-486.84,0.49,1.51,1.46,-212.24,-486.84,0.00,-0.12,-0.24 
1747830249.41,0,-102.02,-468.80,1.93,3.87,0.30,-102.02,-468.80,0.00,2.34,-5.22 
1747830249.41,3,-212.24,-486.88,0.19,0.90,0.42,-212.24,-486.88,0.00,-0.10,-0.24 
1747830249.51,0,-101.84,-469.30,1.90,3.95,0.22,-101.84,-469.30,0.00,2.29,-5.20 
1747830249.51,3,-212.25,-486.88,0.19,1.31,0.45,-212.25,-486.88,0.00,-0.10,-0.22 
1747830250.01,0,-100.73,-472.02,1.55,3.88,0.31,-100.73,-472.02,0.00,2.27,-5.29 
1747830250.01,3,-212.29,-487.01,0.16,1.55,0.53,-212.29,-487.01,0.00,-0.09,-0.23 
1747830250.21,0,-100.33,-473.01,1.65,4.67,0.32,-100.33,-473.01,0.00,2.23,-5.23 
1747830250.21,3,-212.33,-487.09,0.27,1.49,1.38,-212.33,-487.09,0.00,-0.11,-0.26 
1747830250.31,0,-100.10,-473.60,1.63,3.88,0.24,-100.10,-473.60,0.00,2.23,-5.29 
1747830250.31,3,-212.37,-487.05,0.31,2.06,0.44,-212.37,-487.05,0.00,-0.14,-0.21 
1747830250.41,0,-99.84,-474.18,1.58,3.88,0.25,-99.84,-474.18,0.00,2.26,-5.33 
1747830250.41,3,-212.39,-487.07,0.29,1.47,0.49,-212.39,-487.07,0.00,-0.14,-0.20 
1747830250.51,0,-99.59,-474.80,1.41,4.01,0.29,-99.59,-474.80,0.00,2.28,-5.41 
1747830250.51,3,-212.41,-487.04,0.40,1.48,0.57,-212.41,-487.04,0.00,-0.14,-0.15 
1747830250.61,0,-99.44,-475.33,2.11,3.24,0.23,-99.44,-475.33,0.00,2.21,-5.40 
1747830250.61,3,-212.45,-487.02,0.46,1.97,0.45,-212.45,-487.02,0.00,-0.17,-0.13 
1747830250.71,0,-99.16,-475.86,2.08,3.49,0.50,-99.16,-475.86,0.00,2.27,-5.40 
1747830250.71,3,-212.43,-487.06,0.34,1.41,0.22,-212.43,-487.06,0.00,-0.13,-0.15 
1747830250.81,0,-98.95,-476.34,1.59,4.13,0.26,-98.95,-476.34,0.00,2.25,-5.34 
1747830250.81,3,-212.44,-487.10,0.30,1.60,0.28,-212.44,-487.10,0.00,-0.14,-0.18 
1747830251.21,0,-98.06,-478.43,1.53,3.81,0.28,-98.06,-478.43,0.00,2.24,-5.30 
1747830251.21,3,-212.55,-487.09,0.29,1.91,0.59,-212.55,-487.09,0.00,-0.17,-0.11 
1747830251.31,0,-97.97,-478.91,1.52,2.72,0.04,-97.97,-478.91,0.00,2.13,-5.26 
1747830251.41,0,-98.00,-479.36,1.78,2.93,0.24,-98.00,-479.36,0.00,1.92,-5.20 
1747830251.51,0,-97.75,-479.90,1.89,3.36,0.24,-97.75,-479.90,0.00,1.97,-5.21 
1747830251.61,0,-97.54,-480.43,1.70,3.64,0.22,-97.54,-480.43,0.00,1.99,-5.22 
1747830251.61,3,-212.65,-486.99,0.24,1.03,0.06,-212.65,-486.99,0.00,-0.20,-0.01 
1747830251.71,0,-97.28,-481.03,1.72,3.74,0.23,-97.28,-481.03,0.00,2.04,-5.29 
1747830251.71,3,-212.71,-486.89,0.25,1.22,0.63,-212.71,-486.89,0.00,-0.23,0.08 
1747830251.81,0,-97.05,-481.59,1.71,3.31,0.22,-97.05,-481.59,0.00,2.06,-5.32 
1747830251.81,3,-212.70,-486.96,0.29,1.34,0.01,-212.70,-486.96,0.00,-0.20,0.01 
1747830251.91,0,-96.81,-482.17,1.58,3.48,0.21,-96.81,-482.17,0.00,2.10,-5.36 
1747830252.01,0,-96.57,-482.70,1.56,3.09,0.23,-96.57,-482.70,0.00,2.12,-5.36 
1747830252.01,3,-212.73,-486.93,0.13,1.46,0.51,-212.73,-486.93,0.00,-0.20,0.03 
1747830252.11,0,-96.34,-483.21,1.88,3.80,0.40,-96.34,-483.21,0.00,2.14,-5.33 
1747830252.21,0,-96.38,-483.54,2.29,4.01,1.48,-96.38,-483.54,0.00,1.91,-5.15 
1747830252.31,0,-96.12,-484.10,1.69,4.03,0.38,-96.12,-484.10,0.00,1.98,-5.19 
1747830252.51,0,-95.65,-485.15,1.93,3.82,0.25,-95.65,-485.15,0.00,2.04,-5.21 
1747830252.61,0,-95.46,-485.59,1.69,5.04,0.24,-95.46,-485.59,0.00,2.03,-5.13 
1747830252.71,0,-95.26,-486.09,0.75,2.11,0.02,-95.26,-486.09,0.00,2.02,-5.12 
1747830252.81,0,-94.99,-486.65,0.88,2.28,0.26,-94.99,-486.65,0.00,2.08,-5.16 
1747830252.91,0,-94.78,-487.26,1.08,2.39,0.64,-94.78,-487.26,0.00,2.08,-5.24 
1747830253.01,0,-94.57,-487.81,1.33,2.51,0.68,-94.57,-487.81,0.00,2.08,-5.26 
1747830253.01,3,-212.79,-487.25,0.24,1.24,0.25,-212.79,-487.25,0.00,-0.12,-0.18 
1747830253.21,0,-94.13,-488.85,1.33,3.05,0.30,-94.13,-488.85,0.00,2.10,-5.25 
1747830253.21,3,-212.84,-487.25,0.34,1.73,0.67,-212.84,-487.25,0.00,-0.14,-0.15 
1747830253.31,0,-93.89,-489.24,1.61,3.13,0.48,-93.89,-489.24,0.00,2.13,-5.15 
1747830253.31,3,-212.85,-487.28,0.11,1.34,0.44,-212.85,-487.28,0.00,-0.14,-0.16 
1747830253.41,0,-93.65,-489.68,1.76,3.57,0.43,-93.65,-489.68,0.00,2.15,-5.08 
1747830253.41,3,-212.85,-487.30,0.17,1.00,0.44,-212.85,-487.30,0.00,-0.13,-0.16 
1747830253.51,0,-93.72,-489.92,1.91,4.07,0.64,-93.72,-489.92,0.00,1.91,-4.86 
1747830253.51,3,-212.86,-487.35,0.19,1.13,0.41,-212.86,-487.35,0.00,-0.13,-0.18 
1747830253.61,0,-93.45,-490.49,2.00,4.26,0.23,-93.45,-490.49,0.00,1.98,-4.92 
1747830253.61,3,-212.87,-487.38,0.17,1.64,0.28,-212.87,-487.38,0.00,-0.12,-0.20 
1747830253.71,0,-93.16,-491.09,1.97,4.47,0.26,-93.16,-491.09,0.00,2.05,-5.02 
1747830253.71,3,-212.87,-487.42,0.15,1.22,0.28,-212.87,-487.42,0.00,-0.12,-0.22 
1747830253.81,0,-92.91,-491.63,1.80,4.21,0.23,-92.91,-491.63,0.00,2.10,-5.05 
1747830253.81,3,-212.90,-487.43,0.18,1.31,0.34,-212.90,-487.43,0.00,-0.13,-0.20 
1747830253.91,0,-92.71,-492.10,2.86,1.54,1.23,-92.71,-492.10,0.00,2.08,-5.02 
1747830253.91,3,-212.90,-487.54,0.21,1.43,0.02,-212.90,-487.54,0.00,-0.12,-0.28 
1747830254.01,0,-92.47,-492.68,1.33,3.91,0.32,-92.47,-492.68,0.00,2.11,-5.08 
1747830254.01,3,-212.93,-487.52,0.24,1.55,0.55,-212.93,-487.52,0.00,-0.13,-0.24 
1747830254.21,0,-92.04,-493.82,1.40,3.80,0.62,-92.04,-493.82,0.00,2.11,-5.19 
1747830254.21,3,-212.94,-487.58,0.16,0.92,0.19,-212.94,-487.58,0.00,-0.12,-0.25 
1747830254.31,0,-91.80,-494.42,1.57,3.79,0.21,-91.80,-494.42,0.00,2.14,-5.25 
1747830254.31,3,-212.96,-487.58,0.18,1.04,0.34,-212.96,-487.58,0.00,-0.13,-0.23 
1747830254.41,0,-91.89,-494.61,1.72,4.27,0.52,-91.89,-494.61,0.00,1.89,-4.97 
1747830254.41,3,-212.98,-487.57,0.18,1.21,0.29,-212.98,-487.57,0.00,-0.13,-0.20 
1747830254.61,0,-91.45,-495.73,1.32,4.31,0.34,-91.45,-495.73,0.00,1.94,-5.08 
1747830254.61,3,-213.04,-487.56,0.21,1.31,0.56,-213.04,-487.56,0.00,-0.16,-0.16 
1747830254.91,0,-90.76,-497.59,1.50,3.97,0.64,-90.76,-497.59,0.00,2.03,-5.34 
1747830254.91,3,-213.09,-487.61,0.25,1.41,0.56,-213.09,-487.61,0.00,-0.16,-0.16 
1747830255.01,0,-90.53,-498.20,1.53,3.74,0.20,-90.53,-498.20,0.00,2.05,-5.40 
1747830255.01,3,-213.11,-487.63,0.29,1.51,0.56,-213.11,-487.63,0.00,-0.16,-0.16 
1747830255.11,0,-90.31,-498.75,1.42,3.28,0.24,-90.31,-498.75,0.00,2.06,-5.41 
1747830255.21,0,-90.11,-499.34,1.34,3.38,0.35,-90.11,-499.34,0.00,2.05,-5.45 
1747830255.51,0,-89.55,-500.98,1.21,2.88,0.34,-89.55,-500.98,0.00,2.01,-5.45 
1747830255.51,3,-213.19,-487.64,0.38,0.94,1.14,-213.19,-487.64,0.00,-0.17,-0.13 
1747830255.61,0,-89.35,-501.54,1.21,3.21,0.35,-89.35,-501.54,0.00,2.00,-5.46 
1747830255.61,3,-213.17,-487.72,0.42,1.07,0.68,-213.17,-487.72,0.00,-0.14,-0.18 
1747830255.81,0,-88.97,-502.65,1.13,2.99,0.44,-88.97,-502.65,0.00,1.99,-5.49 
1747830255.81,3,-213.20,-487.73,0.12,1.11,0.17,-213.20,-487.73,0.00,-0.14,-0.16 
1747830255.91,0,-88.78,-503.22,1.26,3.22,0.35,-88.78,-503.22,0.00,1.99,-5.50 
1747830255.91,3,-213.21,-487.74,0.09,0.93,0.17,-213.21,-487.74,0.00,-0.14,-0.16 
1747830256.01,0,-88.57,-503.91,1.44,2.75,0.60,-88.57,-503.91,0.00,1.99,-5.62 
1747830256.31,0,-88.02,-505.57,1.39,3.39,0.33,-88.02,-505.57,0.00,1.95,-5.59 
1747830256.31,3,-213.26,-487.82,1.42,0.17,1.40,-213.26,-487.82,0.00,-0.13,-0.17 
1747830256.41,0,-87.87,-506.06,1.21,3.56,0.36,-87.87,-506.06,0.00,1.91,-5.54 
1747830256.51,0,-87.70,-506.60,1.15,3.30,0.37,-87.70,-506.60,0.00,1.90,-5.53 
1747830256.61,0,-87.58,-507.09,1.18,3.51,0.18,-87.58,-507.09,0.00,1.83,-5.48 
1747830256.71,0,-87.48,-507.52,1.48,3.31,0.00,-87.48,-507.52,0.00,1.77,-5.38 
1747830256.91,0,-87.14,-508.54,0.96,3.55,0.30,-87.14,-508.54,0.00,1.75,-5.33 
1747830257.21,0,-86.70,-510.00,0.83,2.94,0.09,-86.70,-510.00,0.00,1.69,-5.22 
1747830257.41,0,-86.53,-510.79,1.24,2.88,1.44,-86.53,-510.79,0.00,1.55,-5.01 
1747830257.41,3,-213.51,-487.46,0.39,2.26,0.58,-213.51,-487.46,0.00,-0.22,0.15 
1747830257.51,0,-86.59,-510.85,1.56,2.97,1.36,-86.59,-510.85,0.00,1.37,-4.65 
1747830257.51,3,-213.53,-487.45,0.36,1.57,0.58,-213.53,-487.45,0.00,-0.22,0.15 
1747830257.61,0,-86.36,-511.52,1.06,4.31,0.34,-86.36,-511.52,0.00,1.45,-4.82 
1747830257.61,3,-213.59,-487.38,0.39,1.70,0.39,-213.59,-487.38,0.00,-0.24,0.19 
1747830257.71,0,-86.18,-512.05,0.68,2.53,0.06,-86.18,-512.05,0.00,1.47,-4.86 
1747830257.71,3,-213.60,-487.49,1.35,0.42,1.19,-213.60,-487.49,0.00,-0.24,0.09 
1747830257.81,0,-86.01,-512.56,0.70,2.45,0.09,-86.01,-512.56,0.00,1.50,-4.88 
1747830257.81,3,-213.62,-487.45,0.38,1.23,0.40,-213.62,-487.45,0.00,-0.23,0.12 
1747830258.01,0,-85.67,-513.61,0.66,2.59,0.04,-85.67,-513.61,0.00,1.53,-4.94 
1747830258.01,3,-213.68,-487.42,0.51,1.83,0.36,-213.68,-487.42,0.00,-0.24,0.12 
1747830258.21,0,-85.22,-514.98,0.75,2.85,0.63,-85.22,-514.98,0.00,1.65,-5.26 
1747830258.21,3,-213.70,-487.47,0.28,1.43,0.10,-213.70,-487.47,0.00,-0.22,0.06 
1747830258.41,0,-84.81,-516.17,1.03,3.79,0.45,-84.81,-516.17,0.00,1.72,-5.38 
1747830258.41,3,-213.75,-487.46,0.17,1.01,0.10,-213.75,-487.46,0.00,-0.22,0.06 
1747830258.51,0,-84.65,-516.71,0.60,2.23,0.02,-84.65,-516.71,0.00,1.71,-5.38 
1747830258.51,3,-213.77,-487.45,0.17,1.01,0.10,-213.77,-487.45,0.00,-0.22,0.06 
1747830258.61,0,-84.42,-517.31,0.70,2.44,0.34,-84.42,-517.31,0.00,1.76,-5.43 
1747830258.61,3,-213.86,-487.34,0.10,2.14,0.53,-213.86,-487.34,0.00,-0.27,0.15 
1747830258.81,0,-84.05,-518.50,0.99,3.42,0.55,-84.05,-518.50,0.00,1.77,-5.51 
1747830258.81,3,-213.94,-487.25,0.21,1.93,0.56,-213.94,-487.25,0.00,-0.30,0.19 
1747830258.91,0,-83.84,-519.09,1.08,3.45,0.26,-83.84,-519.09,0.00,1.80,-5.55 
1747830258.91,3,-213.99,-487.22,0.26,1.69,0.64,-213.99,-487.22,0.00,-0.31,0.19 
1747830259.11,0,-83.45,-520.24,1.02,3.44,0.34,-83.45,-520.24,0.00,1.82,-5.58 
1747830259.11,3,-214.05,-487.19,0.23,1.63,0.64,-214.05,-487.19,0.00,-0.31,0.19 
1747830259.31,0,-83.09,-521.39,0.92,3.01,0.38,-83.09,-521.39,0.00,1.82,-5.60 
1747830259.31,3,-214.11,-487.15,0.23,1.63,0.64,-214.11,-487.15,0.00,-0.31,0.19 
1747830259.41,0,-82.91,-521.94,0.93,2.86,0.44,-82.91,-521.94,0.00,1.82,-5.60 
1747830259.41,3,-214.14,-487.13,0.23,1.63,0.64,-214.14,-487.13,0.00,-0.31,0.19 
1747830259.51,0,-82.73,-522.27,1.14,2.99,0.92,-82.73,-522.27,0.00,1.81,-5.41 
1747830259.51,3,-214.17,-487.11,0.23,1.63,0.64,-214.17,-487.11,0.00,-0.31,0.19 
1747830259.61,0,-82.58,-522.86,1.13,3.10,0.57,-82.58,-522.86,0.00,1.79,-5.45 
1747830259.71,0,-82.37,-523.51,0.99,2.66,0.61,-82.37,-523.51,0.00,1.82,-5.54 
1747830259.81,0,-82.19,-524.03,1.14,3.36,0.31,-82.19,-524.03,0.00,1.82,-5.51 
1747830259.91,0,-81.94,-524.70,0.18,3.49,0.56,-81.94,-524.70,0.00,1.88,-5.61 
1747830260.21,0,-81.42,-526.34,0.25,3.50,0.38,-81.42,-526.34,0.00,1.84,-5.58 
1747830260.31,0,-81.26,-526.85,0.35,3.51,0.19,-81.26,-526.85,0.00,1.82,-5.53 
1747830260.41,0,-81.06,-527.48,0.80,2.33,0.60,-81.06,-527.48,0.00,1.84,-5.60 
1747830260.51,0,-80.84,-528.11,0.78,2.34,0.65,-80.84,-528.11,0.00,1.86,-5.66 
1747830260.61,0,-80.65,-528.71,0.63,1.98,0.64,-80.65,-528.71,0.00,1.87,-5.69 
1747830260.71,0,-80.47,-529.19,0.68,2.30,0.36,-80.47,-529.19,0.00,1.86,-5.61 
1747830261.11,0,-79.83,-531.25,0.77,2.59,0.36,-79.83,-531.25,0.00,1.78,-5.47 
1747830261.11,5,-129.19,-583.45,0.31,0.99,1.30,-129.19,-583.45,0.00,-0.21,0.03 
1747830261.21,0,-79.62,-531.84,0.61,2.01,0.48,-79.62,-531.84,0.00,1.81,-5.51 
1747830261.21,5,-129.19,-583.44,0.20,0.76,1.17,-129.19,-583.44,0.00,-0.20,0.04 
1747830261.51,0,-79.11,-533.66,0.95,1.26,1.24,-79.11,-533.66,0.00,1.78,-5.65 
1747830261.61,0,-79.01,-534.06,0.96,1.68,0.40,-79.01,-534.06,0.00,1.71,-5.50 
1747830261.71,0,-78.88,-534.50,0.95,2.17,0.31,-78.88,-534.50,0.00,1.68,-5.41 
1747830261.81,0,-78.73,-535.10,0.99,1.95,0.55,-78.73,-535.10,0.00,1.66,-5.46 
1747830261.81,5,-129.33,-583.44,0.29,1.19,1.27,-129.33,-583.44,0.00,-0.22,0.03 
1747830262.21,0,-78.00,-537.27,0.85,1.79,0.47,-78.00,-537.27,0.00,1.72,-5.45 
1747830262.21,5,-129.40,-583.43,0.34,0.91,0.94,-129.40,-583.43,0.00,-0.21,0.03 
1747830262.31,0,-77.84,-537.87,0.87,1.95,0.65,-77.84,-537.87,0.00,1.71,-5.50 
1747830262.31,5,-129.42,-583.44,0.30,0.70,0.90,-129.42,-583.44,0.00,-0.20,0.01 
1747830262.41,0,-77.69,-538.24,0.88,2.45,0.41,-77.69,-538.24,0.00,1.68,-5.34 
1747830262.51,0,-77.65,-538.49,0.95,2.75,0.07,-77.65,-538.49,0.00,1.57,-5.09 
1747830262.61,0,-77.53,-538.98,1.09,3.14,0.38,-77.53,-538.98,0.00,1.54,-5.07 
1747830262.81,0,-77.32,-539.75,3.02,1.64,1.32,-77.32,-539.75,0.00,1.45,-4.85 
1747830262.91,0,-77.18,-540.28,1.06,3.06,0.47,-77.18,-540.28,0.00,1.45,-4.89 
1747830263.11,0,-76.86,-541.28,0.67,2.94,0.37,-76.86,-541.28,0.00,1.48,-4.91 
1747830263.21,0,-76.71,-541.84,1.10,3.26,0.45,-76.71,-541.84,0.00,1.48,-4.98 
1747830263.21,5,-129.57,-583.38,0.25,1.07,0.97,-129.57,-583.38,0.00,-0.19,0.06 
1747830263.31,0,-76.56,-542.29,1.53,3.81,0.18,-76.56,-542.29,0.00,1.48,-4.93 
1747830263.41,0,-76.36,-542.96,1.25,3.20,0.60,-76.36,-542.96,0.00,1.53,-5.09 
1747830263.41,5,-129.62,-583.37,0.39,0.93,0.91,-129.62,-583.37,0.00,-0.20,0.06 
1747830263.51,0,-76.18,-543.59,1.10,2.90,0.64,-76.18,-543.59,0.00,1.55,-5.19 
1747830263.51,5,-129.63,-583.34,0.40,0.90,0.90,-129.63,-583.34,0.00,-0.20,0.08 
1747830263.61,0,-76.00,-544.23,1.21,2.77,0.65,-76.00,-544.23,0.00,1.57,-5.30 
1747830263.61,5,-129.66,-583.33,0.27,0.88,1.12,-129.66,-583.33,0.00,-0.21,0.08 
1747830263.81,0,-76.11,-544.86,1.31,3.06,1.08,-76.11,-544.86,0.00,1.22,-4.94 
1747830263.81,5,-129.72,-583.31,0.39,1.12,0.93,-129.72,-583.31,0.00,-0.22,0.08 
1747830263.91,0,-75.91,-545.46,1.29,3.94,0.28,-75.91,-545.46,0.00,1.28,-5.02 
1747830263.91,5,-129.80,-583.29,0.55,1.36,0.89,-129.80,-583.29,0.00,-0.27,0.09 
1747830264.01,0,-75.72,-546.02,1.32,3.73,0.32,-75.72,-546.02,0.00,1.33,-5.07 
1747830264.01,5,-129.87,-583.27,0.45,1.36,0.93,-129.87,-583.27,0.00,-0.31,0.10 
1747830264.11,0,-75.50,-546.68,0.80,3.28,0.65,-75.50,-546.68,0.00,1.41,-5.20 
1747830264.11,5,-129.87,-583.25,0.34,0.96,1.08,-129.87,-583.25,0.00,-0.28,0.11 
1747830264.31,0,-75.13,-547.68,1.03,3.27,0.39,-75.13,-547.68,0.00,1.48,-5.17 
1747830264.31,5,-129.86,-583.26,0.31,1.33,1.09,-129.86,-583.26,0.00,-0.23,0.08 
1747830264.51,0,-74.73,-548.72,1.57,3.26,0.41,-74.73,-548.72,0.00,1.56,-5.18 
1747830264.61,0,-74.57,-549.07,0.62,2.93,0.06,-74.57,-549.07,0.00,1.56,-5.04 
1747830264.71,0,-74.31,-549.70,0.77,3.13,0.67,-74.31,-549.70,0.00,1.65,-5.14 
1747830264.81,0,-74.05,-550.34,0.72,3.21,0.70,-74.05,-550.34,0.00,1.73,-5.25 
1747830265.01,0,-73.73,-551.28,0.55,3.19,0.12,-73.73,-551.28,0.00,1.71,-5.15 
1747830265.11,0,-73.54,-551.79,1.04,2.87,0.42,-73.54,-551.79,0.00,1.73,-5.15 
1747830265.41,0,-72.99,-553.33,1.05,2.96,0.37,-72.99,-553.33,0.00,1.75,-5.14 
1747830265.51,0,-72.78,-553.83,1.19,3.19,0.34,-72.78,-553.83,0.00,1.78,-5.14 
1747830265.61,0,-72.57,-554.36,0.61,3.00,0.58,-72.57,-554.36,0.00,1.81,-5.15 
1747830265.81,0,-72.29,-555.18,0.92,2.84,0.05,-72.29,-555.18,0.00,1.74,-4.98 
1747830265.91,0,-72.09,-555.77,0.92,3.44,0.45,-72.09,-555.77,0.00,1.76,-5.05 
1747830266.01,0,-71.84,-556.29,1.32,3.20,0.39,-71.84,-556.29,0.00,1.82,-5.07 
1747830266.11,0,-71.65,-556.89,0.92,3.29,0.59,-71.65,-556.89,0.00,1.83,-5.14 
1747830266.21,0,-71.45,-557.38,1.04,3.24,0.41,-71.45,-557.38,0.00,1.84,-5.13 
1747830266.31,0,-71.27,-557.90,0.81,2.81,0.46,-71.27,-557.90,0.00,1.84,-5.13 
1747830266.51,0,-70.85,-558.93,1.11,3.49,0.38,-70.85,-558.93,0.00,1.88,-5.13 
1747830266.61,0,-70.67,-559.45,0.88,2.83,0.62,-70.67,-559.45,0.00,1.87,-5.14 
1747830266.71,0,-70.49,-559.93,0.93,3.12,0.47,-70.49,-559.93,0.00,1.87,-5.11 
1747830266.91,0,-70.17,-560.79,0.80,2.91,0.10,-70.17,-560.79,0.00,1.82,-4.97 
1747830267.01,0,-69.95,-561.29,1.13,3.27,0.40,-69.95,-561.29,0.00,1.85,-4.98 
1747830267.11,0,-69.75,-561.77,1.11,3.16,0.41,-69.75,-561.77,0.00,1.87,-4.96 
1747830267.21,0,-69.56,-562.27,0.91,3.10,0.41,-69.56,-562.27,0.00,1.87,-4.96 
1747830267.31,0,-69.46,-562.65,0.83,2.54,0.22,-69.46,-562.65,0.00,1.80,-4.87 
1747830267.31,5,-130.24,-583.40,0.49,1.38,0.72,-130.24,-583.40,0.00,-0.21,0.03 
1747830267.41,0,-69.36,-563.06,1.25,2.18,0.11,-69.36,-563.06,0.00,1.73,-4.81 
1747830267.41,5,-130.27,-583.39,0.35,1.13,0.70,-130.27,-583.39,0.00,-0.22,0.04 
1747830267.51,0,-69.14,-563.60,0.71,3.39,0.48,-69.14,-563.60,0.00,1.77,-4.85 
1747830267.51,5,-130.32,-583.35,0.42,1.19,1.21,-130.32,-583.35,0.00,-0.25,0.07 
1747830267.61,0,-69.02,-564.02,0.99,2.14,0.18,-69.02,-564.02,0.00,1.73,-4.80 
1747830267.61,5,-130.37,-583.33,0.39,1.34,0.82,-130.37,-583.33,0.00,-0.26,0.08 
1747830267.81,0,-68.59,-565.05,0.95,3.56,0.47,-68.59,-565.05,0.00,1.79,-4.86 
1747830267.81,5,-130.41,-583.33,0.49,1.04,1.16,-130.41,-583.33,0.00,-0.25,0.07 
1747830267.91,0,-68.41,-565.53,0.63,2.82,0.47,-68.41,-565.53,0.00,1.79,-4.86 
1747830267.91,5,-130.39,-583.40,0.52,1.23,0.59,-130.39,-583.40,0.00,-0.22,0.01 
1747830268.21,0,-67.88,-566.99,0.63,2.82,0.47,-67.88,-566.99,0.00,1.79,-4.86 
1747830268.31,0,-67.57,-567.58,0.42,3.48,0.66,-67.57,-567.58,0.00,1.88,-4.94 
1747830268.51,0,-67.13,-568.60,0.57,3.44,0.42,-67.13,-568.60,0.00,1.93,-4.96 
1747830268.51,5,-130.50,-583.37,0.53,1.01,0.90,-130.50,-583.37,0.00,-0.20,0.03 
1747830268.61,0,-66.86,-569.17,0.71,3.37,0.48,-66.86,-569.17,0.00,1.99,-5.01 
1747830268.61,5,-130.53,-583.37,0.40,0.94,0.64,-130.53,-583.37,0.00,-0.21,0.03 
1747830268.71,0,-66.61,-569.70,0.46,3.08,0.64,-66.61,-569.70,0.00,2.03,-5.03 
1747830268.71,5,-130.57,-583.36,0.45,1.03,0.40,-130.57,-583.36,0.00,-0.23,0.03 
1747830268.81,0,-66.39,-570.25,0.80,3.15,0.67,-66.39,-570.25,0.00,2.05,-5.08 
1747830268.81,5,-130.60,-583.38,0.51,1.44,0.50,-130.60,-583.38,0.00,-0.23,0.01 
1747830268.91,0,-66.12,-570.81,0.64,3.15,0.67,-66.12,-570.81,0.00,2.09,-5.11 
1747830268.91,5,-130.59,-583.42,0.39,1.49,0.64,-130.59,-583.42,0.00,-0.21,-0.03 
1747830269.01,0,-65.83,-571.41,0.53,2.78,0.79,-65.83,-571.41,0.00,2.16,-5.19 
1747830269.11,0,-65.54,-572.01,0.47,2.67,0.66,-65.54,-572.01,0.00,2.22,-5.25 
1747830269.41,0,-64.89,-573.54,0.54,2.83,0.44,-64.89,-573.54,0.00,2.21,-5.22 
1747830269.41,5,-130.69,-583.46,0.53,1.26,0.60,-130.69,-583.46,0.00,-0.21,-0.05 
1747830269.51,0,-64.79,-573.82,0.95,2.63,1.52,-64.79,-573.82,0.00,2.11,-5.02 
1747830269.51,5,-130.71,-583.47,0.55,1.01,0.55,-130.71,-583.47,0.00,-0.21,-0.05 
1747830269.61,0,-64.51,-574.29,1.12,2.83,0.54,-64.51,-574.29,0.00,2.17,-4.99 
1747830269.61,5,-130.73,-583.57,0.63,1.12,0.85,-130.73,-583.57,0.00,-0.20,-0.13 
1747830269.71,0,-64.25,-574.70,1.47,3.52,0.45,-64.25,-574.70,0.00,2.20,-4.92 
1747830269.71,5,-130.71,-583.62,0.39,1.52,0.68,-130.71,-583.62,0.00,-0.17,-0.16 
1747830269.91,0,-63.76,-575.63,1.06,2.89,0.55,-63.76,-575.63,0.00,2.25,-4.88 
1747830269.91,5,-130.71,-583.69,0.36,1.38,0.65,-130.71,-583.69,0.00,-0.14,-0.19 
1747830270.51,0,-62.48,-578.58,0.60,2.91,0.68,-62.48,-578.58,0.00,2.20,-4.89 
1747830270.51,5,-130.83,-583.73,0.43,1.37,0.50,-130.83,-583.73,0.00,-0.16,-0.15 
1747830270.71,0,-62.06,-579.37,0.70,3.09,0.49,-62.06,-579.37,0.00,2.18,-4.75 
1747830270.71,5,-130.91,-583.62,0.48,1.36,0.59,-130.91,-583.62,0.00,-0.20,-0.04 
1747830270.81,0,-61.88,-579.79,0.70,3.13,0.47,-61.88,-579.79,0.00,2.16,-4.70 
1747830270.81,5,-130.96,-583.65,0.75,1.27,0.29,-130.96,-583.65,0.00,-0.23,-0.06 
1747830270.91,0,-61.68,-580.23,0.52,3.10,0.59,-61.68,-580.23,0.00,2.14,-4.67 
1747830270.91,5,-131.01,-583.58,0.50,1.36,0.38,-131.01,-583.58,0.00,-0.25,0.01 
1747830271.01,0,-61.49,-580.70,0.69,3.09,0.59,-61.49,-580.70,0.00,2.12,-4.67 
1747830271.01,5,-131.02,-583.55,0.46,1.04,0.46,-131.02,-583.55,0.00,-0.24,0.04 
1747830271.11,0,-61.21,-581.30,0.69,2.90,0.63,-61.21,-581.30,0.00,2.18,-4.80 
1747830271.11,5,-131.05,-583.55,0.57,1.29,0.48,-131.05,-583.55,0.00,-0.24,0.03 
1747830271.21,0,-60.99,-581.78,0.50,1.93,0.63,-60.99,-581.78,0.00,2.18,-4.80 
1747830271.21,5,-131.10,-583.54,0.74,1.31,0.23,-131.10,-583.54,0.00,-0.27,0.04 
1747830271.41,0,-60.56,-582.74,0.50,1.93,0.63,-60.56,-582.74,0.00,2.18,-4.80 
1747830271.41,5,-131.16,-583.57,0.65,1.34,0.06,-131.16,-583.57,0.00,-0.28,0.00 
1747830271.51,0,-60.55,-582.96,0.61,2.04,0.23,-60.55,-582.96,0.00,2.00,-4.57 
1747830271.51,5,-131.17,-583.58,0.48,1.12,0.41,-131.17,-583.58,0.00,-0.26,-0.00 
1747830271.61,0,-60.33,-583.41,0.70,2.22,0.41,-60.33,-583.41,0.00,2.01,-4.56 
1747830271.61,5,-131.20,-583.58,0.47,1.27,0.19,-131.20,-583.58,0.00,-0.26,-0.00 
1747830271.71,0,-60.08,-583.88,0.78,2.47,0.51,-60.08,-583.88,0.00,2.05,-4.57 
1747830271.71,5,-131.19,-583.62,0.62,1.45,0.13,-131.19,-583.62,0.00,-0.23,-0.04 
1747830271.81,0,-59.84,-584.36,0.79,3.47,0.53,-59.84,-584.36,0.00,2.08,-4.59 
1747830271.81,5,-131.21,-583.60,0.52,1.11,0.36,-131.21,-583.60,0.00,-0.22,-0.02 
1747830271.91,0,-59.75,-584.68,1.33,2.47,0.07,-59.75,-584.68,0.00,1.99,-4.48 
1747830271.91,5,-131.21,-583.59,0.44,0.89,0.46,-131.21,-583.59,0.00,-0.21,-0.01 
1747830272.01,0,-59.55,-585.13,0.59,1.43,0.07,-59.55,-585.13,0.00,1.99,-4.48 
1747830272.01,5,-131.25,-583.61,0.49,0.99,0.26,-131.25,-583.61,0.00,-0.22,-0.03 
1747830272.11,0,-59.22,-585.73,0.44,3.48,0.71,-59.22,-585.73,0.00,2.09,-4.60 
1747830272.11,5,-131.28,-583.61,0.66,1.16,0.16,-131.28,-583.61,0.00,-0.23,-0.02 
1747830272.21,0,-58.97,-586.17,0.57,3.44,0.49,-58.97,-586.17,0.00,2.12,-4.59 
1747830272.21,5,-131.31,-583.63,0.49,1.26,0.24,-131.31,-583.63,0.00,-0.23,-0.04 
1747830272.31,0,-58.72,-586.67,0.81,3.81,0.49,-58.72,-586.67,0.00,2.15,-4.62 
1747830272.31,5,-131.32,-583.67,0.52,1.26,0.28,-131.32,-583.67,0.00,-0.22,-0.07 
1747830272.41,0,-58.57,-587.11,0.48,0.60,0.94,-58.57,-587.11,0.00,2.11,-4.60 
1747830272.41,5,-131.34,-583.68,0.43,1.04,0.19,-131.34,-583.68,0.00,-0.22,-0.07 
1747830272.51,0,-58.35,-587.57,0.50,0.70,0.44,-58.35,-587.57,0.00,2.11,-4.60 
1747830272.51,5,-131.35,-583.70,0.45,1.01,0.31,-131.35,-583.70,0.00,-0.21,-0.09 
1747830272.61,0,-58.28,-587.97,0.53,0.74,0.34,-58.28,-587.97,0.00,2.00,-4.55 
1747830272.61,5,-131.36,-583.71,0.41,0.93,0.21,-131.36,-583.71,0.00,-0.20,-0.09 
1747830272.71,0,-58.01,-588.43,0.57,0.86,0.54,-58.01,-588.43,0.00,2.05,-4.56 
1747830272.71,5,-131.37,-583.75,0.51,1.25,0.11,-131.37,-583.75,0.00,-0.20,-0.11 
1747830273.01,0,-57.51,-589.68,0.62,1.00,0.21,-57.51,-589.68,0.00,1.97,-4.47 
1747830273.01,5,-131.46,-583.78,0.73,1.36,0.25,-131.46,-583.78,0.00,-0.22,-0.10 
1747830273.11,0,-57.26,-590.21,0.63,1.30,0.53,-57.26,-590.21,0.00,2.01,-4.53 
1747830273.11,5,-131.48,-583.78,0.50,1.32,0.25,-131.48,-583.78,0.00,-0.22,-0.10 
1747830273.21,0,-57.03,-590.69,0.66,1.63,0.53,-57.03,-590.69,0.00,2.03,-4.56 
1747830273.21,5,-131.51,-583.78,0.46,1.24,0.05,-131.51,-583.78,0.00,-0.22,-0.09 
1747830273.41,0,-56.70,-591.48,0.47,2.30,0.51,-56.70,-591.48,0.00,1.97,-4.45 
1747830273.41,5,-131.54,-583.78,0.43,0.96,0.07,-131.54,-583.78,0.00,-0.21,-0.08 
1747830273.51,0,-56.46,-592.00,0.50,2.67,0.44,-56.46,-592.00,0.00,2.00,-4.52 
1747830273.51,5,-131.57,-583.82,0.47,1.08,0.15,-131.57,-583.82,0.00,-0.22,-0.10 
1747830273.61,0,-56.23,-592.46,0.61,2.80,0.52,-56.23,-592.46,0.00,2.03,-4.53 
1747830273.61,5,-131.57,-583.83,0.46,1.00,0.07,-131.57,-583.83,0.00,-0.20,-0.10 
1747830273.71,0,-56.04,-592.98,0.74,2.89,0.74,-56.04,-592.98,0.00,2.02,-4.59 
1747830273.71,5,-131.57,-583.86,1.17,0.60,1.55,-131.57,-583.86,0.00,-0.18,-0.12 
1747830273.81,0,-55.82,-593.42,1.13,3.16,0.47,-55.82,-593.42,0.00,2.04,-4.57 
1747830273.81,5,-131.58,-583.88,0.41,1.10,0.41,-131.58,-583.88,0.00,-0.17,-0.13 
1747830273.91,0,-55.59,-593.88,1.07,3.20,0.50,-55.59,-593.88,0.00,2.06,-4.57 
1747830273.91,5,-131.59,-583.90,0.54,1.30,0.43,-131.59,-583.90,0.00,-0.17,-0.14 
1747830274.01,0,-55.36,-594.34,0.81,3.46,0.51,-55.36,-594.34,0.00,2.08,-4.57 
1747830274.01,5,-131.62,-583.92,0.62,1.18,0.09,-131.62,-583.92,0.00,-0.18,-0.14 
1747830274.11,0,-55.26,-594.71,1.38,2.33,0.15,-55.26,-594.71,0.00,1.99,-4.50 
1747830274.11,5,-131.64,-583.92,0.40,1.25,0.04,-131.64,-583.92,0.00,-0.18,-0.13 
1747830274.21,0,-55.16,-595.10,1.33,2.09,0.13,-55.16,-595.10,0.00,1.90,-4.44 
1747830274.21,5,-131.66,-583.93,0.43,1.24,0.01,-131.66,-583.93,0.00,-0.19,-0.12 
1747830274.31,0,-55.03,-595.49,1.04,1.92,0.15,-55.03,-595.49,0.00,1.85,-4.40 
1747830274.31,5,-131.66,-583.95,0.58,0.98,0.23,-131.66,-583.95,0.00,-0.17,-0.13 
1747830274.41,0,-54.82,-595.97,0.88,3.36,0.59,-54.82,-595.97,0.00,1.87,-4.43 
1747830274.41,5,-131.69,-583.99,1.44,0.62,1.17,-131.69,-583.99,0.00,-0.18,-0.16 
1747830274.61,0,-54.39,-596.88,1.19,3.60,0.51,-54.39,-596.88,0.00,1.92,-4.45 
1747830274.61,5,-131.72,-584.03,1.23,0.32,1.51,-131.72,-584.03,0.00,-0.18,-0.16 
1747830275.01,0,-53.70,-598.52,0.56,2.05,0.50,-53.70,-598.52,0.00,1.86,-4.35 
1747830275.01,5,-131.79,-584.05,0.44,1.24,0.10,-131.79,-584.05,0.00,-0.17,-0.13 
1747830275.11,0,-53.58,-598.91,0.75,1.80,0.24,-53.58,-598.91,0.00,1.81,-4.31 
1747830275.11,5,-131.80,-584.06,0.39,0.89,0.12,-131.80,-584.06,0.00,-0.17,-0.13 
1747830275.21,0,-53.47,-599.31,0.81,1.58,0.17,-53.47,-599.31,0.00,1.75,-4.29 
1747830275.21,5,-131.85,-584.04,0.65,1.05,0.06,-131.85,-584.04,0.00,-0.19,-0.10 
1747830275.31,0,-53.32,-599.68,0.51,1.71,0.46,-53.32,-599.68,0.00,1.73,-4.24 
1747830275.31,5,-131.88,-584.04,1.18,0.54,1.39,-131.88,-584.04,0.00,-0.21,-0.09 
1747830275.51,0,-53.02,-600.46,0.72,2.23,0.13,-53.02,-600.46,0.00,1.69,-4.18 
1747830275.51,5,-131.93,-584.01,1.16,0.62,1.38,-131.93,-584.01,0.00,-0.21,-0.05 
1747830275.61,0,-52.87,-600.85,0.60,1.86,0.16,-52.87,-600.85,0.00,1.67,-4.15 
1747830275.61,5,-131.95,-584.04,1.25,0.28,1.45,-131.95,-584.04,0.00,-0.21,-0.07 
1747830275.71,0,-52.72,-601.25,0.67,1.61,0.15,-52.72,-601.25,0.00,1.65,-4.14 
1747830275.71,5,-131.98,-584.04,1.30,0.48,1.42,-131.98,-584.04,0.00,-0.22,-0.06 
1747830275.81,0,-52.56,-601.71,0.59,1.65,0.24,-52.56,-601.71,0.00,1.65,-4.18 
1747830275.81,5,-131.99,-584.05,1.14,0.48,1.35,-131.99,-584.05,0.00,-0.21,-0.07 
1747830275.91,0,-52.40,-602.18,0.60,1.96,0.15,-52.40,-602.18,0.00,1.64,-4.23 
1747830275.91,5,-132.00,-584.07,1.13,0.50,1.35,-132.00,-584.07,0.00,-0.20,-0.08 
1747830276.01,0,-52.24,-602.62,0.51,1.59,0.12,-52.24,-602.62,0.00,1.65,-4.24 
1747830276.01,5,-132.01,-584.08,0.96,0.43,1.27,-132.01,-584.08,0.00,-0.19,-0.09 
1747830276.11,0,-52.06,-603.07,0.57,1.82,0.11,-52.06,-603.07,0.00,1.65,-4.27 
1747830276.61,0,-51.12,-605.46,0.32,1.56,0.43,-51.12,-605.46,0.00,1.74,-4.45 
1747830276.91,0,-50.50,-606.84,0.55,1.69,0.39,-50.50,-606.84,0.00,1.82,-4.48 
1747830276.91,5,-132.14,-584.27,1.50,0.31,1.46,-132.14,-584.27,0.00,-0.17,-0.18 
1747830277.11,0,-49.87,-607.89,0.63,1.82,0.42,-49.87,-607.89,0.00,2.04,-4.61 
1747830277.11,5,-132.17,-584.38,1.28,0.29,1.28,-132.17,-584.38,0.00,-0.16,-0.24 
1747830277.41,0,-49.38,-609.21,0.95,1.91,0.13,-49.38,-609.21,0.00,1.94,-4.56 
1747830277.41,5,-132.24,-584.36,1.12,0.42,1.39,-132.24,-584.36,0.00,-0.18,-0.16 
1747830277.51,0,-49.22,-609.63,0.65,1.78,0.15,-49.22,-609.63,0.00,1.92,-4.53 
1747830277.51,5,-132.22,-584.36,0.90,0.34,1.33,-132.22,-584.36,0.00,-0.15,-0.15 
1747830277.71,0,-48.78,-610.49,0.97,1.65,0.42,-48.78,-610.49,0.00,1.96,-4.49 
1747830277.71,5,-132.25,-584.43,0.83,0.28,1.45,-132.25,-584.43,0.00,-0.15,-0.18 
1747830277.81,0,-48.62,-610.90,1.80,0.81,1.56,-48.62,-610.90,0.00,1.93,-4.46 
1747830277.81,5,-132.27,-584.47,0.12,0.69,0.03,-132.27,-584.47,0.00,-0.15,-0.21 
1747830277.91,0,-48.39,-611.37,0.70,1.70,0.51,-48.39,-611.37,0.00,1.96,-4.48 
1747830277.91,5,-132.27,-584.52,0.29,0.59,1.36,-132.27,-584.52,0.00,-0.14,-0.23 
1747830278.11,0,-47.97,-612.29,0.66,1.70,0.46,-47.97,-612.29,0.00,1.99,-4.50 
1747830278.11,5,-132.31,-584.59,0.98,0.12,1.38,-132.31,-584.59,0.00,-0.15,-0.25 
1747830278.21,0,-47.76,-612.73,0.60,1.40,0.47,-47.76,-612.73,0.00,2.00,-4.49 
1747830278.21,5,-132.33,-584.59,0.62,0.22,1.32,-132.33,-584.59,0.00,-0.15,-0.23 
1747830278.31,0,-47.48,-613.30,0.65,1.64,0.49,-47.48,-613.30,0.00,2.07,-4.59 
1747830278.31,5,-132.34,-584.63,0.96,0.21,1.37,-132.34,-584.63,0.00,-0.15,-0.25 
1747830278.41,0,-47.27,-613.76,0.71,1.89,0.49,-47.27,-613.76,0.00,2.07,-4.59 
1747830278.41,5,-132.37,-584.67,1.06,0.26,1.41,-132.37,-584.67,0.00,-0.16,-0.26 
1747830278.51,0,-47.06,-614.21,0.78,2.15,0.49,-47.06,-614.21,0.00,2.07,-4.59 
1747830278.51,5,-132.37,-584.67,0.81,0.22,1.46,-132.37,-584.67,0.00,-0.15,-0.24 
1747830278.71,0,-46.55,-615.30,0.80,2.62,0.42,-46.55,-615.30,0.00,2.15,-4.72 
1747830278.71,5,-132.39,-584.71,0.83,0.14,1.36,-132.39,-584.71,0.00,-0.14,-0.23 
1747830278.81,0,-46.28,-615.84,0.85,3.73,0.53,-46.28,-615.84,0.00,2.19,-4.78 
1747830278.81,5,-132.42,-584.68,0.89,0.16,1.43,-132.42,-584.68,0.00,-0.15,-0.19 
1747830278.91,0,-46.14,-616.23,0.50,2.02,0.40,-46.14,-616.23,0.00,2.13,-4.71 
1747830278.91,5,-132.42,-584.72,0.86,0.23,1.15,-132.42,-584.72,0.00,-0.14,-0.20 
1747830279.01,0,-46.00,-616.62,0.40,2.02,0.44,-46.00,-616.62,0.00,2.07,-4.65 
1747830279.01,5,-132.45,-584.72,0.97,0.28,1.29,-132.45,-584.72,0.00,-0.16,-0.18 
1747830279.21,0,-45.65,-617.49,0.60,1.86,0.40,-45.65,-617.49,0.00,2.02,-4.60 
1747830279.21,5,-132.49,-584.77,1.45,0.23,1.38,-132.49,-584.77,0.00,-0.17,-0.20 
1747830279.31,0,-45.38,-618.03,0.67,2.11,0.50,-45.38,-618.03,0.00,2.07,-4.66 
1747830279.31,5,-132.51,-584.77,0.84,0.24,1.18,-132.51,-584.77,0.00,-0.17,-0.18 
1747830279.41,0,-45.20,-618.42,0.52,1.99,0.52,-45.20,-618.42,0.00,2.05,-4.61 
1747830279.41,5,-132.53,-584.75,0.95,0.21,1.29,-132.53,-584.75,0.00,-0.17,-0.15 
1747830279.51,0,-45.07,-618.82,0.97,1.97,0.19,-45.07,-618.82,0.00,1.99,-4.56 
1747830279.51,5,-132.58,-584.75,0.71,0.38,1.18,-132.58,-584.75,0.00,-0.19,-0.13 
1747830279.61,0,-44.81,-619.34,1.05,2.30,0.60,-44.81,-619.34,0.00,2.04,-4.61 
1747830279.61,5,-132.59,-584.74,0.86,0.14,1.07,-132.59,-584.74,0.00,-0.19,-0.11 
1747830279.71,0,-44.65,-619.75,0.85,2.26,0.19,-44.65,-619.75,0.00,2.01,-4.57 
1747830279.71,5,-132.60,-584.75,0.84,0.18,1.27,-132.60,-584.75,0.00,-0.18,-0.11 
1747830279.81,0,-44.38,-620.28,0.87,2.70,0.58,-44.38,-620.28,0.00,2.06,-4.62 
1747830279.81,5,-132.62,-584.77,0.98,0.11,1.18,-132.62,-584.77,0.00,-0.18,-0.12 
