1747830128.52,0,-159.64,-265.61,1.12,0.07,0.76,-159.64,-265.61,0.00,1.12,-5.47 
1747830128.92,0,-159.30,-267.59,1.12,0.11,1.24,-159.30,-267.59,0.00,1.03,-5.27 
1747830129.32,0,-158.63,-269.41,1.15,0.14,0.32,-158.63,-269.41,0.00,1.27,-5.00 
1747830129.42,0,-158.45,-269.80,1.15,0.20,0.99,-158.45,-269.80,0.00,1.32,-4.89 
1747830129.52,0,-158.24,-270.21,1.43,0.29,0.32,-158.24,-270.21,0.00,1.40,-4.81 
1747830129.72,0,-157.86,-271.02,1.47,0.38,0.29,-157.86,-271.02,0.00,1.51,-4.64 
1747830130.12,0,-157.23,-272.69,0.99,0.07,0.24,-157.23,-272.69,0.00,1.55,-4.49 
1747830130.32,0,-156.92,-273.57,1.03,0.09,0.97,-156.92,-273.57,0.00,1.55,-4.47 
1747830130.42,0,-156.68,-274.01,1.09,0.11,0.36,-156.68,-274.01,0.00,1.64,-4.47 
1747830130.62,0,-156.36,-274.91,0.97,0.06,0.36,-156.36,-274.91,0.00,1.64,-4.47 
1747830130.72,0,-156.40,-275.34,0.97,0.08,0.93,-156.40,-275.34,0.00,1.43,-4.46 
1747830130.82,0,-156.25,-275.79,0.97,0.10,0.53,-156.25,-275.79,0.00,1.43,-4.46 
1747830131.22,0,-155.73,-277.58,1.02,0.12,0.39,-155.73,-277.58,0.00,1.37,-4.47 
1747830131.62,0,-155.27,-279.17,1.07,0.15,0.46,-155.27,-279.17,0.00,1.29,-4.31 
1747830131.82,0,-155.03,-279.96,1.09,0.19,0.40,-155.03,-279.96,0.00,1.28,-4.23 
1747830131.92,0,-154.87,-280.37,0.88,0.02,0.35,-154.87,-280.37,0.00,1.31,-4.22 
1747830132.32,0,-154.45,-282.16,0.90,0.03,0.50,-154.45,-282.16,0.00,1.22,-4.32 
1747830132.42,0,-154.39,-282.59,0.92,0.04,0.46,-154.39,-282.59,0.00,1.15,-4.31 
1747830132.62,0,-154.10,-283.31,0.93,0.05,0.37,-154.10,-283.31,0.00,1.22,-4.16 
1747830132.82,0,-153.80,-284.12,1.12,0.08,0.43,-153.80,-284.12,0.00,1.28,-4.14 
1747830133.22,0,-153.27,-285.77,0.96,0.05,0.39,-153.27,-285.77,0.00,1.29,-4.13 
1747830133.32,0,-153.32,-286.09,0.95,0.08,0.91,-153.32,-286.09,0.00,1.12,-4.04 
1747830133.42,0,-152.92,-286.72,0.96,0.11,0.99,-152.92,-286.72,0.00,1.42,-4.28 
1747830133.62,0,-152.66,-287.46,0.97,0.14,0.45,-152.66,-287.46,0.00,1.39,-4.15 
1747830133.92,0,-152.47,-288.60,1.02,0.18,0.48,-152.47,-288.60,0.00,1.17,-4.05 
1747830134.12,0,-152.19,-289.37,1.37,0.15,0.60,-152.19,-289.37,0.00,1.21,-4.01 
1747830134.22,0,-151.98,-289.84,1.40,0.19,1.50,-151.98,-289.84,0.00,1.31,-4.09 
1747830134.32,0,-151.80,-290.14,1.42,0.25,0.68,-151.80,-290.14,0.00,1.36,-3.96 
1747830134.42,0,-151.66,-290.50,1.45,0.33,0.45,-151.66,-290.50,0.00,1.36,-3.93 
1747830134.52,0,-151.43,-291.16,1.44,0.52,0.46,-151.43,-291.16,0.00,1.47,-4.22 
1747830134.72,0,-151.21,-291.93,1.18,0.72,0.65,-151.21,-291.93,0.00,1.39,-4.14 
1747830134.82,0,-150.93,-292.33,1.28,0.85,0.54,-150.93,-292.33,0.00,1.54,-4.13 
1747830134.92,0,-150.80,-292.61,1.37,0.98,0.40,-150.80,-292.61,0.00,1.51,-3.99 
1747830135.02,0,-150.67,-292.98,0.63,1.36,1.44,-150.67,-292.98,0.00,1.49,-3.95 
1747830135.22,0,-150.09,-294.02,0.66,1.67,0.78,-150.09,-294.02,0.00,1.78,-4.21 
1747830135.32,0,-149.86,-294.66,0.73,1.89,0.48,-149.86,-294.66,0.00,1.83,-4.43 
1747830135.72,0,-149.26,-296.24,0.80,2.20,0.87,-149.26,-296.24,0.00,1.74,-4.29 
1747830135.82,0,-148.98,-296.75,0.85,2.53,0.88,-148.98,-296.75,0.00,1.85,-4.38 
1747830136.02,0,-148.86,-297.38,1.24,2.05,0.79,-148.86,-297.38,0.00,1.60,-4.13 
1747830136.32,0,-148.54,-298.51,1.54,2.07,1.55,-148.54,-298.51,0.00,1.45,-4.02 
1747830136.52,0,-148.16,-299.45,1.54,3.49,0.33,-148.16,-299.45,0.00,1.53,-4.17 
1747830136.72,0,-147.77,-300.42,0.91,3.14,0.49,-147.77,-300.42,0.00,1.62,-4.30 
1747830136.92,0,-147.57,-301.16,1.37,0.99,0.74,-147.57,-301.16,0.00,1.49,-4.18 
1747830137.02,0,-147.33,-301.66,1.42,1.25,0.29,-147.33,-301.66,0.00,1.59,-4.26 
1747830137.12,0,-147.16,-301.80,1.59,1.40,0.54,-147.16,-301.80,0.00,1.60,-3.97 
1747830137.62,0,-145.99,-303.61,1.52,1.97,0.92,-145.99,-303.61,0.00,1.95,-3.85 
1747830138.02,0,-145.22,-304.95,0.73,2.20,1.57,-145.22,-304.95,0.00,1.96,-3.66 
1747830138.12,0,-145.09,-305.22,2.15,1.44,0.34,-145.09,-305.22,0.00,1.89,-3.55 
1747830138.32,0,-144.59,-306.12,1.27,3.15,1.07,-144.59,-306.12,0.00,2.03,-3.75 
1747830138.42,0,-144.47,-306.47,1.73,0.40,0.36,-144.47,-306.47,0.00,1.94,-3.73 
1747830138.62,0,-144.07,-307.24,1.68,0.56,0.59,-144.07,-307.24,0.00,1.95,-3.76 
1747830138.72,0,-144.00,-307.51,1.65,0.78,0.82,-144.00,-307.51,0.00,1.81,-3.64 
1747830138.82,0,-143.92,-307.95,1.82,0.39,0.33,-143.92,-307.95,0.00,1.72,-3.73 
1747830139.02,0,-143.53,-308.97,1.81,0.57,0.34,-143.53,-308.97,0.00,1.76,-4.01 
1747830139.12,0,-143.50,-309.37,1.79,0.76,0.59,-143.50,-309.37,0.00,1.61,-4.01 
1747830139.32,0,-143.27,-310.29,1.85,0.34,0.66,-143.27,-310.29,0.00,1.51,-4.12 
1747830139.42,0,-143.17,-310.81,1.94,0.42,1.38,-143.17,-310.81,0.00,1.46,-4.23 
1747830139.52,0,-143.05,-311.27,1.99,0.54,1.35,-143.05,-311.27,0.00,1.43,-4.28 
1747830139.62,0,-142.88,-311.66,1.44,0.26,0.44,-142.88,-311.66,0.00,1.46,-4.24 
1747830140.02,0,-142.23,-313.40,1.34,0.43,0.95,-142.23,-313.40,0.00,1.52,-4.28 
1747830140.12,0,-142.08,-313.67,1.41,0.53,0.46,-142.08,-313.67,0.00,1.52,-4.13 
1747830140.22,0,-141.90,-314.07,1.47,0.63,0.21,-141.90,-314.07,0.00,1.54,-4.11 
1747830140.32,0,-141.81,-314.51,1.49,0.20,0.39,-141.81,-314.51,0.00,1.48,-4.14 
1747830140.42,0,-141.73,-314.92,1.54,0.25,0.34,-141.73,-314.92,0.00,1.40,-4.14 
1747830140.52,0,-141.63,-315.34,1.59,0.32,0.33,-141.63,-315.34,0.00,1.35,-4.15 
1747830140.62,0,-141.49,-315.80,1.58,0.43,0.45,-141.49,-315.80,0.00,1.35,-4.20 
1747830140.82,0,-141.28,-316.84,1.75,0.49,1.10,-141.28,-316.84,0.00,1.28,-4.42 
1747830140.92,0,-141.16,-317.37,1.84,0.60,1.01,-141.16,-317.37,0.00,1.28,-4.52 
1747830141.12,0,-140.87,-318.19,2.33,0.62,0.73,-140.87,-318.19,0.00,1.32,-4.42 
1747830141.52,0,-140.36,-320.02,1.61,0.54,0.47,-140.36,-320.02,0.00,1.30,-4.48 
1747830141.82,0,-140.10,-321.98,1.84,0.59,1.40,-140.10,-321.98,0.00,1.18,-5.06 
1747830141.92,0,-140.03,-322.46,1.89,0.74,0.53,-140.03,-322.46,0.00,1.13,-5.03 
1747830142.12,0,-140.04,-323.42,1.98,0.91,0.89,-140.04,-323.42,0.00,0.88,-4.99 
1747830142.32,0,-140.02,-324.40,2.10,1.04,0.59,-140.02,-324.40,0.00,0.71,-4.97 
1747830142.42,0,-140.02,-324.88,2.29,0.93,0.40,-140.02,-324.88,0.00,0.64,-4.95 
1747830142.52,0,-139.98,-325.48,2.65,1.59,1.35,-139.98,-325.48,0.00,0.61,-5.06 
1747830142.72,0,-140.11,-326.53,2.84,1.47,1.09,-140.11,-326.53,0.00,0.35,-5.11 
1747830142.92,0,-140.17,-327.58,3.20,1.61,1.30,-140.17,-327.58,0.00,0.21,-5.14 
1747830143.12,0,-140.27,-328.77,3.54,1.37,1.28,-140.27,-328.77,0.00,0.07,-5.30 
1747830143.32,0,-140.32,-329.54,3.25,1.91,0.87,-140.32,-329.54,0.00,0.00,-5.01 
1747830143.42,0,-140.33,-329.97,2.74,1.33,0.61,-140.33,-329.97,0.00,-0.00,-4.93 
1747830143.52,0,-140.38,-330.40,2.60,1.57,0.51,-140.38,-330.40,0.00,-0.06,-4.87 
1747830143.72,0,-140.49,-331.47,4.57,1.78,1.20,-140.49,-331.47,0.00,-0.16,-4.97 
1747830143.82,0,-140.43,-331.87,3.26,1.06,0.56,-140.43,-331.87,0.00,-0.08,-4.88 
1747830143.92,0,-140.40,-332.26,2.14,1.33,0.20,-140.40,-332.26,0.00,-0.05,-4.76 
1747830144.42,0,-140.80,-334.54,0.72,0.11,1.12,-140.80,-334.54,0.00,-0.34,-4.69 
1747830144.52,0,-141.34,-335.42,0.74,0.12,1.25,-141.34,-335.42,0.00,-0.82,-5.07 
1747830144.72,0,-141.88,-336.27,0.75,0.13,0.42,-141.88,-336.27,0.00,-1.18,-4.92 
1747830144.92,0,-142.35,-337.28,0.77,0.14,0.99,-142.35,-337.28,0.00,-1.41,-4.95 
1747830145.02,0,-142.69,-337.90,0.80,0.15,1.12,-142.69,-337.90,0.00,-1.60,-5.07 
1747830145.12,0,-142.96,-338.44,0.82,0.17,1.10,-142.96,-338.44,0.00,-1.71,-5.10 
1747830145.32,0,-143.46,-339.41,0.85,0.19,0.92,-143.46,-339.41,0.00,-1.87,-5.05 
1747830145.62,0,-144.24,-340.64,0.87,0.21,0.30,-144.24,-340.64,0.00,-2.08,-4.78 
1747830145.72,0,-144.53,-340.99,0.90,0.23,0.99,-144.53,-340.99,0.00,-2.17,-4.65 
1747830145.82,0,-144.94,-341.32,0.93,0.25,0.32,-144.94,-341.32,0.00,-2.37,-4.50 
1747830145.92,0,-145.29,-341.65,0.96,0.28,0.32,-145.29,-341.65,0.00,-2.49,-4.38 
1747830146.02,0,-145.73,-342.02,1.00,0.30,0.84,-145.73,-342.02,0.00,-2.70,-4.31 
1747830146.12,0,-146.09,-342.46,1.06,0.33,0.87,-146.09,-342.46,0.00,-2.79,-4.31 
1747830146.22,0,-146.46,-343.01,1.14,0.36,0.86,-146.46,-343.01,0.00,-2.89,-4.44 
1747830146.32,0,-146.84,-343.47,1.22,0.40,0.87,-146.84,-343.47,0.00,-2.99,-4.47 
1747830146.42,0,-147.29,-343.96,1.30,0.45,0.74,-147.29,-343.96,0.00,-3.16,-4.52 
1747830146.52,0,-147.70,-344.39,1.40,0.50,0.65,-147.70,-344.39,0.00,-3.26,-4.49 
1747830146.62,0,-148.10,-344.82,1.51,0.57,0.59,-148.10,-344.82,0.00,-3.35,-4.46 
1747830146.72,0,-148.46,-345.08,1.60,0.66,0.18,-148.46,-345.08,0.00,-3.37,-4.27 
1747830146.82,0,-148.83,-345.50,1.77,0.75,0.71,-148.83,-345.50,0.00,-3.41,-4.26 
1747830146.92,0,-149.09,-345.85,1.96,0.83,0.33,-149.09,-345.85,0.00,-3.32,-4.18 
1747830147.12,0,-149.82,-346.55,2.15,0.94,0.50,-149.82,-346.55,0.00,-3.39,-4.05 
1747830147.22,0,-150.18,-346.87,2.41,1.06,0.44,-150.18,-346.87,0.00,-3.41,-3.96 
1747830147.32,0,-150.60,-347.02,2.57,1.27,0.05,-150.60,-347.02,0.00,-3.49,-3.71 
1747830147.42,0,-150.95,-347.27,2.79,1.49,0.88,-150.95,-347.27,0.00,-3.49,-3.58 
1747830147.62,0,-151.52,-347.81,3.40,1.57,0.45,-151.52,-347.81,0.00,-3.36,-3.40 
1747830147.72,0,-151.83,-347.98,3.97,1.71,0.43,-151.83,-347.98,0.00,-3.34,-3.23 
1747830147.82,0,-152.47,-348.32,6.04,2.20,0.35,-152.47,-348.32,0.00,-3.66,-3.25 
1747830147.92,0,-152.96,-348.64,5.40,1.87,0.33,-152.96,-348.64,0.00,-3.78,-3.24 
1747830148.32,0,-154.42,-349.53,5.93,2.12,0.35,-154.42,-349.53,0.00,-3.74,-2.89 
1747830148.42,0,-155.25,-349.64,6.42,3.12,0.08,-155.25,-349.64,0.00,-4.18,-2.72 
1747830148.62,0,-156.59,-350.07,5.95,2.30,0.13,-156.59,-350.07,0.00,-4.71,-2.60 
1747830148.72,0,-157.27,-350.19,5.29,2.43,0.12,-157.27,-350.19,0.00,-4.94,-2.44 
1747830148.82,0,-158.00,-350.33,5.10,2.20,0.08,-158.00,-350.33,0.00,-5.21,-2.33 
1747830148.92,0,-158.60,-350.43,5.03,2.38,0.08,-158.60,-350.43,0.00,-5.30,-2.18 
1747830149.12,0,-159.66,-350.72,3.00,4.74,1.37,-159.66,-350.72,0.00,-5.30,-2.02 
1747830149.42,0,-160.80,-351.06,9.07,2.53,0.04,-160.80,-351.06,0.00,-4.85,-1.76 
1747830149.62,0,-162.10,-351.11,2.95,6.07,1.20,-162.10,-351.11,0.00,-5.18,-1.45 
1747830149.92,0,-163.85,-351.18,4.89,3.53,0.20,-163.85,-351.18,0.00,-5.38,-1.11 
1747830150.22,0,-165.49,-351.06,4.71,3.85,0.20,-165.49,-351.06,0.00,-5.40,-0.68 
1747830150.32,0,-165.57,-350.98,2.62,9.13,1.37,-165.57,-350.98,0.00,-4.95,-0.54 
1747830150.42,0,-166.31,-350.85,2.21,6.32,1.33,-166.31,-350.85,0.00,-5.19,-0.34 
1747830150.52,0,-165.94,-350.49,3.63,6.12,0.14,-165.94,-350.49,0.00,-4.23,0.09 
1747830150.82,0,-167.87,-350.29,7.01,3.16,0.01,-167.87,-350.29,0.00,-4.91,0.26 
1747830150.92,0,-168.31,-350.13,2.98,7.49,1.13,-168.31,-350.13,0.00,-4.85,0.40 
1747830151.02,0,-168.81,-350.07,1.89,7.80,1.12,-168.81,-350.07,0.00,-4.87,0.42 
1747830151.12,0,-169.65,-349.84,3.54,5.81,0.64,-169.65,-349.84,0.00,-5.26,0.63 
1747830151.22,0,-169.59,-349.68,3.51,7.63,1.53,-169.59,-349.68,0.00,-4.61,0.74 
1747830151.32,0,-170.11,-349.59,2.29,8.15,1.01,-170.11,-349.59,0.00,-4.67,0.76 
1747830151.42,0,-170.96,-349.31,1.82,7.57,1.05,-170.96,-349.31,0.00,-5.09,0.98 
1747830151.52,0,-171.46,-349.20,1.89,7.73,1.01,-171.46,-349.20,0.00,-5.09,1.00 
1747830151.62,0,-171.95,-349.04,2.56,7.95,0.95,-171.95,-349.04,0.00,-5.07,1.07 
1747830151.72,0,-172.43,-348.86,2.92,7.68,0.90,-172.43,-348.86,0.00,-5.04,1.15 
1747830151.92,0,-173.27,-348.52,3.65,8.84,0.96,-173.27,-348.52,0.00,-4.87,1.26 
1747830152.02,0,-173.77,-348.30,2.47,7.82,0.86,-173.77,-348.30,0.00,-4.88,1.36 
1747830152.12,0,-174.51,-347.89,1.89,7.12,0.86,-174.51,-347.89,0.00,-5.14,1.64 
1747830152.22,0,-174.92,-347.67,2.99,8.10,0.83,-174.92,-347.67,0.00,-5.04,1.70 
1747830152.32,0,-175.37,-347.43,2.76,7.70,0.77,-175.37,-347.43,0.00,-4.98,1.77 
1747830152.42,0,-176.03,-347.05,3.51,6.30,1.18,-176.03,-347.05,0.00,-5.14,1.99 
1747830152.62,0,-176.20,-346.64,3.70,7.73,1.23,-176.20,-346.64,0.00,-4.28,2.00 
1747830152.92,0,-177.81,-345.44,2.48,7.61,0.65,-177.81,-345.44,0.00,-4.59,2.56 
1747830153.12,0,-178.87,-344.38,3.21,6.92,0.59,-178.87,-344.38,0.00,-4.73,3.10 
1747830153.22,0,-179.39,-343.77,3.05,6.08,0.59,-179.39,-343.77,0.00,-4.77,3.42 
1747830153.32,0,-179.94,-343.25,1.69,5.62,0.56,-179.94,-343.25,0.00,-4.86,3.60 
1747830153.42,0,-179.61,-343.29,1.82,6.61,1.02,-179.61,-343.29,0.00,-3.98,3.17 
1747830153.52,0,-179.96,-342.98,3.04,7.37,0.95,-179.96,-342.98,0.00,-3.93,3.16 
1747830153.62,0,-180.43,-342.39,3.05,6.74,0.51,-180.43,-342.39,0.00,-4.01,3.46 
1747830153.72,0,-180.75,-342.05,2.99,7.66,0.90,-180.75,-342.05,0.00,-3.92,3.45 
1747830153.82,0,-180.58,-342.04,3.04,9.64,0.95,-180.58,-342.04,0.00,-3.30,3.09 
1747830154.12,0,-181.60,-340.87,2.76,8.76,0.36,-181.60,-340.87,0.00,-3.34,3.32 
1747830154.42,0,-182.79,-339.06,3.95,7.41,0.37,-182.79,-339.06,0.00,-3.51,4.10 
1747830154.62,0,-183.65,-337.66,2.18,6.65,0.45,-183.65,-337.66,0.00,-3.68,4.68 
1747830155.02,0,-184.68,-335.33,3.72,5.47,0.19,-184.68,-335.33,0.00,-3.28,5.09 
1747830155.12,0,-184.79,-335.00,2.84,8.13,0.11,-184.79,-335.00,0.00,-3.07,4.91 
1747830155.22,0,-184.80,-334.59,3.52,8.32,0.21,-184.80,-334.59,0.00,-2.75,4.83 
1747830155.32,0,-185.06,-333.91,1.94,5.21,0.10,-185.06,-333.91,0.00,-2.74,5.05 
1747830155.52,0,-185.52,-332.75,2.93,4.99,0.54,-185.52,-332.75,0.00,-2.64,5.22 
1747830155.62,0,-185.55,-332.48,2.98,9.27,0.16,-185.55,-332.48,0.00,-2.38,4.93 
1747830155.72,0,-185.59,-332.21,2.64,9.22,0.46,-185.59,-332.21,0.00,-2.15,4.68 
1747830155.82,0,-185.70,-331.83,2.40,8.20,0.20,-185.70,-331.83,0.00,-2.04,4.58 
1747830155.92,0,-185.72,-331.54,4.09,9.45,0.09,-185.72,-331.54,0.00,-1.83,4.38 
1747830156.32,0,-186.01,-329.64,4.17,7.68,0.21,-186.01,-329.64,0.00,-1.43,4.52 
1747830156.62,0,-186.26,-327.89,3.26,7.53,0.40,-186.26,-327.89,0.00,-1.26,4.90 
1747830156.72,0,-186.40,-326.87,1.72,6.60,0.10,-186.40,-326.87,0.00,-1.27,5.43 
1747830156.82,0,-186.52,-325.90,5.45,1.64,1.53,-186.52,-325.90,0.00,-1.26,5.90 
1747830156.92,0,-186.50,-324.97,2.46,5.04,0.00,-186.50,-324.97,0.00,-1.10,6.28 
1747830157.02,0,-186.62,-324.29,2.18,4.92,0.34,-186.62,-324.29,0.00,-1.11,6.34 
1747830157.12,0,-186.66,-323.77,4.09,2.13,1.13,-186.66,-323.77,0.00,-1.03,6.21 
1747830158.12,0,-187.41,-319.28,8.19,1.85,1.46,-187.41,-319.28,0.00,-0.92,5.58 
1747830158.32,0,-187.41,-318.00,2.07,2.62,0.08,-187.41,-318.00,0.00,-0.73,5.74 
1747830158.42,0,-187.14,-317.34,3.79,2.27,0.90,-187.14,-317.34,0.00,-0.28,5.86 
1747830158.52,0,-187.25,-317.35,7.78,1.66,1.42,-187.25,-317.35,0.00,-0.41,4.96 
1747830158.62,0,-187.16,-316.68,3.93,1.51,1.05,-187.16,-316.68,0.00,-0.19,5.24 
1747830158.92,0,-187.24,-314.75,5.12,1.60,1.47,-187.24,-314.75,0.00,-0.23,5.72 
1747830159.02,0,-187.21,-313.87,4.81,1.95,1.56,-187.21,-313.87,0.00,-0.15,6.13 
1747830159.32,0,-187.29,-312.15,4.79,1.47,1.44,-187.29,-312.15,0.00,-0.19,5.99 
1747830159.52,0,-187.46,-311.15,4.99,2.00,1.35,-187.46,-311.15,0.00,-0.34,5.78 
1747830159.92,0,-187.64,-308.92,3.93,1.21,1.42,-187.64,-308.92,0.00,-0.38,5.71 
1747830160.02,0,-187.65,-308.30,1.69,3.96,0.06,-187.65,-308.30,0.00,-0.35,5.76 
1747830160.12,0,-187.75,-307.79,1.70,4.12,0.06,-187.75,-307.79,0.00,-0.42,5.69 
1747830160.22,0,-187.74,-307.56,1.87,2.27,0.31,-187.74,-307.56,0.00,-0.36,5.31 
1747830160.32,0,-187.86,-306.97,1.84,3.74,0.25,-187.86,-306.97,0.00,-0.45,5.38 
1747830160.52,0,-187.84,-306.20,3.50,2.25,1.12,-187.84,-306.20,0.00,-0.33,5.04 
1747830160.62,0,-187.81,-305.79,2.52,1.60,1.10,-187.81,-305.79,0.00,-0.25,4.93 
1747830161.02,0,-187.98,-304.15,2.13,1.89,0.15,-187.98,-304.15,0.00,-0.32,4.63 
1747830161.12,0,-188.13,-303.44,1.87,4.19,0.46,-188.13,-303.44,0.00,-0.44,4.88 
1747830161.22,0,-188.17,-303.04,2.40,1.19,0.97,-188.17,-303.04,0.00,-0.43,4.78 
1747830161.42,0,-188.24,-302.33,2.83,1.40,1.30,-188.24,-302.33,0.00,-0.41,4.51 
1747830161.62,0,-188.31,-301.34,1.55,2.45,0.17,-188.31,-301.34,0.00,-0.41,4.61 
1747830161.92,0,-188.39,-299.97,2.38,1.01,1.07,-188.39,-299.97,0.00,-0.36,4.59 
1747830162.22,0,-188.51,-298.45,1.68,1.78,1.52,-188.51,-298.45,0.00,-0.37,4.73 
1747830162.32,0,-188.51,-297.99,2.64,1.20,1.14,-188.51,-297.99,0.00,-0.34,4.71 
1747830162.42,0,-188.47,-297.45,2.84,1.13,1.02,-188.47,-297.45,0.00,-0.25,4.78 
1747830162.52,0,-188.54,-296.90,2.41,1.55,1.57,-188.54,-296.90,0.00,-0.31,4.86 
1747830162.82,0,-188.70,-295.26,1.81,3.55,0.12,-188.70,-295.26,0.00,-0.38,5.05 
1747830162.92,0,-188.86,-294.96,2.78,1.08,0.51,-188.86,-294.96,0.00,-0.50,4.84 
1747830163.02,0,-188.94,-294.48,1.71,2.04,0.28,-188.94,-294.48,0.00,-0.53,4.82 
1747830163.12,0,-189.04,-294.14,2.37,1.39,0.37,-189.04,-294.14,0.00,-0.58,4.67 
1747830163.22,0,-189.07,-293.73,1.74,2.95,0.27,-189.07,-293.73,0.00,-0.55,4.61 
1747830163.62,0,-189.11,-291.57,2.34,3.54,0.12,-189.11,-291.57,0.00,-0.39,4.89 
1747830163.72,0,-189.15,-290.92,1.67,3.78,0.15,-189.15,-290.92,0.00,-0.39,5.06 
1747830163.92,0,-189.08,-290.09,2.89,2.02,1.07,-189.08,-290.09,0.00,-0.23,4.86 
1747830164.02,0,-189.10,-289.51,1.89,2.93,0.11,-189.10,-289.51,0.00,-0.23,4.96 
1747830164.12,0,-189.15,-289.04,1.54,1.83,1.57,-189.15,-289.04,0.00,-0.26,4.93 
1747830164.42,0,-189.32,-287.68,1.63,2.12,0.05,-189.32,-287.68,0.00,-0.35,4.82 
1747830164.52,0,-189.53,-287.31,1.97,2.17,1.06,-189.53,-287.31,0.00,-0.54,4.69 
1747830164.62,0,-189.50,-286.74,2.39,2.28,1.54,-189.50,-286.74,0.00,-0.45,4.80 
1747830164.72,0,-189.53,-286.20,1.76,2.93,0.11,-189.53,-286.20,0.00,-0.43,4.87 
1747830164.82,0,-189.50,-285.74,2.06,2.39,0.10,-189.50,-285.74,0.00,-0.35,4.84 
1747830164.92,0,-189.49,-285.30,1.73,2.80,0.06,-189.49,-285.30,0.00,-0.30,4.78 
1747830165.12,0,-189.58,-284.53,2.40,1.52,0.42,-189.58,-284.53,0.00,-0.33,4.59 
1747830165.22,0,-189.71,-284.02,2.12,2.87,0.07,-189.71,-284.02,0.00,-0.43,4.65 
1747830165.32,0,-189.81,-283.66,2.38,1.67,0.35,-189.81,-283.66,0.00,-0.50,4.54 
1747830165.62,0,-189.79,-282.13,2.28,2.70,0.02,-189.79,-282.13,0.00,-0.33,4.70 
1747830165.72,0,-189.79,-281.59,1.95,3.15,0.15,-189.79,-281.59,0.00,-0.30,4.77 
1747830165.82,0,-189.77,-281.22,2.68,2.33,0.90,-189.77,-281.22,0.00,-0.24,4.65 
1747830165.92,0,-189.85,-280.64,1.94,2.81,0.22,-189.85,-280.64,0.00,-0.30,4.77 
1747830166.12,0,-189.82,-279.83,1.88,1.37,0.35,-189.82,-279.83,0.00,-0.21,4.63 
1747830166.22,0,-189.81,-279.24,1.90,1.75,0.26,-189.81,-279.24,0.00,-0.18,4.76 
1747830166.32,0,-189.85,-278.77,1.67,2.74,0.22,-189.85,-278.77,0.00,-0.20,4.76 
1747830166.52,0,-189.93,-278.05,1.98,1.96,0.08,-189.93,-278.05,0.00,-0.24,4.52 
1747830166.62,0,-189.91,-277.65,1.72,1.30,0.38,-189.91,-277.65,0.00,-0.20,4.46 
1747830166.72,0,-189.82,-277.26,1.96,1.21,0.19,-189.82,-277.26,0.00,-0.08,4.40 
1747830166.92,0,-189.70,-276.41,1.57,0.56,0.24,-189.70,-276.41,0.00,0.06,4.37 
1747830167.02,0,-189.76,-275.97,1.05,0.28,0.17,-189.76,-275.97,0.00,-0.01,4.37 
1747830167.12,0,-189.83,-275.55,1.23,0.45,0.57,-189.83,-275.55,0.00,-0.08,4.36 
1747830167.12,1,-192.52,-285.13,0.72,0.06,0.95,-192.52,-285.13,0.00,0.26,5.32 
1747830167.52,0,-189.74,-273.79,1.13,0.70,1.09,-189.74,-273.79,0.00,0.02,4.37 
1747830167.52,1,-192.42,-283.01,0.72,0.06,0.95,-192.42,-283.01,0.00,0.26,5.32 
1747830167.62,0,-189.88,-273.02,1.17,0.86,0.04,-189.88,-273.02,0.00,-0.11,4.69 
1747830167.62,1,-192.39,-282.47,0.72,0.06,0.95,-192.39,-282.47,0.00,0.26,5.32 
1747830167.92,0,-190.14,-271.33,1.22,1.07,0.15,-190.14,-271.33,0.00,-0.35,4.98 
1747830167.92,1,-192.32,-280.88,0.72,0.06,0.95,-192.32,-280.88,0.00,0.26,5.32 
1747830168.02,0,-190.32,-270.75,1.31,1.27,0.30,-190.32,-270.75,0.00,-0.49,5.06 
1747830168.02,1,-192.29,-280.35,0.72,0.06,0.95,-192.29,-280.35,0.00,0.26,5.32 
1747830168.22,0,-190.64,-269.60,1.40,1.51,0.36,-190.64,-269.60,0.00,-0.73,5.21 
1747830168.22,1,-192.24,-279.28,0.72,0.06,0.95,-192.24,-279.28,0.00,0.26,5.32 
1747830168.32,0,-190.80,-269.17,1.51,1.79,0.48,-190.80,-269.17,0.00,-0.83,5.11 
1747830168.32,1,-192.21,-278.75,0.72,0.06,0.95,-192.21,-278.75,0.00,0.26,5.32 
1747830168.72,0,-190.93,-267.22,1.63,2.09,0.22,-190.93,-267.22,0.00,-0.64,5.03 
1747830168.72,1,-192.11,-276.62,0.72,0.06,0.95,-192.11,-276.62,0.00,0.26,5.32 
1747830168.82,0,-190.76,-266.91,1.71,2.55,0.48,-190.76,-266.91,0.00,-0.41,4.84 
1747830168.82,1,-192.09,-276.09,0.72,0.06,0.95,-192.09,-276.09,0.00,0.26,5.32 
1747830168.92,0,-190.69,-266.41,2.11,3.51,0.33,-190.69,-266.41,0.00,-0.30,4.85 
1747830168.92,1,-192.06,-275.56,0.72,0.06,0.95,-192.06,-275.56,0.00,0.26,5.32 
1747830169.02,0,-190.64,-265.84,2.19,3.95,0.34,-190.64,-265.84,0.00,-0.20,4.95 
1747830169.02,1,-192.04,-275.02,0.72,0.06,0.95,-192.04,-275.02,0.00,0.26,5.32 
1747830169.12,0,-190.66,-265.26,2.05,3.85,0.52,-190.66,-265.26,0.00,-0.20,5.04 
1747830169.12,1,-192.01,-274.49,0.72,0.06,0.95,-192.01,-274.49,0.00,0.26,5.32 
1747830169.32,0,-190.71,-264.22,1.62,3.70,0.34,-190.71,-264.22,0.00,-0.21,5.08 
1747830169.32,1,-191.96,-273.43,0.72,0.06,0.95,-191.96,-273.43,0.00,0.26,5.32 
1747830169.42,0,-190.91,-263.85,2.00,3.80,0.55,-190.91,-263.85,0.00,-0.42,4.92 
1747830169.42,1,-191.93,-272.90,0.72,0.06,0.95,-191.93,-272.90,0.00,0.26,5.32 
1747830169.72,0,-191.17,-262.42,2.18,3.61,0.45,-191.17,-262.42,0.00,-0.55,4.89 
1747830169.72,1,-191.86,-271.31,0.72,0.06,0.95,-191.86,-271.31,0.00,0.26,5.32 
1747830169.82,0,-191.25,-261.98,1.98,3.94,0.16,-191.25,-261.98,0.00,-0.58,4.84 
1747830169.82,1,-191.83,-270.77,0.72,0.06,0.95,-191.83,-270.77,0.00,0.26,5.32 
1747830169.92,0,-191.32,-261.58,1.85,3.23,0.18,-191.32,-261.58,0.00,-0.59,4.74 
1747830169.92,1,-191.80,-270.24,0.72,0.06,0.95,-191.80,-270.24,0.00,0.26,5.32 
1747830170.02,0,-191.39,-261.21,1.91,3.49,0.21,-191.39,-261.21,0.00,-0.60,4.62 
1747830170.02,1,-191.78,-269.71,0.72,0.06,0.95,-191.78,-269.71,0.00,0.26,5.32 
1747830170.12,0,-191.48,-260.86,2.13,3.47,0.26,-191.48,-260.86,0.00,-0.63,4.50 
1747830170.12,1,-191.75,-269.18,0.72,0.06,0.95,-191.75,-269.18,0.00,0.26,5.32 
1747830170.22,0,-191.56,-260.46,2.05,3.27,0.22,-191.56,-260.46,0.00,-0.65,4.44 
1747830170.22,1,-191.73,-268.64,0.72,0.06,0.95,-191.73,-268.64,0.00,0.26,5.32 
1747830170.32,0,-191.71,-260.08,2.93,3.70,0.73,-191.71,-260.08,0.00,-0.74,4.37 
1747830170.32,1,-191.70,-268.11,0.72,0.06,0.95,-191.70,-268.11,0.00,0.26,5.32 
1747830170.42,0,-191.81,-259.56,1.79,3.69,0.22,-191.81,-259.56,0.00,-0.77,4.47 
1747830170.42,1,-191.68,-267.58,0.72,0.06,0.95,-191.68,-267.58,0.00,0.26,5.32 
1747830170.72,0,-192.12,-258.24,2.08,3.54,0.30,-192.12,-258.24,0.00,-0.85,4.45 
1747830170.72,1,-191.60,-265.98,0.72,0.06,0.95,-191.60,-265.98,0.00,0.26,5.32 
1747830171.02,0,-192.34,-256.95,3.32,2.73,1.23,-192.34,-256.95,0.00,-0.81,4.40 
1747830171.02,1,-191.52,-264.39,0.72,0.06,0.95,-191.52,-264.39,0.00,0.26,5.32 
1747830171.12,0,-192.33,-256.47,2.23,2.90,0.26,-192.33,-256.47,0.00,-0.72,4.44 
1747830171.12,1,-191.50,-263.85,0.72,0.06,0.95,-191.50,-263.85,0.00,0.26,5.32 
1747830171.22,0,-192.23,-256.12,2.64,4.16,0.12,-192.23,-256.12,0.00,-0.55,4.35 
1747830171.22,1,-191.47,-263.32,0.72,0.06,0.95,-191.47,-263.32,0.00,0.26,5.32 
1747830171.32,0,-192.27,-255.60,1.98,3.94,0.26,-192.27,-255.60,0.00,-0.53,4.43 
1747830171.32,1,-191.45,-262.79,0.72,0.06,0.95,-191.45,-262.79,0.00,0.26,5.32 
1747830171.52,0,-192.37,-254.84,1.88,4.11,0.28,-192.37,-254.84,0.00,-0.52,4.30 
1747830171.52,1,-191.39,-261.72,0.72,0.06,0.95,-191.39,-261.72,0.00,0.26,5.32 
1747830171.62,0,-192.45,-254.48,2.01,3.91,0.24,-192.45,-254.48,0.00,-0.55,4.23 
1747830171.62,1,-191.37,-261.19,0.72,0.06,0.95,-191.37,-261.19,0.00,0.26,5.32 
1747830171.92,0,-192.71,-253.30,3.29,2.89,1.19,-192.71,-253.30,0.00,-0.64,4.14 
1747830171.92,1,-191.29,-259.60,0.72,0.06,0.95,-191.29,-259.60,0.00,0.26,5.32 
1747830172.12,0,-192.93,-252.26,1.94,3.48,0.25,-192.93,-252.26,0.00,-0.74,4.35 
1747830172.12,1,-191.24,-258.54,0.72,0.06,0.95,-191.24,-258.54,0.00,0.26,5.32 
1747830172.22,0,-192.98,-251.61,1.88,4.91,0.08,-192.98,-251.61,0.00,-0.71,4.58 
1747830172.22,1,-191.21,-258.00,0.72,0.06,0.95,-191.21,-258.00,0.00,0.26,5.32 
1747830172.32,0,-193.04,-251.03,1.93,4.46,0.21,-193.04,-251.03,0.00,-0.70,4.70 
1747830172.32,1,-191.19,-257.47,0.72,0.06,0.95,-191.19,-257.47,0.00,0.26,5.32 
1747830172.42,0,-193.11,-250.66,3.10,3.06,1.04,-193.11,-250.66,0.00,-0.70,4.59 
1747830172.42,1,-191.16,-256.94,0.72,0.06,0.95,-191.16,-256.94,0.00,0.26,5.32 
1747830172.62,0,-193.14,-249.83,2.26,3.94,0.12,-193.14,-249.83,0.00,-0.58,4.51 
1747830172.62,1,-191.11,-255.87,0.72,0.06,0.95,-191.11,-255.87,0.00,0.26,5.32 
1747830172.72,0,-193.14,-249.46,1.95,3.90,0.12,-193.14,-249.46,0.00,-0.53,4.42 
1747830172.72,1,-191.09,-255.34,0.72,0.06,0.95,-191.09,-255.34,0.00,0.26,5.32 
1747830172.82,0,-193.18,-249.05,1.82,3.66,0.13,-193.18,-249.05,0.00,-0.51,4.38 
1747830172.82,1,-191.06,-254.81,0.72,0.06,0.95,-191.06,-254.81,0.00,0.26,5.32 
1747830173.02,0,-193.26,-248.24,1.76,3.36,0.19,-193.26,-248.24,0.00,-0.49,4.32 
1747830173.02,1,-191.01,-253.75,0.72,0.06,0.95,-191.01,-253.75,0.00,0.26,5.32 
1747830173.32,0,-193.51,-246.93,2.19,3.43,0.20,-193.51,-246.93,0.00,-0.59,4.33 
1747830173.32,1,-190.93,-252.15,0.72,0.06,0.95,-190.93,-252.15,0.00,0.26,5.32 
1747830173.42,0,-193.61,-246.52,1.81,3.41,0.17,-193.61,-246.52,0.00,-0.63,4.31 
1747830173.42,1,-190.91,-251.62,0.72,0.06,0.95,-190.91,-251.62,0.00,0.26,5.32 
1747830173.62,0,-193.74,-245.68,1.85,3.12,0.25,-193.74,-245.68,0.00,-0.63,4.28 
1747830173.72,0,-193.77,-245.24,1.86,3.26,0.14,-193.77,-245.24,0.00,-0.60,4.29 
1747830173.82,0,-193.83,-244.74,3.26,2.78,1.24,-193.83,-244.74,0.00,-0.60,4.37 
1747830173.92,0,-193.82,-244.32,2.14,2.85,0.68,-193.82,-244.32,0.00,-0.52,4.35 
1747830174.12,0,-193.97,-243.38,1.90,4.01,0.15,-193.97,-243.38,0.00,-0.57,4.42 
1747830174.22,0,-194.09,-242.93,2.10,3.38,0.14,-194.09,-242.93,0.00,-0.64,4.43 
1747830174.32,0,-194.19,-242.51,1.92,3.17,0.24,-194.19,-242.51,0.00,-0.67,4.41 
1747830174.42,0,-194.33,-242.03,3.03,3.26,1.04,-194.33,-242.03,0.00,-0.76,4.45 
1747830174.62,0,-194.52,-241.08,3.01,3.14,1.21,-194.52,-241.08,0.00,-0.80,4.51 
1747830174.72,0,-194.56,-240.49,4.84,2.94,1.18,-194.56,-240.49,0.00,-0.75,4.65 
1747830174.92,0,-194.67,-239.54,2.98,2.77,1.18,-194.67,-239.54,0.00,-0.71,4.67 
1747830175.12,0,-194.70,-238.63,2.22,3.25,0.16,-194.70,-238.63,0.00,-0.60,4.65 
1747830175.22,0,-194.74,-238.14,1.80,3.36,0.22,-194.74,-238.14,0.00,-0.58,4.68 
1747830175.32,0,-194.77,-237.71,1.88,3.16,0.19,-194.77,-237.71,0.00,-0.54,4.64 
1747830175.42,0,-194.81,-237.23,1.86,2.98,0.17,-194.81,-237.23,0.00,-0.54,4.65 
1747830175.72,0,-194.87,-235.67,2.41,2.94,0.98,-194.87,-235.67,0.00,-0.44,4.81 
1747830176.22,0,-195.24,-233.17,1.96,2.58,0.18,-195.24,-233.17,0.00,-0.56,4.89 
1747830176.42,0,-195.47,-232.03,1.93,3.44,0.20,-195.47,-232.03,0.00,-0.67,5.05 
1747830176.52,0,-195.59,-231.42,1.94,3.85,0.21,-195.59,-231.42,0.00,-0.73,5.16 
1747830176.62,0,-195.74,-230.73,1.83,4.56,0.23,-195.74,-230.73,0.00,-0.82,5.36 
1747830176.72,0,-195.82,-230.16,1.71,3.30,0.16,-195.82,-230.16,0.00,-0.82,5.40 
1747830176.82,0,-195.88,-229.75,1.66,2.95,0.13,-195.88,-229.75,0.00,-0.79,5.23 
1747830176.92,0,-195.96,-229.24,1.60,2.58,0.24,-195.96,-229.24,0.00,-0.79,5.22 
1747830177.02,0,-196.10,-228.77,2.68,2.42,1.28,-196.10,-228.77,0.00,-0.86,5.15 
1747830177.72,0,-196.60,-225.02,1.76,2.69,0.26,-196.60,-225.02,0.00,-0.80,5.25 
1747830178.02,0,-196.73,-223.30,1.85,2.49,0.18,-196.73,-223.30,0.00,-0.69,5.39 
1747830178.22,0,-196.86,-222.36,2.06,2.37,1.50,-196.86,-222.36,0.00,-0.68,5.23 
1747830178.42,0,-196.73,-221.34,2.32,1.47,0.04,-196.73,-221.34,0.00,-0.38,5.20 
1747830178.52,0,-196.73,-220.89,1.67,1.61,0.22,-196.73,-220.89,0.00,-0.34,5.12 
1747830178.62,0,-196.78,-220.40,1.65,1.45,0.12,-196.78,-220.40,0.00,-0.35,5.10 
1747830178.72,0,-196.87,-219.93,1.97,1.56,0.13,-196.87,-219.93,0.00,-0.42,5.05 
1747830178.82,0,-197.04,-219.33,2.16,2.68,0.12,-197.04,-219.33,0.00,-0.57,5.17 
1747830178.92,0,-197.17,-218.73,1.91,2.76,0.14,-197.17,-218.73,0.00,-0.66,5.26 
1747830179.12,0,-197.33,-217.73,1.76,1.91,1.47,-197.33,-217.73,0.00,-0.69,5.21 
1747830179.42,0,-197.58,-216.11,1.79,1.87,1.43,-197.58,-216.11,0.00,-0.73,5.26 
1747830179.52,0,-197.65,-215.58,1.49,1.75,1.52,-197.65,-215.58,0.00,-0.73,5.26 
1747830179.92,0,-197.94,-213.29,1.63,2.45,0.45,-197.94,-213.29,0.00,-0.72,5.43 
1747830180.12,0,-198.11,-212.04,1.72,2.85,0.29,-198.11,-212.04,0.00,-0.75,5.59 
1747830180.22,0,-198.20,-211.35,1.73,2.89,0.27,-198.20,-211.35,0.00,-0.77,5.73 
1747830180.32,0,-198.29,-210.74,1.54,2.62,0.12,-198.29,-210.74,0.00,-0.79,5.77 
1747830180.42,0,-198.35,-210.23,1.58,1.82,0.07,-198.35,-210.23,0.00,-0.76,5.69 
1747830180.52,0,-198.41,-209.69,1.71,2.30,0.06,-198.41,-209.69,0.00,-0.74,5.66 
1747830180.62,0,-198.45,-209.21,1.81,1.93,0.18,-198.45,-209.21,0.00,-0.70,5.57 
1747830180.92,0,-198.67,-207.35,1.73,3.44,0.22,-198.67,-207.35,0.00,-0.71,5.76 
1747830181.02,0,-198.76,-206.70,1.59,3.02,0.18,-198.76,-206.70,0.00,-0.73,5.83 
1747830181.12,0,-198.80,-206.09,1.84,2.86,0.15,-198.80,-206.09,0.00,-0.70,5.86 
1747830181.22,0,-198.81,-205.53,1.95,2.71,0.14,-198.81,-205.53,0.00,-0.64,5.84 
1747830181.32,0,-198.83,-204.95,1.97,2.84,0.17,-198.83,-204.95,0.00,-0.58,5.83 
1747830181.62,0,-198.93,-203.35,1.93,2.75,0.01,-198.93,-203.35,0.00,-0.51,5.68 
1747830181.72,0,-198.94,-202.67,1.84,4.38,0.02,-198.94,-202.67,0.00,-0.47,5.80 
1747830181.82,0,-198.96,-202.01,4.50,1.72,1.45,-198.96,-202.01,0.00,-0.43,5.89 
1747830181.92,0,-199.12,-201.60,4.21,2.83,0.24,-199.12,-201.60,0.00,-0.56,5.69 
1747830182.02,0,-199.12,-201.09,2.18,2.69,0.03,-199.12,-201.09,0.00,-0.50,5.63 
1747830182.22,0,-199.19,-199.83,2.36,3.05,0.39,-199.19,-199.83,0.00,-0.47,5.77 
1747830182.32,0,-199.18,-199.13,4.69,2.02,1.56,-199.18,-199.13,0.00,-0.41,5.90 
1747830183.02,0,-199.09,-194.58,4.83,2.21,1.35,-199.09,-194.58,0.00,-0.19,6.14 
1747830183.32,0,-199.14,-193.08,1.90,3.45,0.01,-199.14,-193.08,0.00,-0.18,5.81 
1747830183.42,0,-199.12,-192.55,2.69,1.59,0.85,-199.12,-192.55,0.00,-0.14,5.76 
1747830183.52,0,-199.13,-192.00,3.27,1.68,1.05,-199.13,-192.00,0.00,-0.13,5.72 
1747830184.02,0,-198.31,-188.48,3.77,1.83,1.22,-198.31,-188.48,0.00,0.70,6.34 
1747830184.22,0,-197.46,-186.68,4.19,2.04,1.24,-197.46,-186.68,0.00,1.45,6.90 
1747830184.52,0,-196.76,-184.66,4.68,2.13,1.11,-196.76,-184.66,0.00,1.72,6.85 
1747830184.62,0,-196.60,-184.04,4.78,1.68,1.17,-196.60,-184.04,0.00,1.71,6.78 
1747830184.72,0,-196.53,-183.77,5.24,1.94,0.91,-196.53,-183.77,0.00,1.59,6.33 
1747830184.82,0,-196.35,-183.14,4.36,1.82,0.82,-196.35,-183.14,0.00,1.62,6.34 
1747830185.02,0,-196.05,-181.72,4.68,2.00,1.07,-196.05,-181.72,0.00,1.60,6.51 
1747830185.12,0,-196.23,-181.36,5.72,2.06,0.86,-196.23,-181.36,0.00,1.21,6.18 
1747830185.22,0,-195.96,-180.64,5.02,1.84,0.81,-195.96,-180.64,0.00,1.38,6.29 
1747830185.52,0,-195.16,-178.73,5.40,3.10,0.90,-195.16,-178.73,0.00,1.77,6.31 
1747830185.62,0,-194.62,-178.14,5.49,3.59,0.91,-194.62,-178.14,0.00,2.14,6.27 
1747830185.72,0,-194.10,-177.56,5.53,3.66,0.74,-194.10,-177.56,0.00,2.47,6.21 
1747830185.92,0,-193.32,-176.42,5.02,3.01,0.66,-193.32,-176.42,0.00,2.77,6.10 
1747830186.12,0,-192.47,-175.29,5.39,3.19,0.76,-192.47,-175.29,0.00,3.07,6.01 
1747830186.22,0,-191.98,-174.70,5.53,2.67,0.74,-191.98,-174.70,0.00,3.26,6.00 
1747830186.32,0,-191.51,-174.22,4.84,3.33,0.75,-191.51,-174.22,0.00,3.42,5.87 
1747830186.42,0,-191.14,-173.63,4.39,2.75,1.10,-191.14,-173.63,0.00,3.45,5.88 
1747830186.52,0,-190.66,-173.13,5.05,3.16,0.49,-190.66,-173.13,0.00,3.60,5.79 
1747830186.72,0,-189.72,-172.13,4.84,3.73,0.61,-189.72,-172.13,0.00,3.82,5.62 
1747830186.92,0,-189.16,-171.40,9.21,3.71,0.43,-189.16,-171.40,0.00,3.62,5.22 
1747830187.02,0,-188.52,-170.91,5.98,3.22,0.54,-188.52,-170.91,0.00,3.90,5.18 
1747830187.12,0,-187.94,-170.47,5.52,3.15,0.50,-187.94,-170.47,0.00,4.10,5.10 
1747830187.22,0,-187.38,-170.07,5.16,3.49,0.40,-187.38,-170.07,0.00,4.26,4.99 
1747830187.32,0,-187.31,-169.73,11.55,2.53,0.25,-187.31,-169.73,0.00,3.89,4.83 
1747830187.42,0,-186.65,-169.34,6.25,3.77,0.32,-186.65,-169.34,0.00,4.17,4.72 
1747830187.52,0,-186.43,-169.08,10.55,3.22,0.30,-186.43,-169.08,0.00,3.97,4.50 
1747830187.62,0,-185.70,-168.65,6.98,2.87,0.36,-185.70,-168.65,0.00,4.32,4.47 
1747830187.72,0,-185.10,-168.32,6.66,3.43,0.19,-185.10,-168.32,0.00,4.49,4.35 
1747830187.82,0,-184.80,-168.12,10.35,3.59,0.28,-184.80,-168.12,0.00,4.34,4.10 
1747830187.92,0,-184.07,-167.78,7.22,2.94,0.16,-184.07,-167.78,0.00,4.65,4.03 
1747830188.12,0,-183.26,-167.23,10.40,3.54,0.18,-183.26,-167.23,0.00,4.52,3.78 
1747830188.32,0,-182.45,-166.68,3.82,9.40,1.51,-182.45,-166.68,0.00,4.44,3.57 
1747830188.42,0,-181.72,-166.49,3.45,8.72,1.48,-181.72,-166.49,0.00,4.72,3.41 
1747830188.52,0,-180.94,-166.30,3.16,8.15,1.44,-180.94,-166.30,0.00,5.04,3.25 
1747830188.62,0,-180.23,-166.13,3.38,7.89,1.42,-180.23,-166.13,0.00,5.26,3.09 
1747830188.72,0,-179.55,-166.07,4.66,8.39,1.40,-179.55,-166.07,0.00,5.43,2.83 
1747830188.92,0,-178.33,-165.75,4.25,8.40,1.29,-178.33,-165.75,0.00,5.56,2.57 
1747830189.02,0,-177.60,-165.69,3.67,8.44,1.28,-177.60,-165.69,0.00,5.74,2.36 
1747830189.12,0,-176.99,-165.59,3.10,7.35,1.24,-176.99,-165.59,0.00,5.78,2.23 
1747830189.22,0,-176.46,-165.44,3.24,8.47,1.20,-176.46,-165.44,0.00,5.73,2.14 
1747830189.52,0,-174.31,-165.18,2.68,7.96,0.94,-174.31,-165.18,0.00,6.14,1.78 
1747830189.62,0,-173.57,-165.32,3.79,7.92,1.10,-173.57,-165.32,0.00,6.26,1.46 
1747830190.22,0,-169.75,-165.47,3.42,8.14,0.84,-169.75,-165.47,0.00,6.31,0.74 
1747830190.32,0,-169.15,-166.00,3.85,8.21,0.82,-169.15,-166.00,0.00,6.28,0.19 
1747830190.52,0,-167.91,-166.44,3.06,8.02,0.74,-167.91,-166.44,0.00,6.26,-0.35 
1747830190.72,0,-166.56,-167.34,3.63,7.06,0.80,-166.56,-167.34,0.00,6.38,-1.32 
1747830190.82,0,-166.02,-167.65,2.47,7.21,0.70,-166.02,-167.65,0.00,6.27,-1.53 
1747830190.92,0,-165.53,-167.91,2.60,7.32,0.64,-165.53,-167.91,0.00,6.09,-1.66 
1747830191.02,0,-164.91,-168.40,2.64,6.95,0.76,-164.91,-168.40,0.00,6.11,-2.05 
1747830191.12,0,-164.46,-168.73,3.27,6.74,0.57,-164.46,-168.73,0.00,5.92,-2.20 
1747830191.22,0,-163.92,-169.08,2.52,6.67,0.50,-163.92,-169.08,0.00,5.86,-2.35 
1747830191.42,0,-162.79,-169.93,2.72,6.59,0.60,-162.79,-169.93,0.00,5.81,-2.77 
1747830191.62,0,-161.88,-170.47,2.60,7.42,0.41,-161.88,-170.47,0.00,5.55,-2.75 
1747830191.72,0,-161.54,-170.89,2.94,6.88,0.36,-161.54,-170.89,0.00,5.33,-2.90 
1747830191.92,0,-160.67,-171.98,3.24,6.70,0.44,-160.67,-171.98,0.00,5.12,-3.42 
1747830192.02,0,-160.34,-172.40,2.63,6.69,0.22,-160.34,-172.40,0.00,4.94,-3.50 
1747830192.32,0,-159.20,-173.82,3.23,6.48,0.04,-159.20,-173.82,0.00,4.61,-3.85 
1747830192.42,0,-159.05,-174.48,3.18,6.44,0.25,-159.05,-174.48,0.00,4.30,-4.13 
1747830192.52,0,-158.85,-174.82,2.94,7.29,0.06,-158.85,-174.82,0.00,4.06,-4.05 
1747830192.62,0,-158.62,-175.32,7.04,2.82,1.56,-158.62,-175.32,0.00,3.87,-4.15 
1747830192.82,0,-158.12,-176.41,8.10,3.16,1.51,-158.12,-176.41,0.00,3.58,-4.43 
1747830193.12,0,-157.68,-178.41,4.74,5.77,0.13,-157.68,-178.41,0.00,2.96,-5.08 
1747830193.32,0,-157.56,-179.80,3.42,6.07,0.02,-157.56,-179.80,0.00,2.50,-5.46 
1747830193.52,0,-157.60,-181.11,5.55,4.31,1.56,-157.60,-181.11,0.00,1.95,-5.69 
1747830193.72,0,-157.63,-182.32,5.12,3.78,1.56,-157.63,-182.32,0.00,1.52,-5.75 
1747830193.82,0,-157.64,-182.91,5.05,2.48,1.52,-157.64,-182.91,0.00,1.36,-5.77 
1747830193.92,0,-157.72,-183.52,4.98,3.44,1.52,-157.72,-183.52,0.00,1.13,-5.80 
1747830194.32,0,-157.63,-185.92,5.11,3.17,1.44,-157.63,-185.92,0.00,0.81,-5.87 
1747830194.42,0,-157.79,-186.30,7.62,3.55,1.47,-157.79,-186.30,0.00,0.58,-5.67 
1747830194.52,0,-157.81,-187.11,4.05,4.36,0.63,-157.81,-187.11,0.00,0.49,-5.92 
1747830194.72,0,-157.86,-187.89,9.01,3.42,1.42,-157.86,-187.89,0.00,0.33,-5.48 
1747830194.82,0,-158.03,-188.22,8.47,4.15,1.41,-158.03,-188.22,0.00,0.10,-5.24 
1747830194.92,0,-158.08,-188.64,2.59,8.05,0.23,-158.08,-188.64,0.00,0.04,-5.12 
1747830195.22,0,-158.31,-190.07,8.53,4.02,1.44,-158.31,-190.07,0.00,-0.21,-5.01 
1747830195.32,0,-158.44,-190.59,8.19,3.19,1.37,-158.44,-190.59,0.00,-0.33,-5.04 
1747830195.52,0,-158.37,-191.54,7.19,2.31,1.50,-158.37,-191.54,0.00,-0.18,-4.98 
1747830195.62,0,-158.42,-192.68,7.50,2.19,1.35,-158.42,-192.68,0.00,-0.22,-5.66 
1747830195.82,0,-158.43,-193.65,7.49,1.78,1.50,-158.43,-193.65,0.00,-0.19,-5.50 
1747830195.92,0,-158.52,-194.72,7.15,1.90,1.32,-158.52,-194.72,0.00,-0.26,-6.04 
1747830196.02,0,-158.52,-195.27,8.30,1.74,1.34,-158.52,-195.27,0.00,-0.23,-5.98 
1747830196.12,0,-158.64,-196.14,6.75,2.17,1.28,-158.64,-196.14,0.00,-0.33,-6.28 
1747830196.32,0,-158.80,-197.78,6.49,1.94,1.43,-158.80,-197.78,0.00,-0.43,-6.68 
1747830196.42,0,-158.89,-198.71,5.93,1.71,1.44,-158.89,-198.71,0.00,-0.48,-6.95 
1747830196.52,0,-159.02,-199.32,2.92,3.15,0.59,-159.02,-199.32,0.00,-0.57,-6.86 
1747830196.62,0,-159.14,-200.11,5.58,1.86,1.26,-159.14,-200.11,0.00,-0.63,-6.97 
1747830196.72,0,-159.14,-200.85,2.61,5.10,0.15,-159.14,-200.85,0.00,-0.56,-7.01 
1747830196.92,0,-159.23,-202.17,2.74,1.79,1.48,-159.23,-202.17,0.00,-0.55,-6.93 
1747830197.02,0,-159.49,-202.82,3.15,2.75,0.86,-159.49,-202.82,0.00,-0.75,-6.88 
1747830197.22,0,-159.70,-204.32,5.24,1.96,1.39,-159.70,-204.32,0.00,-0.82,-7.01 
1747830197.32,0,-159.72,-204.92,2.82,1.97,1.47,-159.72,-204.92,0.00,-0.75,-6.90 
1747830197.42,0,-159.94,-205.72,3.37,2.04,1.18,-159.94,-205.72,0.00,-0.90,-7.02 
1747830197.52,0,-160.06,-206.42,4.58,1.77,1.18,-160.06,-206.42,0.00,-0.94,-7.02 
1747830197.62,0,-160.07,-206.98,2.91,2.38,0.84,-160.07,-206.98,0.00,-0.84,-6.87 
1747830197.82,0,-160.34,-208.16,2.04,2.49,0.25,-160.34,-208.16,0.00,-0.95,-6.67 
1747830197.92,0,-160.44,-208.71,3.22,2.03,0.90,-160.44,-208.71,0.00,-0.96,-6.55 
1747830198.02,0,-160.58,-209.27,1.96,2.08,0.80,-160.58,-209.27,0.00,-1.00,-6.45 
1747830198.12,0,-160.67,-209.97,2.56,1.77,1.45,-160.67,-209.97,0.00,-0.99,-6.51 
1747830198.22,0,-160.86,-210.71,2.94,2.01,1.12,-160.86,-210.71,0.00,-1.09,-6.60 
1747830198.32,0,-160.81,-211.32,2.78,2.74,0.63,-160.81,-211.32,0.00,-0.92,-6.55 
1747830198.42,0,-160.97,-211.90,1.81,2.26,0.54,-160.97,-211.90,0.00,-0.99,-6.47 
1747830198.62,0,-161.28,-213.26,2.28,2.23,1.43,-161.28,-213.26,0.00,-1.10,-6.54 
1747830198.72,0,-161.31,-214.13,2.87,2.24,1.49,-161.31,-214.13,0.00,-1.02,-6.76 
1747830198.82,0,-161.36,-214.99,4.82,2.18,1.51,-161.36,-214.99,0.00,-0.96,-6.95 
1747830199.12,0,-161.75,-216.92,3.05,2.45,0.86,-161.75,-216.92,0.00,-1.07,-6.81 
1747830199.42,0,-162.12,-218.92,1.08,0.31,0.01,-162.12,-218.92,0.00,-1.11,-6.76 
1747830199.52,0,-162.16,-219.41,1.14,0.38,1.04,-162.16,-219.41,0.00,-1.03,-6.58 
1747830199.62,0,-162.22,-219.99,1.13,0.53,0.31,-162.22,-219.99,0.00,-0.99,-6.49 
1747830199.72,0,-162.12,-220.56,1.24,0.61,0.07,-162.12,-220.56,0.00,-0.77,-6.41 
1747830199.82,0,-161.94,-221.30,1.37,0.70,0.29,-161.94,-221.30,0.00,-0.49,-6.52 
1747830200.32,0,-162.36,-224.48,1.33,1.03,1.25,-162.36,-224.48,0.00,-0.64,-6.46 
1747830200.52,0,-162.58,-226.06,1.58,1.11,1.52,-162.58,-226.06,0.00,-0.73,-6.73 
1747830200.62,0,-162.90,-226.67,1.65,1.38,0.50,-162.90,-226.67,0.00,-0.98,-6.66 
1747830200.72,0,-162.98,-227.36,0.89,1.93,1.53,-162.98,-227.36,0.00,-0.97,-6.69 
1747830200.82,0,-163.23,-228.16,1.22,1.94,0.95,-163.23,-228.16,0.00,-1.15,-6.84 
1747830200.92,0,-163.30,-228.81,1.54,1.97,0.66,-163.30,-228.81,0.00,-1.10,-6.81 
1747830201.12,0,-163.38,-229.95,1.76,2.17,0.83,-163.38,-229.95,0.00,-0.94,-6.56 
1747830201.22,0,-163.55,-229.97,1.83,2.68,0.39,-163.55,-229.97,0.00,-1.02,-5.85 
1747830201.32,0,-163.51,-230.96,2.31,2.76,1.33,-163.51,-230.96,0.00,-0.86,-6.31 
1747830201.52,0,-163.67,-232.47,2.47,4.52,0.78,-163.67,-232.47,0.00,-0.85,-6.57 
1747830201.62,0,-163.72,-233.60,1.70,4.93,0.03,-163.72,-233.60,0.00,-0.81,-7.07 
1747830201.72,0,-163.77,-234.49,4.28,1.97,1.37,-163.77,-234.49,0.00,-0.78,-7.26 
1747830201.82,0,-163.78,-235.31,2.02,4.63,0.17,-163.78,-235.31,0.00,-0.71,-7.36 
1747830201.92,0,-163.84,-236.03,2.08,3.79,0.14,-163.84,-236.03,0.00,-0.69,-7.34 
1747830202.02,0,-163.88,-236.71,2.20,4.23,0.57,-163.88,-236.71,0.00,-0.66,-7.28 
1747830202.12,0,-163.90,-237.40,2.11,3.92,0.02,-163.90,-237.40,0.00,-0.61,-7.25 
1747830202.42,0,-164.14,-239.53,2.02,3.92,0.09,-164.14,-239.53,0.00,-0.67,-7.21 
1747830202.52,0,-164.30,-240.20,4.06,2.10,1.42,-164.30,-240.20,0.00,-0.76,-7.16 
1747830202.62,0,-164.46,-240.74,1.91,2.51,1.51,-164.46,-240.74,0.00,-0.85,-6.97 
1747830202.72,0,-164.49,-241.43,1.63,3.28,0.41,-164.49,-241.43,0.00,-0.79,-6.96 
1747830202.92,0,-164.68,-242.78,1.85,3.91,0.07,-164.68,-242.78,0.00,-0.83,-6.92 
1747830203.02,0,-164.94,-243.34,1.15,3.06,1.24,-164.94,-243.34,0.00,-1.01,-6.78 
1747830203.12,0,-165.04,-244.07,1.28,3.38,0.17,-165.04,-244.07,0.00,-1.01,-6.83 
1747830203.32,0,-165.28,-245.20,1.72,2.37,0.20,-165.28,-245.20,0.00,-1.05,-6.59 
1747830203.52,0,-165.47,-246.61,4.49,1.80,1.50,-165.47,-246.61,0.00,-1.03,-6.68 
1747830203.72,0,-165.63,-247.80,2.22,1.37,0.49,-165.63,-247.80,0.00,-0.99,-6.54 
1747830203.92,0,-165.72,-249.36,2.20,1.88,0.07,-165.72,-249.36,0.00,-0.88,-6.79 
1747830204.02,0,-165.77,-249.98,2.33,2.10,1.43,-165.77,-249.98,0.00,-0.84,-6.73 
1747830204.22,0,-165.75,-251.48,2.37,3.66,0.20,-165.75,-251.48,0.00,-0.65,-6.88 
1747830204.62,0,-165.78,-254.20,2.36,1.78,0.00,-165.78,-254.20,0.00,-0.45,-6.85 
1747830204.72,0,-165.56,-254.90,2.39,2.21,0.38,-165.56,-254.90,0.00,-0.19,-6.87 
1747830204.92,0,-165.60,-256.19,1.75,2.04,0.11,-165.60,-256.19,0.00,-0.20,-6.78 
1747830205.12,0,-165.81,-257.57,1.85,2.38,0.20,-165.81,-257.57,0.00,-0.38,-6.81 
1747830205.22,0,-166.05,-257.99,1.73,4.28,0.92,-166.05,-257.99,0.00,-0.60,-6.52 
1747830205.32,0,-166.18,-258.72,1.92,3.64,0.15,-166.18,-258.72,0.00,-0.67,-6.61 
1747830205.42,0,-166.27,-259.19,2.49,2.46,0.81,-166.27,-259.19,0.00,-0.70,-6.39 
1747830205.52,0,-166.25,-259.94,2.27,4.01,0.05,-166.25,-259.94,0.00,-0.60,-6.52 
1747830205.72,0,-166.23,-261.34,2.23,3.98,0.18,-166.23,-261.34,0.00,-0.45,-6.63 
1747830206.02,0,-166.26,-263.25,2.11,2.02,0.19,-166.26,-263.25,0.00,-0.35,-6.56 
1747830206.22,0,-166.40,-264.26,1.92,2.11,0.14,-166.40,-264.26,0.00,-0.41,-6.25 
1747830206.42,0,-166.77,-265.33,2.62,1.74,0.16,-166.77,-265.33,0.00,-0.70,-6.07 
1747830206.52,0,-166.83,-265.74,2.03,2.23,0.52,-166.83,-265.74,0.00,-0.70,-5.86 
1747830206.82,0,-166.98,-267.59,1.09,1.89,1.47,-166.98,-267.59,0.00,-0.64,-5.96 
1747830206.92,0,-167.03,-268.18,1.86,0.67,0.30,-167.03,-268.18,0.00,-0.62,-5.95 
1747830207.02,0,-167.02,-268.76,2.11,0.82,0.14,-167.02,-268.76,0.00,-0.55,-5.93 
1747830207.12,0,-166.99,-269.49,2.10,1.11,0.10,-166.99,-269.49,0.00,-0.46,-6.08 
1747830207.52,0,-167.11,-272.30,2.05,1.61,0.29,-167.11,-272.30,0.00,-0.40,-6.42 
1747830207.82,0,-167.39,-274.30,2.06,3.11,0.01,-167.39,-274.30,0.00,-0.55,-6.49 
1747830207.92,0,-167.38,-274.72,2.25,0.98,0.30,-167.38,-274.72,0.00,-0.48,-6.26 
1747830208.02,0,-167.31,-275.18,2.29,1.17,0.10,-167.31,-275.18,0.00,-0.36,-6.08 
1747830208.12,0,-167.24,-275.63,2.26,1.15,0.21,-167.24,-275.63,0.00,-0.24,-5.91 
1747830208.42,0,-167.53,-277.35,2.51,0.75,0.22,-167.53,-277.35,0.00,-0.46,-5.85 
1747830208.52,0,-167.65,-277.85,1.88,1.02,0.26,-167.65,-277.85,0.00,-0.54,-5.76 
1747830208.62,0,-167.74,-278.39,1.92,0.86,0.03,-167.74,-278.39,0.00,-0.58,-5.71 
1747830208.72,0,-167.76,-278.86,2.01,1.39,0.24,-167.76,-278.86,0.00,-0.54,-5.60 
1747830208.82,0,-167.75,-279.41,2.20,0.84,0.05,-167.75,-279.41,0.00,-0.47,-5.59 
1747830208.92,0,-167.67,-279.95,2.47,0.90,0.31,-167.67,-279.95,0.00,-0.33,-5.57 
1747830209.02,0,-167.68,-280.68,2.69,1.04,1.47,-167.68,-280.68,0.00,-0.31,-5.77 
1747830209.12,0,-167.76,-281.37,2.87,1.24,1.51,-167.76,-281.37,0.00,-0.36,-5.90 
1747830209.42,0,-167.94,-283.03,2.05,1.34,0.12,-167.94,-283.03,0.00,-0.43,-5.79 
1747830209.62,0,-167.85,-284.35,2.09,1.73,0.18,-167.85,-284.35,0.00,-0.25,-5.95 
1747830209.92,0,-168.04,-286.30,2.60,1.76,1.47,-168.04,-286.30,0.00,-0.36,-6.11 
1747830210.02,0,-168.12,-286.91,2.76,1.75,1.55,-168.12,-286.91,0.00,-0.41,-6.11 
1747830210.12,0,-168.18,-287.47,3.15,1.91,1.52,-168.18,-287.47,0.00,-0.43,-6.05 
1747830210.32,0,-168.23,-288.61,2.97,1.81,1.52,-168.23,-288.61,0.00,-0.39,-5.98 
1747830210.42,0,-168.31,-288.96,1.77,2.24,0.09,-168.31,-288.96,0.00,-0.43,-5.72 
1747830210.52,0,-168.41,-289.33,3.29,2.38,1.00,-168.41,-289.33,0.00,-0.50,-5.49 
1747830210.62,0,-168.47,-289.98,1.39,2.55,0.15,-168.47,-289.98,0.00,-0.50,-5.60 
1747830211.12,0,-168.60,-292.79,1.95,2.78,0.08,-168.60,-292.79,0.00,-0.41,-5.61 
1747830211.22,0,-168.75,-293.23,2.47,2.09,1.51,-168.75,-293.23,0.00,-0.51,-5.49 
1747830211.32,0,-168.92,-293.80,2.99,2.66,1.54,-168.92,-293.80,0.00,-0.63,-5.52 
1747830211.42,0,-168.94,-294.25,1.43,2.77,0.06,-168.94,-294.25,0.00,-0.59,-5.40 
1747830211.52,0,-168.95,-294.63,1.70,1.04,0.20,-168.95,-294.63,0.00,-0.52,-5.21 
1747830211.62,0,-168.90,-295.16,1.86,1.20,1.55,-168.90,-295.16,0.00,-0.40,-5.22 
1747830211.72,0,-168.91,-295.55,1.80,1.68,0.07,-168.91,-295.55,0.00,-0.37,-5.05 
1747830211.82,0,-168.92,-296.11,2.79,1.85,1.55,-168.92,-296.11,0.00,-0.33,-5.12 
1747830212.12,0,-168.98,-297.55,1.84,1.34,0.12,-168.98,-297.55,0.00,-0.29,-5.02 
1747830212.22,0,-168.98,-297.89,1.97,1.42,0.09,-168.98,-297.89,0.00,-0.26,-4.85 
1747830212.32,0,-168.88,-298.37,2.41,1.49,0.25,-168.88,-298.37,0.00,-0.12,-4.85 
1747830212.52,0,-168.91,-299.20,1.38,1.73,1.52,-168.91,-299.20,0.00,-0.13,-4.70 
1747830212.62,0,-169.06,-299.67,2.51,1.72,0.91,-169.06,-299.67,0.00,-0.28,-4.70 
1747830212.72,0,-169.01,-300.14,1.30,1.89,1.27,-169.01,-300.14,0.00,-0.20,-4.70 
1747830212.92,0,-168.94,-301.20,0.90,2.75,0.81,-168.94,-301.20,0.00,-0.08,-4.83 
1747830213.02,0,-169.01,-301.72,1.63,2.37,0.05,-169.01,-301.72,0.00,-0.14,-4.86 
1747830213.32,0,-169.04,-303.04,1.76,1.41,0.19,-169.04,-303.04,0.00,-0.14,-4.73 
1747830213.72,0,-169.29,-305.13,1.78,1.78,0.24,-169.29,-305.13,0.00,-0.31,-4.90 
1747830214.02,0,-169.34,-306.49,1.73,1.05,0.32,-169.34,-306.49,0.00,-0.27,-4.79 
1747830214.12,0,-169.38,-307.00,1.64,1.57,0.17,-169.38,-307.00,0.00,-0.28,-4.83 
1747830214.32,0,-169.46,-307.82,1.37,1.20,0.44,-169.46,-307.82,0.00,-0.30,-4.68 
1747830214.52,0,-169.38,-309.00,1.44,1.48,0.13,-169.38,-309.00,0.00,-0.15,-4.93 
1747830214.62,0,-169.35,-309.66,1.48,1.86,0.16,-169.35,-309.66,0.00,-0.10,-5.12 
1747830214.72,0,-169.37,-310.19,1.62,2.98,0.22,-169.37,-310.19,0.00,-0.12,-5.14 
1747830214.92,0,-169.36,-311.22,1.35,2.24,0.96,-169.36,-311.22,0.00,-0.08,-5.14 
1747830215.02,0,-169.36,-311.55,1.96,2.50,1.05,-169.36,-311.55,0.00,-0.07,-4.93 
1747830215.12,0,-169.41,-311.81,1.90,2.04,0.06,-169.41,-311.81,0.00,-0.12,-4.69 
1747830215.32,0,-169.52,-312.58,1.58,1.67,0.06,-169.52,-312.58,0.00,-0.20,-4.52 
1747830215.52,0,-169.56,-313.38,0.98,1.54,1.32,-169.56,-313.38,0.00,-0.21,-4.41 
1747830215.72,0,-169.49,-314.31,1.14,1.67,0.11,-169.49,-314.31,0.00,-0.10,-4.45 
1747830215.92,0,-169.42,-315.06,2.13,1.16,0.26,-169.42,-315.06,0.00,-0.00,-4.31 
1747830216.02,0,-169.30,-315.57,1.64,1.56,0.36,-169.30,-315.57,0.00,0.11,-4.40 
1747830216.12,0,-169.30,-315.90,1.19,1.88,0.24,-169.30,-315.90,0.00,0.11,-4.28 
1747830216.22,0,-169.21,-316.28,2.17,0.83,0.28,-169.21,-316.28,0.00,0.19,-4.23 
1747830216.32,0,-169.15,-316.70,2.08,0.49,0.55,-169.15,-316.70,0.00,0.24,-4.22 
1747830216.52,0,-168.98,-317.60,2.08,0.68,0.44,-168.98,-317.60,0.00,0.35,-4.28 
1747830216.62,0,-168.90,-317.99,2.09,0.83,0.20,-168.90,-317.99,0.00,0.40,-4.24 
1747830216.72,0,-168.82,-318.40,1.98,0.84,0.43,-168.82,-318.40,0.00,0.45,-4.23 
1747830216.82,0,-168.70,-319.00,1.95,1.19,0.15,-168.70,-319.00,0.00,0.53,-4.42 
1747830217.02,0,-168.50,-320.06,1.94,1.63,0.33,-168.50,-320.06,0.00,0.62,-4.60 
1747830217.12,0,-168.42,-320.64,1.91,2.12,0.20,-168.42,-320.64,0.00,0.64,-4.73 
1747830217.32,0,-168.25,-321.66,1.75,3.44,0.27,-168.25,-321.66,0.00,0.69,-4.80 
1747830217.42,0,-168.07,-322.13,1.63,3.55,0.73,-168.07,-322.13,0.00,0.80,-4.79 
1747830217.52,0,-167.94,-322.58,1.62,3.37,0.86,-167.94,-322.58,0.00,0.86,-4.76 
1747830217.62,0,-167.79,-323.06,1.75,2.85,0.31,-167.79,-323.06,0.00,0.92,-4.77 
1747830217.72,0,-167.65,-323.51,2.13,3.04,0.35,-167.65,-323.51,0.00,0.97,-4.74 
1747830218.32,0,-167.20,-326.25,1.78,3.95,0.60,-167.20,-326.25,0.00,0.88,-4.67 
1747830218.42,0,-167.31,-326.80,2.24,3.60,0.71,-167.31,-326.80,0.00,0.71,-4.74 
1747830218.62,0,-167.25,-327.82,1.40,3.19,0.75,-167.25,-327.82,0.00,0.62,-4.82 
1747830218.72,0,-167.11,-328.30,1.99,3.27,0.32,-167.11,-328.30,0.00,0.71,-4.82 
1747830218.82,0,-166.89,-328.74,2.58,3.27,0.43,-166.89,-328.74,0.00,0.90,-4.76 
1747830218.91,0,-166.70,-328.90,2.31,2.70,0.27,-166.70,-328.90,0.00,1.02,-4.37 
1747830219.01,0,-166.44,-329.25,2.61,2.95,0.39,-166.44,-329.25,0.00,1.22,-4.26 
1747830219.11,0,-166.20,-329.55,2.28,2.52,0.25,-166.20,-329.55,0.00,1.36,-4.11 
1747830219.31,0,-165.75,-330.24,2.70,2.90,0.50,-165.75,-330.24,0.00,1.56,-3.96 
1747830219.72,0,-165.25,-331.79,1.78,2.05,0.26,-165.25,-331.79,0.00,1.45,-3.93 
1747830219.82,0,-165.24,-332.27,2.13,3.00,0.28,-165.24,-332.27,0.00,1.32,-4.01 
1747830219.92,0,-165.18,-332.73,2.10,2.96,0.34,-165.18,-332.73,0.00,1.24,-4.07 
1747830220.02,0,-165.22,-333.25,2.63,2.94,0.25,-165.22,-333.25,0.00,1.06,-4.20 
1747830220.12,0,-165.29,-333.45,1.96,2.67,0.48,-165.29,-333.45,0.00,0.86,-3.95 
1747830220.52,0,-165.08,-335.20,2.28,2.91,0.27,-165.08,-335.20,0.00,0.74,-4.11 
1747830220.81,0,-165.01,-336.64,1.75,2.40,0.43,-165.01,-336.64,0.00,0.59,-4.31 
1747830221.01,0,-164.62,-337.55,2.36,2.97,0.35,-164.62,-337.55,0.00,0.87,-4.36 
1747830221.11,0,-164.22,-337.82,2.82,2.40,0.34,-164.22,-337.82,0.00,1.20,-4.19 
1747830221.51,0,-163.13,-339.35,2.92,1.78,0.63,-163.13,-339.35,0.00,1.76,-4.06 
1747830221.61,0,-162.98,-339.75,1.74,3.21,0.38,-162.98,-339.75,0.00,1.74,-4.05 
1747830221.72,0,-162.87,-340.56,1.92,3.61,0.34,-162.87,-340.56,0.00,1.67,-4.48 
1747830221.82,0,-162.98,-341.28,3.10,2.31,0.75,-162.98,-341.28,0.00,1.35,-4.78 
1747830221.92,0,-162.78,-341.83,1.96,4.10,0.38,-162.78,-341.83,0.00,1.43,-4.86 
1747830222.02,0,-162.67,-342.31,1.12,2.47,1.27,-162.67,-342.31,0.00,1.39,-4.85 
1747830222.12,0,-162.36,-342.83,1.27,2.76,0.57,-162.36,-342.83,0.00,1.59,-4.90 
1747830222.22,0,-162.12,-343.10,1.55,2.81,0.49,-162.12,-343.10,0.00,1.68,-4.64 
1747830222.41,0,-161.68,-343.79,2.80,2.31,0.75,-161.68,-343.79,0.00,1.80,-4.39 
1747830222.51,0,-161.47,-344.17,1.99,2.03,0.45,-161.47,-344.17,0.00,1.83,-4.33 
1747830222.71,0,-161.04,-344.99,1.88,1.59,0.42,-161.04,-344.99,0.00,1.90,-4.28 
1747830222.81,0,-160.91,-345.60,1.88,2.09,0.22,-160.91,-345.60,0.00,1.84,-4.47 
1747830222.91,0,-160.60,-346.10,1.94,2.55,0.58,-160.60,-346.10,0.00,1.97,-4.52 
1747830223.02,0,-160.45,-346.49,1.61,4.77,0.18,-160.45,-346.49,0.00,1.92,-4.45 
1747830223.12,0,-160.30,-346.73,2.88,1.63,0.91,-160.30,-346.73,0.00,1.87,-4.24 
1747830223.22,0,-160.04,-347.21,1.63,4.24,0.62,-160.04,-347.21,0.00,1.95,-4.30 
1747830223.42,0,-159.63,-348.09,1.43,3.47,0.59,-159.63,-348.09,0.00,1.97,-4.32 
1747830223.52,0,-159.48,-348.43,1.71,2.87,0.48,-159.48,-348.43,0.00,1.92,-4.22 
1747830223.62,0,-159.31,-348.78,1.61,2.65,0.50,-159.31,-348.78,0.00,1.90,-4.15 
1747830223.82,0,-158.94,-349.50,1.75,2.03,0.28,-158.94,-349.50,0.00,1.89,-4.04 
1747830224.02,0,-158.72,-350.33,2.21,2.31,0.62,-158.72,-350.33,0.00,1.74,-4.06 
1747830224.12,0,-158.61,-350.76,1.92,1.60,0.42,-158.61,-350.76,0.00,1.67,-4.09 
1747830224.42,0,-158.25,-352.25,2.66,1.94,0.56,-158.25,-352.25,0.00,1.53,-4.34 
1747830224.91,0,-157.10,-354.66,1.96,4.24,0.46,-157.10,-354.66,0.00,1.84,-4.53 
1747830225.01,0,-156.86,-354.81,2.21,2.54,0.69,-156.86,-354.81,0.00,1.90,-4.25 
1747830225.11,0,-156.52,-355.08,2.69,1.33,0.65,-156.52,-355.08,0.00,2.05,-4.09 
1747830225.41,0,-156.02,-356.70,2.58,1.95,0.23,-156.02,-356.70,0.00,1.93,-4.51 
1747830225.52,0,-155.91,-357.06,1.55,2.52,0.54,-155.91,-357.06,0.00,1.83,-4.41 
1747830225.72,0,-155.57,-357.82,1.77,2.62,0.51,-155.57,-357.82,0.00,1.81,-4.27 
1747830226.02,0,-154.89,-359.10,1.89,4.58,0.29,-154.89,-359.10,0.00,1.95,-4.27 
1747830226.21,0,-154.35,-360.04,1.87,4.41,0.27,-154.35,-360.04,0.00,2.09,-4.36 
1747830226.31,0,-154.09,-360.52,1.72,3.92,0.21,-154.09,-360.52,0.00,2.15,-4.40 
1747830226.52,0,-153.57,-361.48,1.76,4.13,0.48,-153.57,-361.48,0.00,2.25,-4.49 
1747830226.72,0,-153.07,-362.41,1.72,3.80,0.49,-153.07,-362.41,0.00,2.30,-4.52 
1747830226.82,0,-152.90,-362.89,1.83,3.89,0.27,-152.90,-362.89,0.00,2.24,-4.55 
1747830226.92,0,-152.73,-363.37,1.80,3.66,0.28,-152.73,-363.37,0.00,2.17,-4.58 
1747830227.12,0,-152.35,-364.01,2.04,3.66,0.45,-152.35,-364.01,0.00,2.11,-4.29 
1747830227.42,0,-151.86,-365.19,1.94,2.87,0.45,-151.86,-365.19,0.00,1.98,-4.19 
1747830227.52,0,-151.69,-365.81,1.79,4.69,0.27,-151.69,-365.81,0.00,1.95,-4.39 
1747830227.62,0,-151.49,-366.13,1.85,3.43,0.38,-151.49,-366.13,0.00,1.96,-4.26 
1747830228.22,0,-150.32,-368.43,1.33,3.26,0.13,-150.32,-368.43,0.00,1.95,-4.08 
1747830228.32,0,-150.12,-368.98,1.67,4.69,0.30,-150.12,-368.98,0.00,1.96,-4.21 
1747830228.42,0,-149.96,-369.52,1.86,4.86,0.32,-149.96,-369.52,0.00,1.92,-4.33 
1747830228.72,0,-149.52,-371.17,2.24,4.71,0.28,-149.52,-371.17,0.00,1.76,-4.74 
1747830229.51,0,-147.96,-374.14,2.03,3.85,0.49,-147.96,-374.14,0.00,1.86,-4.23 
1747830229.62,0,-147.70,-374.67,1.56,4.80,0.35,-147.70,-374.67,0.00,1.92,-4.32 
1747830229.82,0,-147.20,-375.29,1.98,3.54,0.28,-147.20,-375.29,0.00,2.07,-4.01 
1747830229.82,2,-169.87,-343.32,0.48,0.13,0.30,-169.87,-343.32,0.00,-7.19,4.41 
1747830230.12,0,-146.62,-376.75,1.86,4.80,0.16,-146.62,-376.75,0.00,2.02,-4.33 
1747830230.12,2,-172.03,-342.00,0.47,0.21,0.30,-172.03,-342.00,0.00,-7.19,4.41 
1747830230.62,0,-146.10,-379.05,2.21,6.22,0.29,-146.10,-379.05,0.00,1.57,-4.45 
1747830230.62,2,-175.63,-339.80,0.45,0.33,0.30,-175.63,-339.80,0.00,-7.19,4.41 
1747830230.72,0,-146.20,-379.60,3.14,2.25,1.50,-146.20,-379.60,0.00,1.32,-4.56 
1747830230.72,2,-176.35,-339.36,0.43,0.50,0.30,-176.35,-339.36,0.00,-7.19,4.41 
1747830230.82,0,-146.02,-380.16,1.68,3.53,0.46,-146.02,-380.16,0.00,1.37,-4.67 
1747830230.82,2,-177.07,-338.92,0.33,1.20,0.30,-177.07,-338.92,0.00,-7.19,4.41 
1747830230.92,0,-145.75,-380.82,1.87,5.27,0.38,-145.75,-380.82,0.00,1.52,-4.90 
1747830230.92,2,-177.79,-338.48,0.33,1.20,0.30,-177.79,-338.48,0.00,-7.19,4.41 
1747830231.02,0,-145.50,-381.43,2.78,4.89,0.91,-145.50,-381.43,0.00,1.64,-5.05 
1747830231.02,2,-178.51,-338.04,0.33,1.20,0.30,-178.51,-338.04,0.00,-7.19,4.41 
1747830231.22,0,-145.14,-382.57,1.70,4.96,0.30,-145.14,-382.57,0.00,1.69,-5.20 
1747830231.22,2,-179.94,-337.16,0.33,1.20,0.30,-179.94,-337.16,0.00,-7.19,4.41 
1747830231.32,0,-144.87,-383.03,2.12,4.60,0.26,-144.87,-383.03,0.00,1.81,-5.13 
1747830231.71,0,-144.17,-384.15,2.33,8.06,0.35,-144.17,-384.15,0.00,1.78,-4.25 
1747830231.71,2,-166.65,-352.41,0.01,0.64,1.06,-166.65,-352.41,0.00,0.68,-3.74 
1747830231.92,0,-143.90,-385.00,3.11,1.77,1.54,-143.90,-385.00,0.00,1.69,-4.24 
1747830232.12,0,-143.39,-386.08,1.86,5.23,0.32,-143.39,-386.08,0.00,1.87,-4.48 
1747830232.12,2,-162.69,-358.21,0.01,0.63,1.10,-162.69,-358.21,0.00,2.85,-6.27 
1747830232.52,0,-142.54,-387.54,2.75,3.22,0.75,-142.54,-387.54,0.00,1.97,-4.19 
1747830232.92,0,-141.82,-389.35,1.58,3.25,0.03,-141.82,-389.35,0.00,1.91,-4.31 
1747830232.92,2,-161.90,-359.54,0.02,0.64,1.30,-161.90,-359.54,0.00,1.99,-4.13 
1747830233.12,0,-141.12,-390.45,1.74,3.66,0.87,-141.12,-390.45,0.00,2.22,-4.54 
1747830233.12,2,-161.50,-360.37,0.02,0.66,1.30,-161.50,-360.37,0.00,1.99,-4.13 
1747830233.32,0,-140.80,-390.89,1.75,6.52,0.32,-140.80,-390.89,0.00,2.09,-4.06 
1747830233.32,2,-161.10,-361.20,0.03,0.68,1.30,-161.10,-361.20,0.00,1.99,-4.13 
1747830233.62,0,-140.03,-392.21,1.83,3.64,0.47,-140.03,-392.21,0.00,2.23,-4.15 
1747830233.62,2,-160.51,-362.44,0.03,0.70,1.30,-160.51,-362.44,0.00,1.99,-4.13 
1747830233.81,0,-139.46,-393.41,1.63,5.58,0.34,-139.46,-393.41,0.00,2.36,-4.53 
1747830233.81,2,-160.11,-363.26,0.04,0.73,1.30,-160.11,-363.26,0.00,1.99,-4.13 
1747830233.91,0,-139.30,-393.71,1.64,7.28,0.40,-139.30,-393.71,0.00,2.28,-4.37 
1747830233.91,2,-159.91,-363.68,0.06,0.80,1.30,-159.91,-363.68,0.00,1.99,-4.13 
1747830234.22,0,-138.61,-395.33,1.85,5.17,0.30,-138.61,-395.33,0.00,2.28,-4.68 
1747830234.22,2,-159.31,-364.92,0.06,0.80,1.30,-159.31,-364.92,0.00,1.99,-4.13 
1747830234.32,0,-138.40,-395.93,1.88,5.06,0.33,-138.40,-395.93,0.00,2.26,-4.81 
1747830234.32,2,-159.11,-365.33,0.06,0.80,1.30,-159.11,-365.33,0.00,1.99,-4.13 
1747830234.42,0,-138.14,-396.55,1.63,5.05,0.38,-138.14,-396.55,0.00,2.30,-4.96 
1747830234.42,2,-158.91,-365.74,0.06,0.80,1.30,-158.91,-365.74,0.00,1.99,-4.13 
1747830234.52,0,-138.14,-396.87,1.91,5.48,0.38,-138.14,-396.87,0.00,2.05,-4.77 
1747830234.52,2,-158.71,-366.16,0.06,0.80,1.30,-158.71,-366.16,0.00,1.99,-4.13 
1747830234.52,3,-139.69,-384.16,0.03,1.57,0.06,-139.69,-384.16,0.00,2.58,-3.99 
1747830234.62,0,-137.92,-397.29,2.06,3.23,0.57,-137.92,-397.29,0.00,2.06,-4.71 
1747830234.62,2,-158.52,-366.57,0.06,0.80,1.30,-158.52,-366.57,0.00,1.99,-4.13 
1747830234.62,3,-139.43,-384.56,0.04,1.62,0.06,-139.43,-384.56,0.00,2.58,-3.99 
1747830234.82,0,-137.43,-398.40,1.76,5.32,0.33,-137.43,-398.40,0.00,2.15,-4.89 
1747830234.82,2,-158.12,-367.40,0.06,0.80,1.30,-158.12,-367.40,0.00,1.99,-4.13 
1747830234.82,3,-139.23,-385.26,0.06,1.62,1.49,-139.23,-385.26,0.00,2.27,-3.89 
1747830234.92,0,-137.18,-398.94,1.80,4.68,0.31,-137.18,-398.94,0.00,2.18,-4.94 
1747830234.92,2,-157.92,-367.81,0.06,0.80,1.30,-157.92,-367.81,0.00,1.99,-4.13 
1747830234.92,3,-139.01,-385.64,0.35,1.46,1.49,-139.01,-385.64,0.00,2.27,-3.89 
1747830235.12,0,-136.80,-399.66,1.86,7.55,0.37,-136.80,-399.66,0.00,2.13,-4.66 
1747830235.12,2,-157.52,-368.64,0.06,0.80,1.30,-157.52,-368.64,0.00,1.99,-4.13 
1747830235.12,3,-138.67,-387.08,0.37,1.76,0.02,-138.67,-387.08,0.00,2.16,-4.50 
1747830235.22,0,-136.56,-400.07,1.84,5.84,0.35,-136.56,-400.07,0.00,2.16,-4.60 
1747830235.22,2,-157.32,-369.05,0.06,0.80,1.30,-157.32,-369.05,0.00,1.99,-4.13 
1747830235.22,3,-138.42,-387.27,0.39,2.17,0.02,-138.42,-387.27,0.00,2.19,-4.26 
1747830235.22,4,-211.53,-483.90,1.89,0.48,0.23,-211.53,-483.90,0.00,-0.18,-0.14 
1747830235.32,0,-136.36,-400.38,1.95,7.36,0.38,-136.36,-400.38,0.00,2.14,-4.44 
1747830235.32,2,-157.12,-369.46,0.06,0.80,1.30,-157.12,-369.46,0.00,1.99,-4.13 
1747830235.32,3,-138.20,-387.70,0.39,2.79,0.02,-138.20,-387.70,0.00,2.19,-4.26 
1747830235.32,4,-211.59,-483.89,1.85,0.53,0.17,-211.59,-483.89,0.00,-0.23,-0.12 
1747830235.42,0,-136.13,-400.81,1.94,3.21,0.61,-136.13,-400.81,0.00,2.16,-4.42 
1747830235.42,2,-156.92,-369.88,0.06,0.80,1.30,-156.92,-369.88,0.00,1.99,-4.13 
1747830235.42,3,-137.98,-388.13,0.39,4.97,0.02,-137.98,-388.13,0.00,2.19,-4.26 
1747830235.42,4,-211.59,-483.89,0.33,1.20,1.32,-211.59,-483.89,0.00,-0.20,-0.10 
1747830235.52,0,-135.90,-401.24,1.81,3.22,0.53,-135.90,-401.24,0.00,2.17,-4.41 
1747830235.52,2,-156.72,-370.29,0.06,0.80,1.30,-156.72,-370.29,0.00,1.99,-4.13 
1747830235.52,3,-137.76,-388.55,0.39,4.97,0.02,-137.76,-388.55,0.00,2.19,-4.26 
1747830235.62,0,-135.76,-401.77,1.98,3.90,0.02,-135.76,-401.77,0.00,2.09,-4.51 
1747830235.62,2,-156.53,-370.70,0.06,0.80,1.30,-156.53,-370.70,0.00,1.99,-4.13 
1747830235.72,0,-135.53,-402.20,1.86,3.09,0.55,-135.53,-402.20,0.00,2.11,-4.49 
1747830235.72,2,-156.33,-371.12,0.06,0.80,1.30,-156.33,-371.12,0.00,1.99,-4.13 
1747830235.72,3,-137.60,-389.04,3.92,0.69,1.51,-137.60,-389.04,0.00,1.96,-3.95 
1747830235.82,0,-135.39,-402.74,2.08,3.97,0.03,-135.39,-402.74,0.00,2.04,-4.58 
1747830235.82,2,-156.13,-371.53,0.06,0.80,1.30,-156.13,-371.53,0.00,1.99,-4.13 
1747830235.82,3,-137.48,-389.60,6.07,0.52,1.53,-137.48,-389.60,0.00,1.89,-4.10 
1747830235.92,0,-135.11,-403.20,2.15,3.88,0.45,-135.11,-403.20,0.00,2.11,-4.58 
1747830235.92,2,-155.93,-371.94,0.06,0.80,1.30,-155.93,-371.94,0.00,1.99,-4.13 
1747830235.92,3,-137.29,-390.01,5.25,0.17,1.53,-137.29,-390.01,0.00,1.89,-4.10 
1747830236.02,0,-134.84,-403.66,2.09,3.81,0.61,-134.84,-403.66,0.00,2.18,-4.59 
1747830236.02,2,-155.73,-372.35,0.06,0.80,1.30,-155.73,-372.35,0.00,1.99,-4.13 
1747830236.02,3,-137.11,-390.42,5.25,0.17,1.53,-137.11,-390.42,0.00,1.89,-4.10 
1747830236.02,5,-155.85,-373.95,0.06,0.61,0.59,-155.85,-373.95,0.00,0.94,-2.51 
1747830236.12,0,-134.52,-404.19,3.99,3.96,1.41,-134.52,-404.19,0.00,2.28,-4.66 
1747830236.12,2,-155.53,-372.77,0.06,0.80,1.30,-155.53,-372.77,0.00,1.99,-4.13 
1747830236.12,3,-136.76,-390.82,4.56,0.63,0.06,-136.76,-390.82,0.00,2.02,-4.09 
1747830236.12,5,-155.76,-374.20,0.06,0.63,0.59,-155.76,-374.20,0.00,0.94,-2.51 
1747830236.22,0,-134.42,-404.55,3.77,7.64,0.29,-134.42,-404.55,0.00,2.15,-4.56 
1747830236.22,2,-155.33,-373.18,0.06,0.80,1.30,-155.33,-373.18,0.00,1.99,-4.13 
1747830236.22,3,-136.50,-391.36,0.50,5.17,0.04,-136.50,-391.36,0.00,2.08,-4.21 
1747830236.22,5,-155.66,-374.45,0.06,0.65,0.59,-155.66,-374.45,0.00,0.94,-2.51 
1747830236.32,0,-134.20,-404.89,2.00,7.47,0.37,-134.20,-404.89,0.00,2.16,-4.44 
1747830236.32,2,-155.13,-373.59,0.06,0.80,1.30,-155.13,-373.59,0.00,1.99,-4.13 
1747830236.32,3,-136.33,-391.78,0.52,4.32,0.04,-136.33,-391.78,0.00,2.04,-4.21 
1747830236.32,5,-155.57,-374.70,0.07,0.68,0.59,-155.57,-374.70,0.00,0.94,-2.51 
1747830236.42,0,-133.91,-405.47,1.94,5.55,0.34,-133.91,-405.47,0.00,2.24,-4.57 
1747830236.42,2,-154.94,-374.01,0.06,0.80,1.30,-154.94,-374.01,0.00,1.99,-4.13 
1747830236.42,3,-136.19,-392.05,0.77,2.02,0.10,-136.19,-392.05,0.00,1.99,-4.06 
1747830236.42,5,-155.48,-374.95,0.07,0.70,0.59,-155.48,-374.95,0.00,0.94,-2.51 
1747830236.52,0,-133.82,-405.79,2.10,6.31,0.89,-133.82,-405.79,0.00,2.10,-4.43 
1747830236.52,2,-154.74,-374.42,0.06,0.80,1.30,-154.74,-374.42,0.00,1.99,-4.13 
1747830236.52,3,-135.99,-392.45,0.51,0.97,0.10,-135.99,-392.45,0.00,1.99,-4.06 
1747830236.52,5,-155.38,-375.21,0.08,0.73,0.59,-155.38,-375.21,0.00,0.94,-2.51 
1747830236.72,0,-133.36,-406.61,3.57,2.41,1.04,-133.36,-406.61,0.00,2.14,-4.37 
1747830236.72,2,-154.34,-375.25,0.06,0.80,1.30,-154.34,-375.25,0.00,1.99,-4.13 
1747830236.72,3,-135.59,-393.27,0.51,0.97,0.10,-135.59,-393.27,0.00,1.99,-4.06 
1747830236.72,5,-155.19,-375.71,0.09,0.77,0.59,-155.19,-375.71,0.00,0.94,-2.51 
1747830237.02,0,-132.70,-407.83,2.32,7.11,0.70,-132.70,-407.83,0.00,2.15,-4.28 
1747830237.02,2,-153.74,-376.49,0.06,0.80,1.30,-153.74,-376.49,0.00,1.99,-4.13 
1747830237.02,3,-134.77,-394.88,0.77,0.95,1.55,-134.77,-394.88,0.00,2.17,-4.39 
1747830237.02,4,-211.46,-484.16,0.50,1.32,0.21,-211.46,-484.16,0.00,0.00,-0.21 
1747830237.02,5,-154.91,-376.46,0.10,0.80,0.59,-154.91,-376.46,0.00,0.94,-2.51 
1747830237.12,0,-132.58,-408.22,3.19,7.20,0.34,-132.58,-408.22,0.00,2.06,-4.24 
1747830237.12,4,-211.44,-484.24,0.58,1.46,1.03,-211.44,-484.24,0.00,0.02,-0.27 
1747830237.12,5,-154.82,-376.71,0.10,0.84,0.59,-154.82,-376.71,0.00,0.94,-2.51 
1747830237.32,0,-132.19,-409.11,2.67,6.80,0.53,-132.19,-409.11,0.00,2.04,-4.28 
1747830237.32,3,-134.11,-396.51,1.02,0.05,1.40,-134.11,-396.51,0.00,2.18,-4.62 
1747830237.32,4,-211.49,-484.25,2.08,0.43,0.08,-211.49,-484.25,0.00,-0.03,-0.23 
1747830237.32,5,-154.63,-377.21,0.11,0.89,0.59,-154.63,-377.21,0.00,0.94,-2.51 
1747830237.42,0,-132.01,-409.56,3.20,6.78,0.29,-132.01,-409.56,0.00,2.01,-4.30 
1747830237.42,3,-133.89,-396.97,1.02,0.05,1.40,-133.89,-396.97,0.00,2.18,-4.62 
1747830237.42,4,-211.50,-484.30,0.59,1.79,1.48,-211.50,-484.30,0.00,-0.04,-0.25 
1747830237.42,5,-154.54,-377.47,0.13,0.94,0.59,-154.54,-377.47,0.00,0.94,-2.51 
1747830237.52,0,-131.67,-410.04,2.27,3.80,0.60,-131.67,-410.04,0.00,2.17,-4.36 
1747830237.52,3,-133.67,-397.43,1.02,0.05,1.40,-133.67,-397.43,0.00,2.18,-4.62 
1747830237.52,4,-211.62,-484.28,2.27,0.75,0.17,-211.62,-484.28,0.00,-0.17,-0.20 
1747830237.52,5,-154.44,-377.72,0.14,1.01,0.59,-154.44,-377.72,0.00,0.94,-2.51 
1747830237.62,0,-131.36,-410.59,2.67,3.85,0.92,-131.36,-410.59,0.00,2.26,-4.48 
1747830237.62,3,-133.50,-399.14,1.01,0.11,0.04,-133.50,-399.14,0.00,2.14,-5.73 
1747830237.62,4,-211.69,-484.28,1.87,0.47,0.06,-211.69,-484.28,0.00,-0.22,-0.18 
1747830237.62,5,-154.35,-377.97,0.15,1.08,0.59,-154.35,-377.97,0.00,0.94,-2.51 
1747830237.72,0,-131.02,-411.23,1.84,5.70,0.35,-131.02,-411.23,0.00,2.39,-4.69 
1747830237.72,3,-133.18,-399.81,1.06,0.13,1.48,-133.18,-399.81,0.00,2.24,-5.82 
1747830237.72,4,-211.68,-484.27,0.57,1.43,1.20,-211.68,-484.27,0.00,-0.19,-0.15 
1747830237.72,5,-154.25,-378.22,0.17,1.16,0.59,-154.25,-378.22,0.00,0.94,-2.51 
1747830238.22,0,-130.23,-413.28,2.00,6.50,0.90,-130.23,-413.28,0.00,2.07,-4.46 
1747830238.22,3,-132.06,-402.72,1.52,0.15,1.48,-132.06,-402.72,0.00,2.24,-5.82 
1747830238.22,4,-211.74,-484.39,0.68,2.10,1.34,-211.74,-484.39,0.00,-0.16,-0.19 
1747830238.22,5,-153.78,-379.47,0.19,1.25,0.59,-153.78,-379.47,0.00,0.94,-2.51 
1747830238.42,0,-129.81,-414.46,2.45,6.61,0.84,-129.81,-414.46,0.00,2.08,-4.74 
1747830238.42,3,-131.61,-403.89,1.52,0.15,1.48,-131.61,-403.89,0.00,2.24,-5.82 
1747830238.42,4,-211.89,-484.40,1.77,0.53,0.26,-211.89,-484.40,0.00,-0.28,-0.16 
1747830238.42,5,-153.59,-379.97,0.21,1.36,0.59,-153.59,-379.97,0.00,0.94,-2.51 
1747830238.52,0,-129.39,-414.90,2.83,6.58,0.75,-129.39,-414.90,0.00,2.31,-4.71 
1747830238.52,3,-131.53,-406.33,1.81,0.16,1.55,-131.53,-406.33,0.00,2.12,-7.28 
1747830238.52,4,-211.95,-484.36,1.62,0.56,0.03,-211.95,-484.36,0.00,-0.31,-0.10 
1747830238.52,5,-153.50,-380.23,0.24,1.49,0.59,-153.50,-380.23,0.00,0.94,-2.51 
1747830238.62,0,-129.11,-415.68,3.38,5.88,0.32,-129.11,-415.68,0.00,2.36,-5.06 
1747830238.62,3,-131.32,-407.05,1.03,0.07,1.55,-131.32,-407.05,0.00,2.12,-7.28 
1747830238.62,4,-212.02,-484.33,1.39,0.49,0.16,-212.02,-484.33,0.00,-0.35,-0.05 
1747830238.62,5,-153.41,-380.48,0.27,1.64,0.59,-153.41,-380.48,0.00,0.94,-2.51 
1747830238.72,0,-128.90,-416.08,2.86,7.03,0.35,-128.90,-416.08,0.00,2.33,-4.93 
1747830238.72,3,-131.11,-407.78,1.03,0.07,1.55,-131.11,-407.78,0.00,2.12,-7.28 
1747830238.72,4,-212.01,-484.34,1.24,0.88,1.43,-212.01,-484.34,0.00,-0.30,-0.07 
1747830238.72,5,-153.31,-380.73,0.31,1.81,0.59,-153.31,-380.73,0.00,0.94,-2.51 
1747830238.82,0,-128.69,-416.47,2.84,7.42,0.32,-128.69,-416.47,0.00,2.31,-4.81 
1747830238.82,3,-130.90,-408.51,1.03,0.07,1.55,-130.90,-408.51,0.00,2.12,-7.28 
1747830238.82,4,-211.94,-484.37,2.95,0.58,0.32,-211.94,-484.37,0.00,-0.18,-0.09 
1747830238.82,5,-153.22,-380.98,0.35,2.01,0.59,-153.22,-380.98,0.00,0.94,-2.51 
1747830238.91,0,-128.42,-416.94,2.96,6.25,0.90,-128.42,-416.94,0.00,2.35,-4.80 
1747830238.91,3,-130.68,-409.24,1.03,0.07,1.55,-130.68,-409.24,0.00,2.12,-7.28 
1747830238.91,4,-211.96,-484.41,1.13,1.33,1.00,-211.96,-484.41,0.00,-0.19,-0.13 
1747830238.91,5,-153.12,-381.23,0.40,2.24,0.59,-153.12,-381.23,0.00,0.94,-2.51 
1747830239.01,0,-128.17,-417.42,3.17,6.41,0.88,-128.17,-417.42,0.00,2.37,-4.80 
1747830239.01,3,-130.47,-409.97,1.03,0.07,1.55,-130.47,-409.97,0.00,2.12,-7.28 
1747830239.01,4,-211.99,-484.43,1.67,0.44,0.11,-211.99,-484.43,0.00,-0.20,-0.14 
1747830239.01,5,-153.03,-381.48,0.45,2.49,0.59,-153.03,-381.48,0.00,0.94,-2.51 
1747830239.11,0,-127.90,-417.82,2.96,6.52,0.88,-127.90,-417.82,0.00,2.40,-4.71 
1747830239.11,3,-130.26,-410.69,1.03,0.07,1.55,-130.26,-410.69,0.00,2.12,-7.28 
1747830239.11,4,-212.01,-484.46,1.90,0.41,0.03,-212.01,-484.46,0.00,-0.20,-0.15 
1747830239.11,5,-152.94,-381.73,0.51,2.76,0.59,-152.94,-381.73,0.00,0.94,-2.51 
1747830239.21,0,-127.72,-418.20,2.88,7.86,0.99,-127.72,-418.20,0.00,2.33,-4.60 
1747830239.21,3,-130.05,-411.42,1.03,0.07,1.55,-130.05,-411.42,0.00,2.12,-7.28 
1747830239.21,4,-211.99,-484.51,0.68,2.08,1.54,-211.99,-484.51,0.00,-0.15,-0.20 
1747830239.21,5,-152.84,-381.98,0.73,3.82,0.59,-152.84,-381.98,0.00,0.94,-2.51 
1747830239.41,0,-127.47,-418.87,2.82,7.90,0.92,-127.47,-418.87,0.00,2.10,-4.34 
1747830239.41,3,-129.62,-412.88,1.03,0.07,1.55,-129.62,-412.88,0.00,2.12,-7.28 
1747830239.41,5,-152.65,-382.48,0.73,3.82,0.59,-152.65,-382.48,0.00,0.94,-2.51 
1747830239.61,0,-127.22,-419.54,2.73,7.62,0.92,-127.22,-419.54,0.00,1.93,-4.13 
1747830239.61,3,-129.20,-414.33,1.03,0.07,1.55,-129.20,-414.33,0.00,2.12,-7.28 
1747830239.61,4,-211.79,-484.60,0.42,2.13,1.17,-211.79,-484.60,0.00,0.09,-0.20 
1747830239.61,5,-152.47,-382.99,0.73,3.82,0.59,-152.47,-382.99,0.00,0.94,-2.51 
1747830239.72,0,-126.79,-420.17,3.95,3.49,1.36,-126.79,-420.17,0.00,2.18,-4.36 
1747830239.72,3,-128.99,-415.06,1.03,0.07,1.55,-128.99,-415.06,0.00,2.12,-7.28 
1747830239.72,5,-152.37,-383.24,0.73,3.82,0.59,-152.37,-383.24,0.00,0.94,-2.51 
1747830239.92,0,-126.08,-421.14,2.70,7.32,0.49,-126.08,-421.14,0.00,2.46,-4.46 
1747830239.92,3,-128.56,-416.52,1.03,0.07,1.55,-128.56,-416.52,0.00,2.12,-7.28 
1747830239.92,5,-152.18,-383.74,0.73,3.82,0.59,-152.18,-383.74,0.00,0.94,-2.51 
1747830240.02,0,-125.69,-421.74,2.93,6.63,0.29,-125.69,-421.74,0.00,2.60,-4.61 
1747830240.02,3,-128.35,-417.24,1.03,0.07,1.55,-128.35,-417.24,0.00,2.12,-7.28 
1747830240.02,5,-152.09,-383.99,0.73,3.82,0.59,-152.09,-383.99,0.00,0.94,-2.51 
1747830240.12,0,-125.32,-422.20,2.31,6.81,0.53,-125.32,-422.20,0.00,2.72,-4.62 
1747830240.12,3,-128.14,-417.97,1.03,0.07,1.55,-128.14,-417.97,0.00,2.12,-7.28 
1747830240.12,5,-152.00,-384.24,0.73,3.82,0.59,-152.00,-384.24,0.00,0.94,-2.51 
1747830240.32,0,-124.74,-423.06,2.55,5.55,0.22,-124.74,-423.06,0.00,2.75,-4.55 
1747830240.32,3,-127.71,-419.43,1.03,0.07,1.55,-127.71,-419.43,0.00,2.12,-7.28 
1747830240.32,5,-151.81,-384.74,0.73,3.82,0.59,-151.81,-384.74,0.00,0.94,-2.51 
1747830240.42,0,-124.52,-423.51,2.33,5.43,0.17,-124.52,-423.51,0.00,2.69,-4.55 
1747830240.42,3,-127.50,-420.16,1.03,0.07,1.55,-127.50,-420.16,0.00,2.12,-7.28 
1747830240.42,5,-151.71,-384.99,0.73,3.82,0.59,-151.71,-384.99,0.00,0.94,-2.51 
1747830240.92,0,-123.19,-425.81,1.80,6.62,0.56,-123.19,-425.81,0.00,2.68,-4.57 
1747830240.92,3,-126.44,-423.80,1.03,0.07,1.55,-126.44,-423.80,0.00,2.12,-7.28 
1747830240.92,4,-212.06,-484.74,0.42,1.81,1.39,-212.06,-484.74,0.00,-0.14,-0.14 
1747830240.92,5,-151.24,-386.25,0.73,3.82,0.59,-151.24,-386.25,0.00,0.94,-2.51 
1747830241.41,0,-121.96,-428.21,3.17,6.29,0.97,-121.96,-428.21,0.00,2.59,-4.66 
1747830241.41,3,-125.38,-427.43,1.03,0.07,1.55,-125.38,-427.43,0.00,2.12,-7.28 
1747830241.41,4,-211.94,-484.91,0.54,1.94,1.32,-211.94,-484.91,0.00,0.02,-0.23 
1747830241.41,5,-150.77,-387.50,0.73,3.82,0.59,-150.77,-387.50,0.00,0.94,-2.51 
1747830241.51,0,-121.65,-428.71,5.64,4.15,1.51,-121.65,-428.71,0.00,2.64,-4.70 
1747830241.51,3,-125.17,-428.16,1.03,0.07,1.55,-125.17,-428.16,0.00,2.12,-7.28 
1747830241.51,4,-211.97,-484.97,0.51,1.47,1.46,-211.97,-484.97,0.00,-0.01,-0.26 
1747830241.51,5,-150.68,-387.76,0.73,3.82,0.59,-150.68,-387.76,0.00,0.94,-2.51 
1747830241.61,0,-121.48,-429.32,3.47,6.34,0.85,-121.48,-429.32,0.00,2.53,-4.85 
1747830241.61,3,-124.95,-428.89,1.03,0.07,1.55,-124.95,-428.89,0.00,2.12,-7.28 
1747830241.61,4,-211.94,-485.03,0.57,1.98,1.18,-211.94,-485.03,0.00,0.02,-0.30 
1747830241.61,5,-150.58,-388.01,0.73,3.82,0.59,-150.58,-388.01,0.00,0.94,-2.51 
1747830241.72,0,-121.22,-429.85,2.52,6.51,0.86,-121.22,-429.85,0.00,2.55,-4.91 
1747830241.72,3,-124.74,-429.62,1.03,0.07,1.55,-124.74,-429.62,0.00,2.12,-7.28 
1747830241.72,4,-211.90,-485.08,0.60,1.84,1.23,-211.90,-485.08,0.00,0.06,-0.32 
1747830241.72,5,-150.49,-388.26,0.73,3.82,0.59,-150.49,-388.26,0.00,0.94,-2.51 
1747830241.82,0,-121.13,-430.33,3.93,7.05,0.32,-121.13,-430.33,0.00,2.34,-4.89 
1747830241.82,3,-124.53,-430.35,1.03,0.07,1.55,-124.53,-430.35,0.00,2.12,-7.28 
1747830241.82,4,-211.90,-485.13,0.69,1.83,1.10,-211.90,-485.13,0.00,0.06,-0.34 
1747830241.82,5,-150.40,-388.51,0.73,3.82,0.59,-150.40,-388.51,0.00,0.94,-2.51 
1747830242.12,0,-120.40,-431.81,2.77,6.55,0.86,-120.40,-431.81,0.00,2.37,-4.90 
1747830242.12,3,-123.89,-432.53,1.03,0.07,1.55,-123.89,-432.53,0.00,2.12,-7.28 
1747830242.12,4,-211.90,-485.20,0.35,1.67,1.26,-211.90,-485.20,0.00,0.04,-0.31 
1747830242.12,5,-150.11,-389.26,0.73,3.82,0.59,-150.11,-389.26,0.00,0.94,-2.51 
1747830242.32,0,-120.13,-432.77,3.98,6.78,0.29,-120.13,-432.77,0.00,2.14,-4.89 
1747830242.32,3,-123.47,-433.98,1.03,0.07,1.55,-123.47,-433.98,0.00,2.12,-7.28 
1747830242.32,4,-211.84,-485.32,0.56,2.02,1.11,-211.84,-485.32,0.00,0.09,-0.37 
1747830242.32,5,-149.93,-389.76,0.73,3.82,0.59,-149.93,-389.76,0.00,0.94,-2.51 
1747830242.42,0,-120.10,-433.26,4.30,6.62,0.32,-120.10,-433.26,0.00,1.94,-4.88 
1747830242.42,3,-123.25,-434.71,1.03,0.07,1.55,-123.25,-434.71,0.00,2.12,-7.28 
1747830242.42,4,-211.89,-485.36,0.93,2.00,0.94,-211.89,-485.36,0.00,0.03,-0.38 
1747830242.42,5,-149.83,-390.01,0.73,3.82,0.59,-149.83,-390.01,0.00,0.94,-2.51 
1747830242.72,0,-119.20,-434.76,2.89,6.98,0.50,-119.20,-434.76,0.00,2.26,-4.92 
1747830242.72,3,-122.62,-436.90,1.03,0.07,1.55,-122.62,-436.90,0.00,2.12,-7.28 
1747830242.72,4,-211.90,-485.42,0.60,1.69,1.21,-211.90,-485.42,0.00,0.01,-0.33 
1747830242.82,0,-118.91,-435.28,2.96,6.21,0.34,-118.91,-435.28,0.00,2.32,-4.95 
1747830242.82,3,-122.41,-437.62,1.03,0.07,1.55,-122.41,-437.62,0.00,2.12,-7.28 
1747830242.82,4,-211.95,-485.39,0.51,1.89,1.20,-211.95,-485.39,0.00,-0.04,-0.26 
1747830242.92,0,-118.42,-435.83,3.11,5.63,1.02,-118.42,-435.83,0.00,2.60,-5.01 
1747830242.92,4,-211.96,-485.42,0.66,1.84,1.00,-211.96,-485.42,0.00,-0.05,-0.26 
1747830243.02,0,-118.10,-436.38,1.71,3.53,0.07,-118.10,-436.38,0.00,2.66,-5.06 
1747830243.02,4,-211.97,-485.44,0.49,1.93,1.24,-211.97,-485.44,0.00,-0.05,-0.25 
1747830243.11,0,-117.71,-436.85,2.44,3.39,0.57,-117.71,-436.85,0.00,2.80,-5.02 
1747830243.11,4,-211.92,-485.49,0.42,1.87,1.12,-211.92,-485.49,0.00,0.01,-0.28 
1747830243.31,0,-117.16,-437.81,2.98,2.63,1.12,-117.16,-437.81,0.00,2.79,-4.98 
1747830243.31,4,-211.94,-485.50,0.65,1.78,1.12,-211.94,-485.50,0.00,-0.01,-0.23 
1747830243.41,0,-116.72,-438.38,2.75,5.18,0.96,-116.72,-438.38,0.00,2.96,-5.05 
1747830243.52,0,-116.33,-438.96,1.97,5.44,0.59,-116.33,-438.96,0.00,3.06,-5.14 
1747830243.52,4,-211.95,-485.54,0.67,2.18,1.11,-211.95,-485.54,0.00,-0.02,-0.23 
1747830243.62,0,-115.98,-439.50,2.86,4.55,1.02,-115.98,-439.50,0.00,3.11,-5.16 
1747830243.62,4,-212.00,-485.53,0.74,2.26,1.26,-212.00,-485.53,0.00,-0.07,-0.19 
1747830243.72,0,-115.65,-440.03,1.77,4.93,0.55,-115.65,-440.03,0.00,3.13,-5.18 
1747830243.72,4,-212.01,-485.56,0.58,1.57,1.31,-212.01,-485.56,0.00,-0.08,-0.21 
1747830243.92,0,-115.24,-440.99,2.65,3.89,0.02,-115.24,-440.99,0.00,2.91,-5.10 
1747830244.12,0,-114.78,-441.93,3.39,5.08,1.25,-114.78,-441.93,0.00,2.79,-5.02 
1747830244.32,0,-114.18,-442.98,2.23,4.73,0.81,-114.18,-442.98,0.00,2.83,-5.07 
1747830244.32,4,-212.04,-485.67,0.63,2.02,1.18,-212.04,-485.67,0.00,-0.06,-0.21 
1747830244.42,0,-113.98,-443.44,2.16,5.60,0.49,-113.98,-443.44,0.00,2.74,-5.01 
1747830244.42,4,-212.06,-485.67,0.44,1.92,1.06,-212.06,-485.67,0.00,-0.07,-0.19 
1747830244.52,0,-113.84,-444.00,3.41,4.74,0.23,-113.84,-444.00,0.00,2.60,-5.07 
1747830244.52,4,-212.04,-485.74,0.65,2.06,0.97,-212.04,-485.74,0.00,-0.04,-0.24 
1747830244.61,0,-113.61,-444.50,3.71,3.70,1.40,-113.61,-444.50,0.00,2.57,-5.07 
1747830244.61,4,-212.09,-485.73,0.56,2.03,1.24,-212.09,-485.73,0.00,-0.09,-0.20 
1747830244.71,0,-113.52,-444.89,3.53,3.96,1.30,-113.52,-444.89,0.00,2.40,-4.94 
1747830244.91,0,-113.18,-446.00,3.87,4.81,0.33,-113.18,-446.00,0.00,2.26,-5.07 
1747830245.11,0,-112.54,-446.98,3.22,4.94,0.90,-112.54,-446.98,0.00,2.44,-5.03 
1747830245.11,4,-212.18,-485.77,0.48,1.70,1.20,-212.18,-485.77,0.00,-0.13,-0.17 
1747830245.41,0,-111.82,-448.27,2.09,3.94,0.55,-111.82,-448.27,0.00,2.43,-4.83 
1747830245.41,4,-212.17,-485.88,0.54,1.87,1.16,-212.17,-485.88,0.00,-0.08,-0.23 
1747830245.51,0,-111.52,-448.74,1.94,4.48,0.55,-111.52,-448.74,0.00,2.49,-4.82 
1747830245.51,4,-212.11,-486.02,1.40,1.43,1.12,-212.11,-486.02,0.00,-0.02,-0.34 
1747830245.61,0,-111.26,-449.21,3.03,4.12,1.11,-111.26,-449.21,0.00,2.50,-4.81 
1747830245.61,4,-212.13,-486.00,0.61,2.11,1.03,-212.13,-486.00,0.00,-0.03,-0.29 
1747830245.71,0,-111.01,-449.67,3.24,3.75,1.20,-111.01,-449.67,0.00,2.50,-4.78 
1747830245.71,4,-212.07,-486.01,0.49,1.26,0.73,-212.07,-486.01,0.00,0.03,-0.27 
1747830245.81,0,-110.75,-450.14,2.98,4.08,1.12,-110.75,-450.14,0.00,2.51,-4.77 
1747830245.81,4,-212.11,-486.01,0.53,1.43,1.20,-212.11,-486.01,0.00,-0.01,-0.24 
1747830245.91,0,-110.52,-450.59,3.15,4.21,1.19,-110.52,-450.59,0.00,2.48,-4.74 
1747830245.91,4,-212.07,-486.02,0.40,1.17,0.56,-212.07,-486.02,0.00,0.03,-0.23 
1747830246.11,0,-110.09,-451.69,2.82,5.13,0.25,-110.09,-451.69,0.00,2.42,-4.90 
1747830246.11,4,-212.10,-486.06,0.45,1.77,1.01,-212.10,-486.06,0.00,-0.01,-0.22 
1747830246.41,0,-109.48,-453.07,2.91,2.56,1.12,-109.48,-453.07,0.00,2.30,-4.81 
1747830246.41,4,-212.06,-486.13,0.24,1.23,0.63,-212.06,-486.13,0.00,0.03,-0.22 
1747830246.71,0,-108.75,-454.73,1.61,4.49,0.30,-108.75,-454.73,0.00,2.35,-5.02 
1747830246.71,4,-212.01,-486.24,0.21,1.57,0.62,-212.01,-486.24,0.00,0.07,-0.26 
1747830246.81,0,-108.55,-455.36,2.58,4.57,0.22,-108.55,-455.36,0.00,2.31,-5.15 
1747830246.81,4,-211.97,-486.32,0.18,1.67,0.48,-211.97,-486.32,0.00,0.10,-0.31 
1747830246.91,0,-108.22,-455.80,3.01,4.37,0.87,-108.22,-455.80,0.00,2.41,-5.08 
1747830246.91,4,-212.01,-486.27,0.20,1.88,0.55,-212.01,-486.27,0.00,0.05,-0.23 
1747830247.01,0,-108.05,-456.40,3.05,4.36,0.25,-108.05,-456.40,0.00,2.33,-5.17 
1747830247.01,4,-212.08,-486.32,0.30,1.86,0.41,-212.08,-486.32,0.00,-0.03,-0.27 
1747830247.11,0,-107.70,-456.86,3.46,4.04,0.96,-107.70,-456.86,0.00,2.46,-5.11 
1747830247.11,4,-212.16,-486.30,0.35,1.95,1.08,-212.16,-486.30,0.00,-0.11,-0.20 
1747830247.31,0,-107.10,-457.88,3.23,4.02,1.12,-107.10,-457.88,0.00,2.58,-5.10 
1747830247.31,4,-212.13,-486.37,0.32,1.42,0.58,-212.13,-486.37,0.00,-0.06,-0.24 
1747830247.61,0,-106.27,-459.51,3.41,3.72,0.92,-106.27,-459.51,0.00,2.63,-5.20 
1747830247.61,4,-212.08,-486.54,0.24,1.53,0.35,-212.08,-486.54,0.00,0.01,-0.34 
1747830247.81,0,-105.75,-460.45,3.65,3.45,1.20,-105.75,-460.45,0.00,2.63,-5.11 
1747830247.81,4,-212.03,-486.63,0.20,1.29,0.52,-212.03,-486.63,0.00,0.05,-0.36 
1747830248.01,0,-105.48,-461.53,3.52,4.05,0.23,-105.48,-461.53,0.00,2.37,-5.16 
1747830248.01,4,-212.07,-486.62,0.28,1.79,0.71,-212.07,-486.62,0.00,0.00,-0.27 
1747830248.11,0,-105.13,-462.13,1.95,4.55,0.53,-105.13,-462.13,0.00,2.49,-5.25 
1747830248.11,4,-212.07,-486.61,0.49,1.54,0.64,-212.07,-486.61,0.00,0.00,-0.23 
1747830248.41,0,-104.30,-463.65,3.22,3.37,0.96,-104.30,-463.65,0.00,2.57,-5.20 
1747830248.41,4,-212.11,-486.66,0.31,1.50,0.44,-212.11,-486.66,0.00,-0.03,-0.21 
1747830248.51,0,-103.96,-464.16,3.22,3.37,1.03,-103.96,-464.16,0.00,2.65,-5.18 
1747830248.51,4,-212.11,-486.72,0.32,1.82,0.43,-212.11,-486.72,0.00,-0.03,-0.25 
1747830248.61,0,-103.84,-464.62,2.04,4.89,0.34,-103.84,-464.62,0.00,2.50,-5.12 
1747830248.61,4,-212.15,-486.68,0.22,1.76,0.63,-212.15,-486.68,0.00,-0.07,-0.19 
1747830248.71,0,-103.67,-465.16,2.02,3.87,0.30,-103.67,-465.16,0.00,2.41,-5.16 
1747830248.91,0,-103.12,-466.13,3.36,3.31,1.05,-103.12,-466.13,0.00,2.48,-5.09 
1747830249.01,0,-102.84,-466.67,2.94,3.45,0.94,-102.84,-466.67,0.00,2.52,-5.12 
1747830249.21,0,-102.41,-467.76,2.01,3.76,0.38,-102.41,-467.76,0.00,2.45,-5.19 
1747830249.21,4,-212.29,-486.80,0.73,1.26,1.46,-212.29,-486.80,0.00,-0.15,-0.22 
1747830249.31,0,-102.28,-468.24,2.04,4.15,0.28,-102.28,-468.24,0.00,2.32,-5.14 
1747830249.31,4,-212.34,-486.79,0.59,1.94,0.49,-212.34,-486.79,0.00,-0.18,-0.19 
1747830249.41,0,-102.08,-468.79,1.82,3.92,0.30,-102.08,-468.79,0.00,2.28,-5.19 
1747830249.41,4,-212.31,-486.83,0.27,1.06,0.42,-212.31,-486.83,0.00,-0.14,-0.21 
1747830249.51,0,-101.90,-469.29,1.80,3.91,0.22,-101.90,-469.29,0.00,2.24,-5.17 
1747830249.51,4,-212.31,-486.83,0.25,1.17,0.45,-212.31,-486.83,0.00,-0.12,-0.19 
1747830249.61,0,-101.67,-469.81,1.65,3.86,0.40,-101.67,-469.81,0.00,2.24,-5.17 
1747830249.61,4,-212.29,-486.88,0.18,1.09,0.43,-212.29,-486.88,0.00,-0.09,-0.22 
1747830249.71,0,-101.48,-470.33,1.73,3.77,0.31,-101.48,-470.33,0.00,2.21,-5.17 
1747830249.71,4,-212.32,-486.89,0.26,1.07,1.30,-212.32,-486.89,0.00,-0.11,-0.21 
1747830249.81,0,-101.27,-470.87,1.69,3.89,0.32,-101.27,-470.87,0.00,2.19,-5.20 
1747830249.81,4,-212.33,-486.89,0.19,1.04,0.37,-212.33,-486.89,0.00,-0.11,-0.19 
1747830249.91,0,-101.08,-471.41,1.73,3.68,0.31,-101.08,-471.41,0.00,2.16,-5.22 
1747830250.01,0,-100.87,-471.95,1.41,3.65,0.31,-100.87,-471.95,0.00,2.16,-5.24 
1747830250.21,0,-100.47,-472.92,1.56,4.85,0.32,-100.47,-472.92,0.00,2.13,-5.16 
1747830250.21,4,-212.43,-486.91,0.29,1.48,1.38,-212.43,-486.91,0.00,-0.16,-0.14 
1747830250.31,0,-100.24,-473.46,1.63,3.76,0.24,-100.24,-473.46,0.00,2.14,-5.19 
1747830250.31,4,-212.47,-486.87,0.30,2.10,0.44,-212.47,-486.87,0.00,-0.19,-0.09 
1747830250.41,0,-99.99,-474.01,1.68,3.81,0.25,-99.99,-474.01,0.00,2.18,-5.21 
1747830250.41,4,-212.49,-486.88,0.27,1.47,0.49,-212.49,-486.88,0.00,-0.18,-0.09 
1747830250.51,0,-99.73,-474.59,1.49,3.98,0.29,-99.73,-474.59,0.00,2.22,-5.28 
1747830250.71,0,-99.27,-475.74,1.66,3.62,0.26,-99.27,-475.74,0.00,2.24,-5.37 
1747830251.01,0,-98.70,-477.14,3.26,1.93,1.21,-98.70,-477.14,0.00,2.14,-5.17 
1747830251.01,4,-212.52,-487.02,0.32,1.60,0.59,-212.52,-487.02,0.00,-0.12,-0.16 
1747830251.11,0,-98.41,-477.75,1.64,3.79,0.31,-98.41,-477.75,0.00,2.22,-5.27 
1747830251.11,4,-212.53,-487.04,0.24,1.19,0.66,-212.53,-487.04,0.00,-0.12,-0.17 
1747830251.21,0,-98.16,-478.29,1.64,3.67,0.28,-98.16,-478.29,0.00,2.25,-5.28 
1747830251.21,4,-212.58,-487.02,0.28,1.78,0.58,-212.58,-487.02,0.00,-0.16,-0.13 
1747830251.31,0,-98.03,-478.81,1.41,2.50,0.04,-98.03,-478.81,0.00,2.15,-5.27 
1747830251.41,0,-98.04,-479.29,1.65,2.70,0.24,-98.04,-479.29,0.00,1.90,-5.22 
1747830251.51,0,-97.78,-479.85,1.92,3.48,0.24,-97.78,-479.85,0.00,1.98,-5.26 
1747830251.61,0,-97.56,-480.40,1.72,3.72,0.22,-97.56,-480.40,0.00,2.00,-5.28 
1747830251.71,0,-97.29,-481.01,1.74,3.79,0.23,-97.29,-481.01,0.00,2.07,-5.38 
1747830251.71,4,-212.71,-486.88,0.26,1.27,0.63,-212.71,-486.88,0.00,-0.21,0.06 
1747830251.81,0,-97.05,-481.58,1.71,3.33,0.22,-97.05,-481.58,0.00,2.11,-5.41 
1747830251.91,0,-96.81,-482.11,1.64,3.05,0.21,-96.81,-482.11,0.00,2.15,-5.40 
1747830252.01,0,-96.57,-482.66,1.53,3.17,0.23,-96.57,-482.66,0.00,2.17,-5.41 
1747830252.21,0,-96.47,-483.47,1.85,3.37,1.48,-96.47,-483.47,0.00,1.84,-5.14 
1747830252.31,0,-96.17,-484.06,1.76,4.14,0.38,-96.17,-484.06,0.00,1.96,-5.21 
1747830252.31,4,-212.76,-487.08,0.37,1.50,0.36,-212.76,-487.08,0.00,-0.15,-0.13 
1747830252.41,0,-96.25,-484.17,1.91,4.84,0.70,-96.25,-484.17,0.00,1.66,-4.79 
1747830252.41,4,-212.75,-487.12,0.28,1.39,0.24,-212.75,-487.12,0.00,-0.13,-0.16 
1747830252.51,0,-95.94,-484.72,2.32,4.28,0.26,-95.94,-484.72,0.00,1.81,-4.86 
1747830252.51,4,-212.74,-487.18,0.13,1.23,0.16,-212.74,-487.18,0.00,-0.11,-0.21 
1747830252.81,0,-95.19,-486.38,2.15,4.33,0.26,-95.19,-486.38,0.00,2.01,-5.05 
1747830252.81,4,-212.77,-487.25,0.19,1.17,0.39,-212.77,-487.25,0.00,-0.10,-0.21 
1747830253.41,0,-93.74,-489.37,2.19,4.77,0.43,-93.74,-489.37,0.00,2.18,-5.02 
1747830253.41,4,-212.83,-487.35,0.17,0.94,0.44,-212.83,-487.35,0.00,-0.10,-0.20 
1747830253.51,0,-94.17,-489.32,2.43,5.47,0.64,-94.17,-489.32,0.00,1.60,-4.53 
1747830253.61,0,-93.69,-490.14,2.31,5.04,0.23,-93.69,-490.14,0.00,1.94,-4.93 
1747830253.61,4,-212.88,-487.36,0.17,1.68,0.28,-212.88,-487.36,0.00,-0.12,-0.18 
1747830253.71,0,-93.26,-490.93,2.08,4.82,0.26,-93.26,-490.93,0.00,2.23,-5.29 
1747830253.71,4,-212.87,-487.43,0.15,1.20,0.28,-212.87,-487.43,0.00,-0.10,-0.24 
1747830253.81,0,-92.93,-491.56,1.81,4.35,0.23,-92.93,-491.56,0.00,2.37,-5.41 
1747830253.81,4,-212.90,-487.42,0.18,1.30,0.34,-212.90,-487.42,0.00,-0.13,-0.20 
1747830254.11,0,-92.21,-493.38,1.23,3.43,0.47,-92.21,-493.38,0.00,2.38,-5.65 
1747830254.11,4,-212.91,-487.48,0.17,1.16,0.19,-212.91,-487.48,0.00,-0.09,-0.19 
1747830254.21,0,-91.99,-494.09,1.17,3.29,0.62,-91.99,-494.09,0.00,2.36,-5.82 
1747830254.21,4,-212.90,-487.53,0.07,0.99,0.20,-212.90,-487.53,0.00,-0.07,-0.24 
1747830254.51,0,-91.60,-495.60,1.41,3.51,0.26,-91.60,-495.60,0.00,2.03,-5.57 
1747830254.51,4,-212.90,-487.77,0.21,0.91,1.48,-212.90,-487.77,0.00,-0.05,-0.41 
1747830254.61,0,-91.33,-496.19,1.41,3.36,0.34,-91.33,-496.19,0.00,2.10,-5.60 
1747830254.61,4,-213.01,-487.65,0.23,1.03,0.56,-213.01,-487.65,0.00,-0.16,-0.24 
1747830254.71,0,-91.12,-496.62,1.68,4.47,0.25,-91.12,-496.62,0.00,2.10,-5.46 
1747830254.71,4,-213.05,-487.60,0.20,1.54,0.27,-213.05,-487.60,0.00,-0.18,-0.16 
1747830254.81,0,-90.90,-497.13,1.57,3.91,0.22,-90.90,-497.13,0.00,2.10,-5.42 
1747830254.81,4,-213.07,-487.70,1.72,0.30,1.34,-213.07,-487.70,0.00,-0.19,-0.25 
1747830255.01,0,-90.47,-498.28,1.47,3.55,0.20,-90.47,-498.28,0.00,2.12,-5.49 
1747830255.01,4,-213.11,-487.75,1.29,0.23,1.34,-213.11,-487.75,0.00,-0.19,-0.25 
1747830255.11,0,-90.24,-498.89,1.39,3.45,0.23,-90.24,-498.89,0.00,2.14,-5.56 
1747830255.11,4,-213.08,-487.69,0.31,1.19,0.20,-213.08,-487.69,0.00,-0.14,-0.16 
1747830255.21,0,-90.05,-499.46,1.37,3.11,0.35,-90.05,-499.46,0.00,2.11,-5.57 
1747830255.41,0,-89.68,-500.56,1.39,3.23,0.34,-89.68,-500.56,0.00,2.06,-5.56 
1747830255.51,0,-89.54,-501.08,1.16,3.09,0.34,-89.54,-501.08,0.00,1.99,-5.52 
1747830255.51,4,-213.17,-487.71,0.23,1.20,1.14,-213.17,-487.71,0.00,-0.17,-0.13 
1747830255.61,0,-89.35,-501.62,1.17,3.21,0.35,-89.35,-501.62,0.00,1.98,-5.51 
1747830255.61,4,-213.15,-487.77,0.28,1.27,0.68,-213.15,-487.77,0.00,-0.14,-0.18 
1747830255.81,0,-88.97,-502.73,1.07,2.90,0.44,-88.97,-502.73,0.00,1.97,-5.51 
1747830255.91,0,-88.80,-503.22,1.21,3.52,0.35,-88.80,-503.22,0.00,1.94,-5.45 
1747830256.01,0,-88.59,-503.92,1.39,2.75,0.60,-88.59,-503.92,0.00,1.95,-5.62 
1747830256.21,0,-88.26,-505.04,1.27,3.02,0.47,-88.26,-505.04,0.00,1.88,-5.61 
1747830256.51,0,-87.72,-506.66,1.06,3.40,0.37,-87.72,-506.66,0.00,1.86,-5.55 
1747830257.01,0,-86.90,-509.29,1.03,3.15,0.41,-86.90,-509.29,0.00,1.78,-5.44 
1747830257.61,0,-85.97,-512.32,0.98,3.11,0.34,-85.97,-512.32,0.00,1.67,-5.26 
1747830257.61,4,-213.60,-487.37,0.20,1.04,0.39,-213.60,-487.37,0.00,-0.26,0.21 
1747830257.71,0,-85.93,-512.57,0.74,2.88,0.06,-85.93,-512.57,0.00,1.56,-5.00 
1747830257.71,4,-213.60,-487.58,0.44,0.87,1.19,-213.60,-487.58,0.00,-0.24,0.01 
1747830257.91,0,-85.88,-513.30,0.91,3.01,1.26,-85.88,-513.30,0.00,1.26,-4.69 
1747830258.01,0,-85.68,-513.79,0.69,2.23,0.04,-85.68,-513.79,0.00,1.34,-4.72 
1747830258.01,4,-213.63,-487.56,0.40,1.36,0.36,-213.63,-487.56,0.00,-0.21,0.05 
1747830258.11,0,-85.52,-514.24,0.80,2.40,0.14,-85.52,-514.24,0.00,1.38,-4.69 
1747830258.11,4,-213.71,-487.42,0.31,2.23,0.52,-213.71,-487.42,0.00,-0.29,0.22 
1747830258.31,0,-85.04,-515.52,0.84,2.86,0.47,-85.04,-515.52,0.00,1.63,-5.11 
1747830258.31,4,-213.71,-487.50,1.72,0.49,1.50,-213.71,-487.50,0.00,-0.22,0.06 
1747830258.61,0,-84.40,-517.26,1.22,3.81,0.34,-84.40,-517.26,0.00,1.79,-5.33 
1747830258.61,4,-213.87,-487.33,0.10,2.11,0.53,-213.87,-487.33,0.00,-0.31,0.23 
1747830258.71,0,-84.14,-517.88,1.68,3.65,0.16,-84.14,-517.88,0.00,1.88,-5.43 
1747830258.71,4,-213.90,-487.29,0.17,1.68,0.49,-213.90,-487.29,0.00,-0.32,0.25 
1747830258.81,0,-83.97,-518.55,1.08,3.25,0.55,-83.97,-518.55,0.00,1.86,-5.56 
1747830258.81,4,-213.96,-487.22,0.21,1.86,0.56,-213.96,-487.22,0.00,-0.35,0.30 
1747830258.91,0,-83.78,-519.07,0.97,3.23,0.26,-83.78,-519.07,0.00,1.87,-5.53 
1747830258.91,4,-214.03,-487.17,0.31,1.80,0.64,-214.03,-487.17,0.00,-0.38,0.32 
1747830259.01,0,-83.54,-519.82,1.06,2.81,0.56,-83.54,-519.82,0.00,1.92,-5.75 
1747830259.01,4,-214.04,-487.12,0.46,1.37,0.62,-214.04,-487.12,0.00,-0.35,0.34 
1747830259.11,0,-83.37,-520.33,0.98,3.56,0.34,-83.37,-520.33,0.00,1.90,-5.67 
1747830259.11,4,-214.07,-487.09,0.29,1.36,0.62,-214.07,-487.09,0.00,-0.35,0.34 
1747830259.71,0,-82.24,-523.83,0.84,1.99,0.61,-82.24,-523.83,0.00,1.90,-5.74 
1747830259.71,4,-214.29,-486.89,0.29,1.36,0.62,-214.29,-486.89,0.00,-0.35,0.34 
1747830259.81,0,-82.10,-524.22,0.89,2.35,0.31,-82.10,-524.22,0.00,1.85,-5.57 
1747830259.81,4,-214.22,-487.12,0.32,1.54,0.25,-214.22,-487.12,0.00,-0.27,0.14 
1747830259.91,0,-81.82,-524.92,0.17,3.00,0.56,-81.82,-524.92,0.00,1.95,-5.73 
1747830260.21,0,-81.38,-526.45,0.23,3.05,0.38,-81.38,-526.45,0.00,1.78,-5.51 
1747830260.21,4,-214.01,-487.56,0.91,0.26,1.51,-214.01,-487.56,0.00,-0.02,-0.24 
1747830260.71,0,-80.54,-528.83,0.30,3.11,0.36,-80.54,-528.83,0.00,1.74,-5.18 
1747830260.71,4,-214.02,-487.68,0.69,0.04,1.51,-214.02,-487.68,0.00,-0.02,-0.24 
1747830260.91,0,-80.24,-529.78,0.38,3.15,0.37,-80.24,-529.78,0.00,1.69,-5.09 
1747830260.91,4,-214.02,-487.73,0.69,0.04,1.51,-214.02,-487.73,0.00,-0.02,-0.24 
1747830260.91,6,-129.20,-583.35,0.16,0.92,1.16,-129.20,-583.35,0.00,-0.27,0.11 
1747830261.01,0,-80.13,-530.34,0.50,3.19,0.38,-80.13,-530.34,0.00,1.63,-5.15 
1747830261.01,4,-214.03,-487.75,0.69,0.04,1.51,-214.03,-487.75,0.00,-0.02,-0.24 
1747830261.01,6,-129.22,-583.37,0.22,0.75,1.38,-129.22,-583.37,0.00,-0.26,0.08 
1747830261.31,0,-79.55,-531.87,0.67,3.09,0.36,-79.55,-531.87,0.00,1.73,-5.13 
1747830261.31,6,-129.23,-583.32,0.25,0.83,1.19,-129.23,-583.32,0.00,-0.18,0.10 
1747830261.41,0,-79.50,-532.47,0.85,3.06,0.57,-79.50,-532.47,0.00,1.59,-5.23 
1747830261.61,0,-79.18,-533.74,0.96,3.49,0.40,-79.18,-533.74,0.00,1.59,-5.45 
1747830261.81,0,-78.85,-534.97,0.93,2.28,0.55,-78.85,-534.97,0.00,1.61,-5.61 
1747830261.81,6,-129.33,-583.36,0.28,1.14,1.27,-129.33,-583.36,0.00,-0.21,0.03 
1747830261.91,0,-78.69,-535.53,0.64,1.70,0.55,-78.69,-535.53,0.00,1.61,-5.61 
1747830261.91,6,-129.35,-583.39,0.28,0.98,1.20,-129.35,-583.39,0.00,-0.20,-0.01 
1747830262.11,0,-78.39,-536.42,0.70,1.96,0.36,-78.39,-536.42,0.00,1.58,-5.36 
1747830262.11,6,-129.40,-583.36,0.33,0.96,1.25,-129.40,-583.36,0.00,-0.21,0.02 
1747830262.21,0,-78.11,-537.05,0.85,2.28,0.47,-78.11,-537.05,0.00,1.71,-5.46 
1747830262.31,0,-77.92,-537.71,0.93,2.30,0.65,-77.92,-537.71,0.00,1.73,-5.58 
1747830262.51,0,-77.74,-538.38,0.98,2.68,0.07,-77.74,-538.38,0.00,1.56,-5.13 
1747830262.61,0,-77.61,-538.89,1.01,2.93,0.38,-77.61,-538.89,0.00,1.53,-5.13 
1747830262.71,0,-77.39,-539.52,0.71,2.55,0.63,-77.39,-539.52,0.00,1.60,-5.25 
1747830262.81,0,-77.32,-539.79,1.13,2.40,1.32,-77.32,-539.79,0.00,1.51,-4.99 
1747830262.91,0,-77.17,-540.38,1.15,3.34,0.47,-77.17,-540.38,0.00,1.51,-5.08 
1747830263.01,0,-77.03,-540.90,1.36,3.16,0.33,-77.03,-540.90,0.00,1.50,-5.10 
1747830263.01,6,-129.55,-583.45,0.47,0.71,1.16,-129.55,-583.45,0.00,-0.20,-0.07 
1747830263.11,0,-76.85,-541.40,0.75,2.76,0.37,-76.85,-541.40,0.00,1.53,-5.08 
1747830263.51,0,-76.19,-543.65,1.02,2.82,0.64,-76.19,-543.65,0.00,1.57,-5.27 
1747830263.61,0,-75.99,-544.35,1.09,2.57,0.65,-75.99,-544.35,0.00,1.62,-5.44 
1747830263.61,6,-129.67,-583.36,0.21,0.90,1.12,-129.67,-583.36,0.00,-0.20,0.03 
1747830264.11,0,-75.12,-547.32,0.88,2.24,0.65,-75.12,-547.32,0.00,1.66,-5.65 
1747830264.11,6,-129.77,-583.36,0.19,0.79,1.08,-129.77,-583.36,0.00,-0.21,0.01 
1747830264.21,0,-74.92,-547.90,0.72,1.80,0.64,-74.92,-547.90,0.00,1.69,-5.66 
1747830264.21,6,-129.82,-583.35,0.25,1.09,0.98,-129.82,-583.35,0.00,-0.23,0.03 
1747830264.31,0,-74.73,-548.22,0.81,2.04,0.40,-74.73,-548.22,0.00,1.72,-5.40 
1747830264.41,0,-74.56,-548.66,1.02,3.23,0.59,-74.56,-548.66,0.00,1.72,-5.29 
1747830264.41,6,-129.58,-583.59,0.36,1.24,1.35,-129.58,-583.59,0.00,0.07,-0.24 
1747830264.51,0,-74.39,-549.07,1.22,3.57,0.41,-74.39,-549.07,0.00,1.72,-5.13 
1747830264.51,6,-129.55,-583.61,0.34,1.04,0.96,-129.55,-583.61,0.00,0.10,-0.23 
1747830264.61,0,-74.31,-549.28,0.98,3.38,0.06,-74.31,-549.28,0.00,1.60,-4.75 
1747830264.61,6,-129.55,-583.60,0.42,1.09,0.91,-129.55,-583.60,0.00,0.09,-0.19 
1747830264.71,0,-74.05,-549.91,0.86,2.87,0.67,-74.05,-549.91,0.00,1.72,-4.95 
1747830264.71,6,-129.50,-583.65,0.35,1.04,1.11,-129.50,-583.65,0.00,0.14,-0.23 
1747830264.81,0,-73.82,-550.52,0.85,2.65,0.70,-73.82,-550.52,0.00,1.80,-5.09 
1747830264.81,6,-129.52,-583.63,0.34,1.24,1.02,-129.52,-583.63,0.00,0.10,-0.18 
1747830264.91,0,-73.64,-551.03,0.68,1.87,0.70,-73.64,-551.03,0.00,1.80,-5.09 
1747830265.01,0,-73.57,-551.34,0.72,2.20,0.12,-73.57,-551.34,0.00,1.67,-4.86 
1747830265.51,0,-72.74,-553.70,0.94,3.32,0.33,-72.74,-553.70,0.00,1.67,-4.80 
1747830265.61,0,-72.53,-554.26,0.51,3.12,0.58,-72.53,-554.26,0.00,1.71,-4.88 
1747830265.71,0,-72.48,-554.63,0.99,2.98,0.08,-72.48,-554.63,0.00,1.58,-4.76 
1747830265.71,6,-129.88,-583.44,0.47,1.12,1.27,-129.88,-583.44,0.00,-0.24,0.09 
1747830265.81,0,-72.39,-554.95,0.75,2.36,0.05,-72.39,-554.95,0.00,1.50,-4.58 
1747830265.81,6,-129.93,-583.43,0.36,1.16,1.00,-129.93,-583.43,0.00,-0.26,0.09 
1747830265.91,0,-72.17,-555.58,0.79,2.73,0.45,-72.17,-555.58,0.00,1.58,-4.79 
1747830265.91,6,-129.97,-583.43,0.41,1.23,0.96,-129.97,-583.43,0.00,-0.28,0.07 
1747830266.01,0,-71.90,-556.14,0.91,2.91,0.39,-71.90,-556.14,0.00,1.73,-4.88 
1747830266.01,6,-129.99,-583.43,0.35,1.03,1.14,-129.99,-583.43,0.00,-0.28,0.07 
1747830266.21,0,-71.50,-557.17,0.97,3.45,0.41,-71.50,-557.17,0.00,1.78,-4.95 
1747830266.21,6,-130.04,-583.42,0.31,1.10,0.98,-130.04,-583.42,0.00,-0.26,0.06 
1747830266.41,0,-71.12,-558.24,0.92,3.24,0.40,-71.12,-558.24,0.00,1.81,-5.04 
1747830266.41,6,-130.08,-583.41,0.53,0.86,1.22,-130.08,-583.41,0.00,-0.25,0.06 
1747830266.61,0,-70.74,-559.33,0.91,3.11,0.62,-70.74,-559.33,0.00,1.83,-5.13 
1747830266.61,6,-130.10,-583.42,0.30,1.00,0.97,-130.10,-583.42,0.00,-0.22,0.03 
1747830266.71,0,-70.54,-559.83,0.93,2.88,0.47,-70.54,-559.83,0.00,1.85,-5.11 
1747830266.71,6,-130.12,-583.39,0.39,1.10,0.96,-130.12,-583.39,0.00,-0.22,0.06 
1747830266.81,0,-70.34,-560.33,0.93,2.97,0.45,-70.34,-560.33,0.00,1.86,-5.10 
1747830266.81,6,-130.13,-583.40,0.40,1.30,1.04,-130.13,-583.40,0.00,-0.21,0.04 
1747830266.91,0,-70.21,-560.68,0.74,2.68,0.10,-70.21,-560.68,0.00,1.80,-4.92 
1747830267.01,0,-69.98,-561.20,1.11,3.45,0.40,-69.98,-561.20,0.00,1.86,-4.96 
1747830267.11,0,-69.77,-561.70,1.09,3.18,0.41,-69.77,-561.70,0.00,1.89,-4.96 
1747830267.21,0,-69.58,-562.19,0.91,3.10,0.41,-69.58,-562.19,0.00,1.89,-4.96 
1747830267.21,6,-130.23,-583.43,0.57,1.41,0.82,-130.23,-583.43,0.00,-0.23,0.02 
1747830267.31,0,-69.47,-562.63,0.81,2.01,0.22,-69.47,-562.63,0.00,1.80,-4.90 
1747830267.31,6,-130.26,-583.41,0.36,1.09,0.72,-130.26,-583.41,0.00,-0.24,0.03 
1747830267.41,0,-69.39,-563.04,1.20,2.13,0.11,-69.39,-563.04,0.00,1.70,-4.81 
1747830267.41,6,-130.29,-583.39,0.39,1.11,0.70,-130.29,-583.39,0.00,-0.25,0.05 
1747830268.11,0,-67.88,-566.53,1.12,3.58,0.45,-67.88,-566.53,0.00,1.87,-4.88 
1747830268.11,6,-130.42,-583.34,0.41,0.97,0.71,-130.42,-583.34,0.00,-0.22,0.06 
1747830268.21,0,-67.70,-567.02,0.73,3.15,0.45,-67.70,-567.02,0.00,1.87,-4.88 
1747830268.31,0,-67.42,-567.65,0.33,3.18,0.66,-67.42,-567.65,0.00,1.96,-5.02 
1747830268.31,6,-130.44,-583.36,0.45,1.02,0.68,-130.44,-583.36,0.00,-0.20,0.04 
1747830268.41,0,-67.16,-568.18,0.44,3.20,0.44,-67.16,-568.18,0.00,2.03,-5.05 
1747830268.51,0,-66.94,-568.75,0.56,3.22,0.42,-66.94,-568.75,0.00,2.05,-5.13 
1747830268.61,0,-66.71,-569.30,0.57,2.99,0.48,-66.71,-569.30,0.00,2.08,-5.17 
1747830268.61,6,-130.51,-583.40,0.38,1.02,0.64,-130.51,-583.40,0.00,-0.22,-0.02 
1747830268.91,0,-66.01,-570.91,0.59,2.84,0.67,-66.01,-570.91,0.00,2.17,-5.24 
1747830268.91,6,-130.54,-583.48,0.41,1.32,0.64,-130.54,-583.48,0.00,-0.18,-0.11 
1747830269.01,0,-65.68,-571.56,0.53,2.36,0.79,-65.68,-571.56,0.00,2.30,-5.38 
1747830269.11,0,-65.39,-572.17,0.42,2.22,0.66,-65.39,-572.17,0.00,2.37,-5.47 
1747830269.31,0,-65.00,-573.12,0.44,2.56,0.55,-65.00,-573.12,0.00,2.28,-5.31 
1747830269.31,6,-130.65,-583.45,0.33,1.38,0.68,-130.65,-583.45,0.00,-0.23,-0.03 
1747830269.41,0,-64.84,-573.51,0.51,2.79,0.44,-64.84,-573.51,0.00,2.20,-5.16 
1747830269.41,6,-130.72,-583.41,0.45,1.52,0.60,-130.72,-583.41,0.00,-0.27,0.02 
1747830269.51,0,-64.78,-573.74,0.89,2.61,1.52,-64.78,-573.74,0.00,2.03,-4.83 
1747830269.51,6,-130.74,-583.42,0.55,1.12,0.56,-130.74,-583.42,0.00,-0.27,0.01 
1747830269.61,0,-64.53,-574.18,0.91,2.83,0.54,-64.53,-574.18,0.00,2.08,-4.79 
1747830269.61,6,-130.80,-583.46,0.84,1.24,0.85,-130.80,-583.46,0.00,-0.30,-0.03 
1747830269.81,0,-64.08,-575.09,1.05,2.92,0.53,-64.08,-575.09,0.00,2.11,-4.75 
1747830269.81,6,-130.84,-583.49,0.44,1.46,0.82,-130.84,-583.49,0.00,-0.28,-0.06 
1747830269.91,0,-63.83,-575.51,0.88,2.94,0.54,-63.83,-575.51,0.00,2.15,-4.68 
1747830269.91,6,-130.84,-583.47,0.48,1.10,0.65,-130.84,-583.47,0.00,-0.26,-0.04 
1747830270.01,0,-63.61,-575.99,0.40,2.84,0.71,-63.61,-575.99,0.00,2.16,-4.69 
1747830270.01,6,-130.85,-583.53,0.61,1.51,0.35,-130.85,-583.53,0.00,-0.24,-0.09 
1747830270.11,0,-63.31,-576.59,0.56,2.78,0.72,-63.31,-576.59,0.00,2.25,-4.84 
1747830270.11,6,-130.87,-583.55,0.72,1.34,0.60,-130.87,-583.55,0.00,-0.23,-0.11 
1747830270.21,0,-63.08,-577.06,0.70,3.34,0.54,-63.08,-577.06,0.00,2.25,-4.82 
1747830270.21,6,-130.88,-583.53,0.50,1.20,0.61,-130.88,-583.53,0.00,-0.21,-0.07 
1747830270.51,0,-62.46,-578.54,0.68,2.87,0.68,-62.46,-578.54,0.00,2.20,-4.85 
1747830270.51,6,-130.92,-583.58,0.44,1.27,0.50,-130.92,-583.58,0.00,-0.20,-0.09 
1747830270.61,0,-62.12,-579.06,1.32,2.29,0.63,-62.12,-579.06,0.00,2.32,-4.88 
1747830270.61,6,-130.95,-583.57,0.47,1.17,0.63,-130.95,-583.57,0.00,-0.20,-0.08 
1747830270.71,0,-61.91,-579.46,0.94,3.58,0.49,-61.91,-579.46,0.00,2.29,-4.79 
1747830270.71,6,-130.94,-583.60,0.40,1.08,0.59,-130.94,-583.60,0.00,-0.17,-0.11 
1747830270.81,0,-61.75,-579.87,0.85,3.39,0.47,-61.75,-579.87,0.00,2.23,-4.72 
1747830270.81,6,-130.98,-583.64,0.48,1.13,0.29,-130.98,-583.64,0.00,-0.19,-0.13 
1747830271.01,0,-61.37,-580.78,1.56,3.35,0.59,-61.37,-580.78,0.00,2.16,-4.69 
1747830271.01,6,-131.01,-583.61,0.49,1.16,0.46,-131.01,-583.61,0.00,-0.19,-0.08 
1747830271.21,0,-60.94,-581.72,1.36,3.02,0.59,-60.94,-581.72,0.00,2.16,-4.69 
1747830271.21,6,-131.09,-583.60,0.74,1.42,0.23,-131.09,-583.60,0.00,-0.23,-0.05 
1747830271.51,0,-60.59,-582.83,1.05,2.27,0.23,-60.59,-582.83,0.00,1.89,-4.42 
1747830271.51,6,-131.14,-583.60,0.44,1.07,0.42,-131.14,-583.60,0.00,-0.21,-0.04 
1747830271.61,0,-60.36,-583.32,1.16,3.27,0.41,-60.36,-583.32,0.00,1.92,-4.46 
1747830271.61,6,-131.17,-583.60,0.51,1.29,0.19,-131.17,-583.60,0.00,-0.23,-0.03 
1747830271.71,0,-60.10,-583.81,0.97,3.40,0.51,-60.10,-583.81,0.00,1.99,-4.50 
1747830271.71,6,-131.16,-583.65,0.56,1.38,0.13,-131.16,-583.65,0.00,-0.19,-0.08 
1747830271.81,0,-59.85,-584.30,0.76,3.57,0.53,-59.85,-584.30,0.00,2.04,-4.55 
1747830272.01,0,-59.44,-585.21,0.68,3.24,0.53,-59.44,-585.21,0.00,2.04,-4.55 
1747830272.01,6,-131.24,-583.64,0.65,1.29,0.26,-131.24,-583.64,0.00,-0.22,-0.05 
1747830272.11,0,-59.09,-585.86,0.47,3.11,0.71,-59.09,-585.86,0.00,2.19,-4.74 
1747830272.11,6,-131.29,-583.63,0.65,1.20,0.16,-131.29,-583.63,0.00,-0.24,-0.04 
1747830272.21,0,-58.86,-586.27,0.57,3.19,0.49,-58.86,-586.27,0.00,2.20,-4.68 
1747830272.21,6,-131.31,-583.66,0.48,1.22,0.24,-131.31,-583.66,0.00,-0.24,-0.06 
1747830272.31,0,-58.62,-586.76,0.72,3.56,0.49,-58.62,-586.76,0.00,2.22,-4.70 
1747830272.31,6,-131.32,-583.70,0.53,1.20,0.28,-131.32,-583.70,0.00,-0.22,-0.10 
1747830272.51,0,-58.22,-587.66,1.10,3.32,0.44,-58.22,-587.66,0.00,2.18,-4.66 
1747830272.51,6,-131.34,-583.73,0.46,0.94,0.31,-131.34,-583.73,0.00,-0.20,-0.12 
1747830272.71,0,-57.76,-588.55,1.03,3.31,0.54,-57.76,-588.55,0.00,2.20,-4.62 
1747830272.71,6,-131.37,-583.80,0.51,1.16,0.11,-131.37,-583.80,0.00,-0.19,-0.16 
1747830272.81,0,-57.58,-588.96,0.99,3.39,0.49,-57.58,-588.96,0.00,2.16,-4.57 
1747830272.81,6,-131.39,-583.79,0.44,1.21,0.17,-131.39,-583.79,0.00,-0.19,-0.14 
1747830273.31,0,-56.56,-591.23,1.34,3.18,0.44,-56.56,-591.23,0.00,2.11,-4.56 
1747830273.41,0,-56.60,-591.48,1.08,2.23,0.32,-56.60,-591.48,0.00,1.89,-4.36 
1747830273.61,0,-56.18,-592.41,0.89,3.40,0.52,-56.18,-592.41,0.00,1.93,-4.43 
1747830273.71,0,-56.02,-592.99,1.26,3.16,0.74,-56.02,-592.99,0.00,1.90,-4.58 
1747830273.81,0,-55.80,-593.41,1.08,3.15,0.47,-55.80,-593.41,0.00,1.93,-4.54 
1747830273.81,6,-131.53,-583.89,0.36,1.04,0.41,-131.53,-583.89,0.00,-0.15,-0.14 
1747830274.01,0,-55.37,-594.33,0.82,3.48,0.51,-55.37,-594.33,0.00,1.98,-4.56 
1747830274.01,6,-131.60,-583.92,0.44,1.07,0.09,-131.60,-583.92,0.00,-0.20,-0.14 
1747830274.11,0,-55.36,-594.58,1.30,2.51,0.15,-55.36,-594.58,0.00,1.76,-4.32 
1747830274.11,6,-131.65,-583.88,0.46,1.46,0.05,-131.65,-583.88,0.00,-0.23,-0.07 
1747830274.21,0,-55.31,-594.95,1.07,1.77,0.13,-55.31,-594.95,0.00,1.62,-4.25 
1747830274.21,6,-131.68,-583.88,0.40,1.16,0.01,-131.68,-583.88,0.00,-0.24,-0.07 
1747830274.91,0,-53.95,-598.08,1.18,2.03,0.44,-53.95,-598.08,0.00,1.76,-4.34 
1747830274.91,6,-131.84,-583.83,1.24,0.43,1.47,-131.84,-583.83,0.00,-0.23,-0.01 
1747830275.01,0,-53.83,-598.37,0.57,1.67,0.50,-53.83,-598.37,0.00,1.71,-4.22 
1747830275.01,6,-131.82,-583.88,0.48,1.15,0.10,-131.82,-583.88,0.00,-0.20,-0.05 
1747830275.11,0,-53.70,-598.78,0.58,1.50,0.24,-53.70,-598.78,0.00,1.66,-4.21 
1747830275.11,6,-131.83,-583.94,0.40,1.09,0.12,-131.83,-583.94,0.00,-0.19,-0.11 
1747830275.31,0,-53.34,-599.62,0.58,1.25,0.46,-53.34,-599.62,0.00,1.70,-4.21 
1747830275.31,6,-131.86,-584.08,1.44,0.48,1.39,-131.86,-584.08,0.00,-0.18,-0.26 
1747830275.41,0,-53.07,-600.19,0.62,1.45,0.49,-53.07,-600.19,0.00,1.84,-4.40 
1747830275.41,6,-131.88,-584.11,1.08,0.38,1.54,-131.88,-584.11,0.00,-0.18,-0.27 
1747830275.51,0,-52.93,-600.56,0.67,2.10,0.13,-52.93,-600.56,0.00,1.78,-4.31 
1747830275.51,6,-131.88,-584.14,0.87,0.56,1.37,-131.88,-584.14,0.00,-0.16,-0.27 
1747830275.71,0,-52.66,-601.35,0.78,1.82,0.15,-52.66,-601.35,0.00,1.67,-4.22 
1747830275.71,6,-131.95,-584.13,1.48,0.56,1.42,-131.95,-584.13,0.00,-0.21,-0.19 
1747830275.91,0,-52.39,-602.18,0.73,1.65,0.15,-52.39,-602.18,0.00,1.59,-4.20 
1747830275.91,6,-132.02,-584.09,1.31,0.56,1.35,-132.02,-584.09,0.00,-0.24,-0.11 
1747830276.01,0,-52.23,-602.63,0.52,1.57,0.12,-52.23,-602.63,0.00,1.59,-4.23 
1747830276.01,6,-132.01,-584.11,0.97,0.42,1.27,-132.01,-584.11,0.00,-0.20,-0.11 
1747830276.21,0,-51.68,-603.72,0.56,1.81,0.54,-51.68,-603.72,0.00,1.84,-4.49 
1747830276.21,6,-132.05,-584.17,1.12,0.35,1.18,-132.05,-584.17,0.00,-0.20,-0.16 
1747830276.31,0,-51.50,-604.17,0.61,2.08,0.54,-51.50,-604.17,0.00,1.84,-4.49 
1747830276.31,6,-132.05,-584.21,1.17,0.43,1.34,-132.05,-584.21,0.00,-0.17,-0.17 
1747830276.71,0,-50.83,-605.91,0.23,1.44,0.46,-50.83,-605.91,0.00,1.78,-4.44 
1747830276.71,6,-132.14,-584.23,1.26,0.37,1.41,-132.14,-584.23,0.00,-0.19,-0.13 
1747830276.81,0,-50.63,-606.37,0.31,1.36,0.41,-50.63,-606.37,0.00,1.80,-4.46 
1747830276.81,6,-132.16,-584.29,1.16,0.31,1.39,-132.16,-584.29,0.00,-0.19,-0.18 
1747830276.91,0,-50.44,-606.80,0.28,1.37,0.39,-50.44,-606.80,0.00,1.81,-4.45 
1747830276.91,6,-132.19,-584.28,1.08,0.29,1.41,-132.19,-584.28,0.00,-0.21,-0.15 
1747830277.11,0,-49.80,-607.87,0.32,1.43,0.42,-49.80,-607.87,0.00,2.11,-4.64 
1747830277.11,6,-132.20,-584.39,1.22,0.41,1.23,-132.20,-584.39,0.00,-0.18,-0.23 
1747830277.21,0,-49.62,-608.47,1.01,0.29,1.55,-49.62,-608.47,0.00,2.07,-4.78 
1747830277.21,6,-132.21,-584.37,0.89,0.18,1.36,-132.21,-584.37,0.00,-0.17,-0.19 
1747830277.31,0,-49.50,-608.92,1.00,0.43,0.16,-49.50,-608.92,0.00,1.98,-4.75 
1747830277.31,6,-132.22,-584.36,1.18,0.24,1.27,-132.22,-584.36,0.00,-0.15,-0.16 
1747830277.41,0,-49.38,-609.32,0.99,0.62,0.13,-49.38,-609.32,0.00,1.89,-4.66 
1747830277.51,0,-49.22,-609.72,0.61,1.97,0.15,-49.22,-609.72,0.00,1.86,-4.59 
1747830277.61,0,-48.92,-610.27,0.67,2.29,0.45,-48.92,-610.27,0.00,1.98,-4.70 
1747830277.81,0,-48.59,-611.10,2.20,0.89,1.56,-48.59,-611.10,0.00,1.92,-4.57 
1747830277.91,0,-48.39,-611.47,0.84,1.82,0.51,-48.39,-611.47,0.00,1.93,-4.49 
1747830277.91,6,-132.30,-584.43,0.31,0.67,1.36,-132.30,-584.43,0.00,-0.15,-0.15 
1747830278.01,0,-48.23,-611.90,0.66,1.64,0.19,-48.23,-611.90,0.00,1.89,-4.47 
1747830278.11,0,-48.00,-612.35,0.77,1.62,0.46,-48.00,-612.35,0.00,1.93,-4.47 
1747830278.11,6,-132.33,-584.47,1.19,0.21,1.38,-132.33,-584.47,0.00,-0.15,-0.17 
1747830278.21,0,-47.79,-612.77,0.70,1.46,0.47,-47.79,-612.77,0.00,1.95,-4.44 
1747830278.21,6,-132.35,-584.50,0.58,0.15,1.32,-132.35,-584.50,0.00,-0.15,-0.18 
1747830278.31,0,-47.50,-613.33,0.75,1.73,0.49,-47.50,-613.33,0.00,2.05,-4.56 
1747830278.31,6,-132.35,-584.55,0.65,0.17,1.37,-132.35,-584.55,0.00,-0.14,-0.22 
1747830278.41,0,-47.30,-613.79,0.81,2.01,0.49,-47.30,-613.79,0.00,2.05,-4.56 
1747830278.41,6,-132.39,-584.59,0.74,0.19,1.25,-132.39,-584.59,0.00,-0.17,-0.24 
1747830278.51,0,-47.09,-614.24,1.02,3.10,0.49,-47.09,-614.24,0.00,2.05,-4.56 
1747830278.51,6,-132.39,-584.61,0.69,0.26,1.46,-132.39,-584.61,0.00,-0.15,-0.23 
1747830278.61,0,-46.97,-614.64,0.80,1.99,0.18,-46.97,-614.64,0.00,1.97,-4.50 
1747830278.61,6,-132.43,-584.61,0.74,0.30,1.04,-132.43,-584.61,0.00,-0.17,-0.21 
1747830278.71,0,-46.65,-615.24,0.84,2.43,0.42,-46.65,-615.24,0.00,2.08,-4.65 
1747830278.71,6,-132.42,-584.64,0.80,0.23,1.36,-132.42,-584.64,0.00,-0.15,-0.22 
1747830278.91,0,-46.31,-616.06,0.37,1.99,0.40,-46.31,-616.06,0.00,2.01,-4.54 
1747830278.91,6,-132.46,-584.65,0.81,0.29,1.14,-132.46,-584.65,0.00,-0.15,-0.19 
1747830279.21,0,-45.77,-617.38,0.48,1.56,0.40,-45.77,-617.38,0.00,1.96,-4.51 
1747830279.21,6,-132.52,-584.74,0.97,0.30,1.38,-132.52,-584.74,0.00,-0.17,-0.22 
1747830279.41,0,-45.36,-618.23,0.61,1.50,0.52,-45.36,-618.23,0.00,1.97,-4.47 
1747830279.41,6,-132.55,-584.72,0.92,0.15,1.29,-132.55,-584.72,0.00,-0.17,-0.16 
1747830279.51,0,-45.23,-618.64,0.73,1.56,0.19,-45.23,-618.64,0.00,1.91,-4.43 
1747830279.51,6,-132.61,-584.72,0.68,0.31,1.18,-132.61,-584.72,0.00,-0.20,-0.14 
1747830279.61,0,-44.90,-619.23,0.80,1.80,0.60,-44.90,-619.23,0.00,2.05,-4.58 
1747830279.61,6,-132.61,-584.71,0.84,0.09,1.07,-132.61,-584.71,0.00,-0.19,-0.11 
1747830279.81,0,-44.37,-620.28,0.82,2.23,0.58,-44.37,-620.28,0.00,2.18,-4.71 
1747830279.81,6,-132.64,-584.75,0.87,0.11,1.18,-132.64,-584.75,0.00,-0.18,-0.13 
