1747830128.52,0,-159.47,-265.64,1.56,0.15,0.76,-159.47,-265.64,0.00,1.32,-5.44 
1747830128.62,0,-159.72,-266.18,1.61,0.18,0.24,-159.72,-266.18,0.00,0.83,-5.43 
1747830128.62,0,-159.63,-266.72,1.47,0.29,0.24,-159.63,-266.72,0.00,0.83,-5.43 
1747830128.82,0,-159.58,-267.23,0.80,0.20,0.30,-159.58,-267.23,0.00,0.79,-5.38 
1747830128.92,0,-159.42,-267.61,0.83,0.26,1.24,-159.42,-267.61,0.00,0.89,-5.20 
1747830129.22,0,-158.73,-268.78,0.84,0.34,1.06,-158.73,-268.78,0.00,1.32,-4.80 
1747830129.32,0,-158.51,-269.20,1.49,0.30,0.32,-158.51,-269.20,0.00,1.43,-4.73 
1747830129.42,0,-158.37,-269.65,0.71,1.22,0.99,-158.37,-269.65,0.00,1.43,-4.70 
1747830129.92,0,-157.54,-271.76,0.88,0.05,0.32,-157.54,-271.76,0.00,1.51,-4.50 
1747830130.02,0,-157.34,-272.25,0.90,0.07,0.40,-157.34,-272.25,0.00,1.58,-4.55 
1747830130.22,0,-157.01,-273.09,0.88,0.12,1.27,-157.01,-273.09,0.00,1.60,-4.45 
1747830130.32,0,-156.87,-273.53,0.94,0.14,0.97,-156.87,-273.53,0.00,1.57,-4.45 
1747830130.52,0,-156.62,-274.28,0.97,0.17,0.35,-156.62,-274.28,0.00,1.48,-4.27 
1747830130.72,0,-156.38,-275.26,1.00,0.23,0.93,-156.38,-275.26,0.00,1.42,-4.42 
1747830130.92,0,-156.10,-276.16,1.00,0.06,0.29,-156.10,-276.16,0.00,1.41,-4.45 
1747830131.32,0,-155.63,-278.03,1.02,0.08,0.55,-155.63,-278.03,0.00,1.32,-4.54 
1747830132.02,0,-154.78,-280.80,0.98,0.10,0.40,-154.78,-280.80,0.00,1.28,-4.25 
1747830132.12,0,-154.70,-280.99,1.01,0.12,0.50,-154.70,-280.99,0.00,1.23,-4.00 
1747830132.52,0,-154.12,-282.79,1.04,0.16,0.67,-154.12,-282.79,0.00,1.33,-4.24 
1747830133.22,0,-153.24,-285.76,0.93,0.06,0.39,-153.24,-285.76,0.00,1.29,-4.24 
1747830133.32,0,-153.37,-286.06,0.93,0.09,0.91,-153.37,-286.06,0.00,1.00,-4.11 
1747830133.42,0,-152.87,-286.77,0.93,0.12,0.99,-152.87,-286.77,0.00,1.59,-4.55 
1747830133.52,0,-152.84,-287.12,0.95,0.16,0.45,-152.84,-287.12,0.00,1.38,-4.38 
1747830133.82,0,-152.68,-288.26,1.02,0.19,0.60,-152.68,-288.26,0.00,0.99,-4.12 
1747830133.92,0,-152.63,-288.62,1.05,0.23,0.48,-152.63,-288.62,0.00,0.91,-4.05 
1747830134.12,0,-152.31,-289.38,1.59,0.24,0.60,-152.31,-289.38,0.00,1.10,-3.97 
1747830134.32,0,-151.85,-290.11,1.59,0.30,0.69,-151.85,-290.11,0.00,1.41,-3.89 
1747830134.82,0,-150.77,-292.20,1.60,0.42,0.54,-150.77,-292.20,0.00,1.73,-4.02 
1747830135.32,0,-149.78,-294.97,1.58,0.64,0.48,-149.78,-294.97,0.00,1.85,-4.73 
1747830136.12,0,-148.30,-298.01,1.58,0.90,0.71,-148.30,-298.01,0.00,1.91,-4.25 
1747830136.52,0,-147.83,-299.93,1.60,1.19,0.33,-147.83,-299.93,0.00,1.57,-4.51 
1747830136.72,0,-147.38,-300.61,1.23,2.63,0.82,-147.38,-300.61,0.00,1.74,-4.22 
1747830136.82,0,-147.11,-301.07,1.03,3.22,0.84,-147.11,-301.07,0.00,1.87,-4.27 
1747830136.92,0,-147.29,-301.20,1.56,1.90,0.74,-147.29,-301.20,0.00,1.34,-3.84 
1747830137.12,0,-147.00,-301.68,2.13,1.56,0.55,-147.00,-301.68,0.00,1.38,-3.43 
1747830137.52,0,-146.34,-302.94,1.25,0.08,0.63,-146.34,-302.94,0.00,1.49,-3.32 
1747830137.62,0,-145.84,-303.53,1.24,0.13,0.92,-145.84,-303.53,0.00,1.90,-3.62 
1747830137.92,0,-145.32,-304.69,1.25,0.18,1.06,-145.32,-304.69,0.00,1.87,-3.73 
1747830138.22,0,-144.91,-305.61,1.27,0.23,0.54,-144.91,-305.61,0.00,1.70,-3.50 
1747830138.52,0,-144.45,-306.77,1.42,0.25,0.66,-144.45,-306.77,0.00,1.64,-3.62 
1747830138.92,0,-143.98,-308.35,1.48,0.25,0.46,-143.98,-308.35,0.00,1.46,-3.75 
1747830139.12,0,-143.86,-309.34,1.51,0.32,0.99,-143.86,-309.34,0.00,1.26,-4.03 
1747830139.22,0,-143.57,-309.79,1.59,0.39,0.63,-143.57,-309.79,0.00,1.46,-4.09 
1747830139.42,0,-143.29,-310.81,1.71,0.47,1.38,-143.29,-310.81,0.00,1.45,-4.35 
1747830139.52,0,-143.11,-311.38,1.80,0.57,1.35,-143.11,-311.38,0.00,1.49,-4.53 
1747830139.62,0,-142.90,-311.74,1.56,0.38,0.44,-142.90,-311.74,0.00,1.57,-4.40 
1747830139.72,0,-142.76,-312.07,1.54,0.52,0.39,-142.76,-312.07,0.00,1.55,-4.25 
1747830139.82,0,-142.59,-312.41,1.57,0.64,0.49,-142.59,-312.41,0.00,1.57,-4.14 
1747830139.92,0,-142.42,-312.80,1.92,0.35,0.72,-142.42,-312.80,0.00,1.59,-4.11 
1747830140.02,0,-142.22,-313.28,1.71,0.59,0.95,-142.22,-313.28,0.00,1.64,-4.20 
1747830140.32,0,-141.78,-314.65,1.43,0.42,0.39,-141.78,-314.65,0.00,1.59,-4.32 
1747830140.62,0,-141.38,-315.94,1.66,0.24,0.45,-141.38,-315.94,0.00,1.50,-4.32 
1747830140.72,0,-141.38,-316.54,1.72,0.30,1.14,-141.38,-316.54,0.00,1.33,-4.51 
1747830140.82,0,-141.31,-317.11,1.83,0.36,1.10,-141.31,-317.11,0.00,1.24,-4.66 
1747830140.92,0,-141.18,-317.59,1.85,0.47,1.01,-141.18,-317.59,0.00,1.25,-4.68 
1747830141.12,0,-140.88,-318.34,1.99,0.54,0.73,-140.88,-318.34,0.00,1.32,-4.44 
1747830141.22,0,-140.72,-318.68,1.82,1.17,0.51,-140.72,-318.68,0.00,1.35,-4.31 
1747830141.32,0,-140.65,-319.23,2.61,0.99,1.11,-140.65,-319.23,0.00,1.27,-4.46 
1747830141.42,0,-140.52,-319.62,1.95,0.87,0.45,-140.52,-319.62,0.00,1.27,-4.39 
1747830141.52,0,-140.35,-320.12,1.50,0.84,0.47,-140.35,-320.12,0.00,1.33,-4.47 
1747830141.62,0,-140.18,-320.54,2.14,0.29,0.71,-140.18,-320.54,0.00,1.37,-4.43 
1747830141.82,0,-140.01,-321.83,2.28,0.34,1.40,-140.01,-321.83,0.00,1.25,-4.92 
1747830141.92,0,-139.95,-322.34,2.29,0.47,0.53,-139.95,-322.34,0.00,1.17,-4.94 
1747830142.02,0,-139.94,-322.82,2.32,0.58,0.48,-139.94,-322.82,0.00,1.04,-4.92 
1747830142.22,0,-140.00,-323.85,2.41,0.73,0.93,-140.00,-323.85,0.00,0.72,-4.97 
1747830142.32,0,-140.06,-324.44,2.85,1.09,0.58,-140.06,-324.44,0.00,0.56,-5.08 
1747830142.42,0,-140.05,-324.92,2.20,0.98,0.40,-140.05,-324.92,0.00,0.51,-5.05 
1747830142.52,0,-140.01,-325.51,2.59,1.60,1.35,-140.01,-325.51,0.00,0.49,-5.16 
1747830142.82,0,-140.09,-327.22,3.03,1.71,1.30,-140.09,-327.22,0.00,0.24,-5.33 
1747830142.92,0,-140.21,-327.81,4.50,2.07,1.30,-140.21,-327.81,0.00,0.07,-5.40 
1747830143.02,0,-140.21,-328.22,2.84,1.52,0.67,-140.21,-328.22,0.00,0.07,-5.24 
1747830143.12,0,-140.29,-328.91,3.73,1.21,1.28,-140.29,-328.91,0.00,-0.04,-5.45 
1747830143.22,0,-140.37,-329.48,4.29,1.83,1.30,-140.37,-329.48,0.00,-0.14,-5.49 
1747830143.42,0,-140.38,-330.33,3.24,1.86,0.61,-140.38,-330.33,0.00,-0.12,-5.18 
1747830143.72,0,-140.53,-331.81,4.01,1.91,1.20,-140.53,-331.81,0.00,-0.25,-5.10 
1747830144.22,0,-140.98,-333.71,1.13,1.06,0.01,-140.98,-333.71,0.00,-0.53,-4.53 
1747830144.42,0,-141.08,-334.62,0.71,0.20,0.01,-141.08,-334.62,0.00,-0.53,-4.53 
1747830144.52,0,-141.68,-335.61,0.76,0.21,1.25,-141.68,-335.61,0.00,-1.17,-5.16 
1747830144.62,0,-141.97,-336.31,0.82,0.23,1.19,-141.97,-336.31,0.00,-1.37,-5.39 
1747830144.72,0,-142.25,-336.55,0.85,0.27,0.42,-142.25,-336.55,0.00,-1.56,-5.00 
1747830144.82,0,-142.41,-336.90,0.89,0.30,0.31,-142.41,-336.90,0.00,-1.56,-4.79 
1747830144.92,0,-142.63,-337.36,0.95,0.33,0.99,-142.63,-337.36,0.00,-1.64,-4.77 
1747830145.02,0,-142.89,-337.94,1.03,0.36,1.12,-142.89,-337.94,0.00,-1.78,-4.91 
1747830145.12,0,-143.11,-338.46,1.10,0.41,1.10,-143.11,-338.46,0.00,-1.84,-4.95 
1747830145.22,0,-143.32,-338.87,1.20,0.45,0.55,-143.32,-338.87,0.00,-1.87,-4.85 
1747830145.32,0,-143.59,-339.34,1.30,0.50,0.92,-143.59,-339.34,0.00,-1.98,-4.82 
1747830145.42,0,-143.76,-339.81,1.43,0.55,0.91,-143.76,-339.81,0.00,-1.95,-4.81 
1747830145.52,0,-144.10,-340.19,1.50,0.65,0.81,-144.10,-340.19,0.00,-2.13,-4.67 
1747830145.72,0,-144.58,-341.07,1.63,0.75,0.99,-144.58,-341.07,0.00,-2.19,-4.61 
1747830145.82,0,-144.97,-341.44,1.78,0.85,0.32,-144.97,-341.44,0.00,-2.40,-4.50 
1747830145.92,0,-145.31,-341.74,1.95,0.97,0.32,-145.31,-341.74,0.00,-2.53,-4.31 
1747830146.02,0,-145.77,-342.14,2.16,1.10,0.84,-145.77,-342.14,0.00,-2.78,-4.28 
1747830146.12,0,-146.13,-342.55,2.45,1.23,0.87,-146.13,-342.55,0.00,-2.88,-4.25 
1747830146.22,0,-146.48,-343.13,2.83,1.34,0.86,-146.48,-343.13,0.00,-2.96,-4.45 
1747830146.32,0,-146.87,-343.57,3.08,1.50,0.87,-146.87,-343.57,0.00,-3.07,-4.44 
1747830146.42,0,-147.37,-344.10,3.45,1.63,0.74,-147.37,-344.10,0.00,-3.31,-4.55 
1747830146.52,0,-147.80,-344.55,4.22,1.98,0.65,-147.80,-344.55,0.00,-3.43,-4.55 
1747830146.62,0,-148.20,-344.94,3.89,2.14,0.59,-148.20,-344.94,0.00,-3.50,-4.47 
1747830146.82,0,-148.92,-345.74,3.64,1.95,0.71,-148.92,-345.74,0.00,-3.52,-4.36 
1747830146.92,0,-149.14,-346.01,4.15,2.11,0.33,-149.14,-346.01,0.00,-3.37,-4.15 
1747830147.02,0,-149.51,-346.31,4.36,2.30,0.54,-149.51,-346.31,0.00,-3.41,-4.01 
1747830147.12,0,-149.87,-346.62,4.60,2.02,0.50,-149.87,-346.62,0.00,-3.44,-3.91 
1747830147.22,0,-150.23,-346.90,4.70,2.09,0.44,-150.23,-346.90,0.00,-3.45,-3.77 
1747830147.42,0,-150.93,-347.41,4.61,3.25,0.88,-150.93,-347.41,0.00,-3.46,-3.48 
1747830147.52,0,-151.44,-347.65,4.43,3.57,0.36,-151.44,-347.65,0.00,-3.67,-3.35 
1747830147.62,0,-151.63,-347.80,8.51,2.15,0.45,-151.63,-347.80,0.00,-3.45,-3.12 
1747830148.02,0,-153.32,-348.72,2.47,5.03,1.53,-153.32,-348.72,0.00,-3.74,-2.81 
1747830148.12,0,-154.00,-348.91,5.24,2.17,0.30,-154.00,-348.91,0.00,-4.09,-2.70 
1747830148.32,0,-154.63,-349.19,8.05,2.25,0.35,-154.63,-349.19,0.00,-3.85,-2.37 
1747830148.42,0,-155.46,-349.36,6.06,2.52,0.08,-155.46,-349.36,0.00,-4.43,-2.29 
1747830148.62,0,-156.82,-349.82,5.54,1.74,0.13,-156.82,-349.82,0.00,-5.04,-2.29 
1747830148.72,0,-157.48,-349.98,4.93,1.96,0.12,-157.48,-349.98,0.00,-5.24,-2.20 
1747830148.82,0,-158.19,-350.16,4.74,1.82,0.08,-158.19,-350.16,0.00,-5.49,-2.15 
1747830148.92,0,-158.77,-350.28,4.71,2.05,0.08,-158.77,-350.28,0.00,-5.52,-2.03 
1747830149.12,0,-159.80,-350.58,2.78,4.80,1.37,-159.80,-350.58,0.00,-5.44,-1.90 
1747830149.22,0,-159.98,-350.67,9.23,2.01,0.06,-159.98,-350.67,0.00,-4.99,-1.77 
1747830149.32,0,-160.58,-350.73,2.77,4.89,1.25,-160.58,-350.73,0.00,-5.11,-1.63 
1747830149.42,0,-160.80,-350.82,9.07,2.05,0.04,-160.80,-350.82,0.00,-4.75,-1.53 
1747830149.52,0,-161.46,-350.86,2.06,5.73,1.49,-161.46,-350.86,0.00,-4.98,-1.40 
1747830149.62,0,-162.14,-350.90,2.58,5.84,1.20,-162.14,-350.90,0.00,-5.20,-1.26 
1747830149.72,0,-162.10,-350.81,4.71,5.23,0.18,-162.10,-350.81,0.00,-4.51,-1.00 
1747830149.82,0,-162.52,-350.88,1.76,7.54,1.46,-162.52,-350.88,0.00,-4.47,-0.97 
1747830149.92,0,-163.24,-350.90,6.20,3.23,0.20,-163.24,-350.90,0.00,-4.81,-0.87 
1747830150.22,0,-164.97,-350.93,5.43,3.80,0.20,-164.97,-350.93,0.00,-5.11,-0.63 
1747830150.32,0,-165.23,-350.98,2.06,8.69,1.37,-165.23,-350.98,0.00,-4.82,-0.61 
1747830150.52,0,-165.31,-350.60,3.87,8.10,0.14,-165.31,-350.60,0.00,-3.75,-0.01 
1747830150.62,0,-165.97,-350.57,2.13,9.29,1.26,-165.97,-350.57,0.00,-4.11,0.03 
1747830151.02,0,-168.21,-350.30,1.88,9.08,1.12,-168.21,-350.30,0.00,-4.70,0.29 
1747830151.12,0,-169.43,-349.91,3.82,6.18,0.64,-169.43,-349.91,0.00,-5.56,0.71 
1747830151.22,0,-169.26,-349.68,3.35,13.75,1.53,-169.26,-349.68,0.00,-4.65,0.91 
1747830151.32,0,-169.86,-349.55,2.34,8.38,1.02,-169.86,-349.55,0.00,-4.83,0.96 
1747830151.52,0,-171.11,-349.29,2.12,8.66,1.00,-171.11,-349.29,0.00,-5.20,1.05 
1747830151.62,0,-171.71,-349.07,2.34,8.38,0.95,-171.71,-349.07,0.00,-5.31,1.20 
1747830151.72,0,-172.28,-348.84,2.70,7.91,0.90,-172.28,-348.84,0.00,-5.35,1.34 
1747830151.92,0,-173.14,-348.45,3.38,8.72,0.96,-173.14,-348.45,0.00,-5.10,1.50 
1747830152.02,0,-173.70,-348.20,2.23,7.80,0.86,-173.70,-348.20,0.00,-5.16,1.62 
1747830152.12,0,-174.58,-347.75,1.70,6.94,0.85,-174.58,-347.75,0.00,-5.61,1.98 
1747830152.22,0,-174.99,-347.53,1.98,7.29,0.83,-174.99,-347.53,0.00,-5.42,2.01 
1747830152.62,0,-175.61,-346.70,2.23,8.17,1.22,-175.61,-346.70,0.00,-3.94,2.04 
1747830152.72,0,-176.34,-346.26,2.38,8.93,0.70,-176.34,-346.26,0.00,-4.32,2.30 
1747830152.82,0,-177.00,-345.93,2.06,8.89,0.73,-177.00,-345.93,0.00,-4.61,2.43 
1747830153.02,0,-178.26,-344.83,2.77,7.24,0.65,-178.26,-344.83,0.00,-5.05,3.24 
1747830153.12,0,-178.89,-344.10,2.93,6.43,0.59,-178.89,-344.10,0.00,-5.21,3.78 
1747830153.22,0,-179.44,-343.51,2.84,5.60,0.59,-179.44,-343.51,0.00,-5.25,4.06 
1747830153.32,0,-180.02,-343.01,1.56,5.13,0.56,-180.02,-343.01,0.00,-5.32,4.19 
1747830153.42,0,-179.62,-343.11,1.66,6.09,1.02,-179.62,-343.11,0.00,-4.09,3.49 
1747830153.52,0,-179.97,-342.82,1.96,6.42,0.95,-179.97,-342.82,0.00,-4.02,3.42 
1747830153.62,0,-180.45,-342.22,2.93,6.43,0.51,-180.45,-342.22,0.00,-4.12,3.75 
1747830153.72,0,-180.76,-341.91,2.79,7.87,0.90,-180.76,-341.91,0.00,-3.99,3.67 
1747830153.82,0,-180.51,-341.94,2.86,9.77,0.96,-180.51,-341.94,0.00,-3.16,3.18 
1747830153.92,0,-181.04,-341.35,4.14,7.21,0.09,-181.04,-341.35,0.00,-3.44,3.51 
1747830154.02,0,-181.36,-340.95,2.73,7.99,0.78,-181.36,-340.95,0.00,-3.41,3.56 
1747830154.12,0,-181.69,-340.55,2.76,7.87,0.37,-181.69,-340.55,0.00,-3.38,3.62 
1747830154.22,0,-182.01,-340.09,2.96,7.70,0.37,-182.01,-340.09,0.00,-3.36,3.74 
1747830154.32,0,-182.46,-339.37,2.13,7.06,0.31,-182.46,-339.37,0.00,-3.51,4.16 
1747830154.42,0,-182.88,-338.66,3.83,6.60,0.37,-182.88,-338.66,0.00,-3.59,4.52 
1747830154.52,0,-183.31,-337.98,1.61,6.24,0.30,-183.31,-337.98,0.00,-3.68,4.80 
1747830154.62,0,-183.74,-337.30,2.03,5.94,0.45,-183.74,-337.30,0.00,-3.75,5.03 
1747830154.72,0,-184.01,-336.98,2.04,8.42,0.24,-184.01,-336.98,0.00,-3.62,4.81 
1747830154.92,0,-184.51,-336.14,3.09,7.98,0.21,-184.51,-336.14,0.00,-3.37,4.68 
1747830155.02,0,-184.68,-335.45,3.76,5.71,0.19,-184.68,-335.45,0.00,-3.17,4.94 
1747830155.12,0,-184.85,-335.04,2.97,8.06,0.11,-184.85,-335.04,0.00,-2.98,4.83 
1747830155.22,0,-184.90,-334.61,3.73,8.32,0.21,-184.90,-334.61,0.00,-2.68,4.77 
1747830155.32,0,-185.13,-333.96,2.10,5.29,0.10,-185.13,-333.96,0.00,-2.64,4.99 
1747830155.52,0,-185.57,-332.81,3.06,5.04,0.54,-185.57,-332.81,0.00,-2.53,5.17 
1747830155.72,0,-185.73,-332.11,2.81,9.53,0.46,-185.73,-332.11,0.00,-2.13,4.78 
1747830155.72,1,-181.57,-343.44,0.64,0.67,1.04,-181.57,-343.44,0.00,-5.31,7.20 
1747830156.02,0,-185.99,-330.78,3.17,7.76,0.11,-185.99,-330.78,0.00,-1.72,4.67 
1747830156.02,1,-183.16,-341.28,0.08,2.81,1.04,-183.16,-341.28,0.00,-5.31,7.20 
1747830156.22,0,-186.03,-329.85,3.08,7.71,0.42,-186.03,-329.85,0.00,-1.37,4.66 
1747830156.22,1,-184.22,-339.84,0.08,2.81,1.04,-184.22,-339.84,0.00,-5.31,7.20 
1747830156.42,0,-186.12,-328.85,2.29,7.54,0.21,-186.12,-328.85,0.00,-1.15,4.74 
1747830156.42,1,-185.29,-338.40,0.08,2.81,1.04,-185.29,-338.40,0.00,-5.31,7.20 
1747830156.52,0,-186.17,-328.41,2.80,7.83,0.00,-186.17,-328.41,0.00,-1.07,4.70 
1747830156.52,1,-185.82,-337.68,0.08,2.81,1.04,-185.82,-337.68,0.00,-5.31,7.20 
1747830156.62,0,-186.20,-327.75,3.04,7.34,0.40,-186.20,-327.75,0.00,-0.97,4.93 
1747830156.62,1,-186.35,-336.96,0.08,2.81,1.04,-186.35,-336.96,0.00,-5.31,7.20 
1747830156.72,0,-186.27,-326.76,1.88,7.08,0.09,-186.27,-326.76,0.00,-0.94,5.57 
1747830156.72,1,-186.88,-336.24,0.08,2.81,1.04,-186.88,-336.24,0.00,-5.31,7.20 
1747830156.82,0,-186.40,-325.85,5.33,1.86,1.53,-186.40,-325.85,0.00,-0.99,6.03 
1747830156.82,1,-187.41,-335.52,0.08,2.81,1.04,-187.41,-335.52,0.00,-5.31,7.20 
1747830156.92,0,-186.48,-325.06,1.82,4.28,0.02,-186.48,-325.06,0.00,-0.97,6.27 
1747830156.92,1,-187.94,-334.80,0.08,2.81,1.04,-187.94,-334.80,0.00,-5.31,7.20 
1747830157.12,0,-186.60,-323.90,3.90,1.92,1.13,-186.60,-323.90,0.00,-0.87,6.16 
1747830157.12,1,-189.01,-333.36,0.08,2.81,1.04,-189.01,-333.36,0.00,-5.31,7.20 
1747830157.42,0,-186.65,-322.03,3.45,1.85,1.26,-186.65,-322.03,0.00,-0.64,6.19 
1747830157.42,1,-190.60,-331.20,0.08,2.81,1.04,-190.60,-331.20,0.00,-5.31,7.20 
1747830157.62,0,-186.58,-320.94,3.33,2.35,1.08,-186.58,-320.94,0.00,-0.42,6.01 
1747830157.62,1,-191.66,-329.76,0.08,2.81,1.04,-191.66,-329.76,0.00,-5.31,7.20 
1747830157.82,0,-186.79,-319.68,3.99,1.84,1.50,-186.79,-319.68,0.00,-0.56,6.08 
1747830157.82,1,-192.72,-328.32,0.08,2.81,1.04,-192.72,-328.32,0.00,-5.31,7.20 
1747830158.02,0,-186.91,-318.66,4.72,1.75,1.36,-186.91,-318.66,0.00,-0.58,5.84 
1747830158.02,1,-193.79,-326.88,0.08,2.81,1.04,-193.79,-326.88,0.00,-5.31,7.20 
1747830158.12,0,-187.09,-318.70,9.42,1.70,1.46,-187.09,-318.70,0.00,-0.72,5.09 
1747830158.12,1,-194.32,-326.16,0.08,2.81,1.04,-194.32,-326.16,0.00,-5.31,7.20 
1747830158.22,0,-187.02,-318.22,3.39,1.85,1.01,-187.02,-318.22,0.00,-0.54,5.05 
1747830158.22,1,-194.85,-325.44,0.08,2.81,1.04,-194.85,-325.44,0.00,-5.31,7.20 
1747830158.32,0,-187.12,-317.76,2.02,2.57,0.08,-187.12,-317.76,0.00,-0.61,5.00 
1747830158.32,1,-195.38,-324.72,0.08,2.81,1.04,-195.38,-324.72,0.00,-5.31,7.20 
1747830158.42,0,-187.04,-317.25,3.52,2.23,0.90,-187.04,-317.25,0.00,-0.43,5.01 
1747830158.42,1,-195.91,-324.00,0.08,2.81,1.04,-195.91,-324.00,0.00,-5.31,7.20 
1747830158.52,0,-187.09,-317.08,7.58,1.90,1.40,-187.09,-317.08,0.00,-0.44,4.58 
1747830158.52,1,-196.44,-323.28,0.08,2.81,1.04,-196.44,-323.28,0.00,-5.31,7.20 
1747830158.62,0,-187.08,-316.55,3.63,1.49,1.05,-187.08,-316.55,0.00,-0.36,4.67 
1747830158.62,1,-196.97,-322.56,0.08,2.81,1.04,-196.97,-322.56,0.00,-5.31,7.20 
1747830158.82,0,-187.12,-315.35,5.69,1.57,1.46,-187.12,-315.35,0.00,-0.32,5.00 
1747830158.82,1,-198.04,-321.12,0.08,2.81,1.04,-198.04,-321.12,0.00,-5.31,7.20 
1747830158.92,0,-187.18,-314.71,5.03,1.71,1.47,-187.18,-314.71,0.00,-0.37,5.17 
1747830158.92,1,-198.57,-320.40,0.08,2.81,1.04,-198.57,-320.40,0.00,-5.31,7.20 
1747830159.02,0,-187.19,-313.97,5.02,1.92,1.56,-187.19,-313.97,0.00,-0.33,5.44 
1747830159.02,1,-199.10,-319.68,0.08,2.81,1.04,-199.10,-319.68,0.00,-5.31,7.20 
1747830159.22,0,-187.30,-312.95,2.99,1.56,1.41,-187.30,-312.95,0.00,-0.38,5.36 
1747830159.22,1,-200.16,-318.24,0.08,2.81,1.04,-200.16,-318.24,0.00,-5.31,7.20 
1747830159.32,0,-187.34,-312.38,4.63,1.43,1.44,-187.34,-312.38,0.00,-0.38,5.40 
1747830159.32,1,-200.69,-317.52,0.08,2.81,1.04,-200.69,-317.52,0.00,-5.31,7.20 
1747830159.42,0,-187.39,-311.79,1.68,4.73,0.00,-187.39,-311.79,0.00,-0.39,5.46 
1747830159.42,1,-201.23,-316.80,0.08,2.81,1.04,-201.23,-316.80,0.00,-5.31,7.20 
1747830160.02,0,-187.62,-308.34,1.62,4.04,0.06,-187.62,-308.34,0.00,-0.39,5.58 
1747830160.12,0,-187.75,-307.85,1.70,4.01,0.06,-187.75,-307.85,0.00,-0.49,5.51 
1747830160.22,0,-187.73,-307.70,1.81,2.00,0.31,-187.73,-307.70,0.00,-0.40,4.96 
1747830160.42,0,-187.72,-306.79,2.32,1.85,1.57,-187.72,-306.79,0.00,-0.27,4.83 
1747830160.52,0,-187.70,-306.53,3.04,1.70,1.12,-187.70,-306.53,0.00,-0.19,4.51 
1747830160.62,0,-187.68,-306.07,2.30,1.13,1.10,-187.68,-306.07,0.00,-0.13,4.52 
1747830160.72,0,-187.75,-305.68,2.78,1.05,1.13,-187.75,-305.68,0.00,-0.21,4.43 
1747830160.82,0,-187.82,-305.29,3.12,1.21,1.26,-187.82,-305.29,0.00,-0.28,4.35 
1747830160.92,0,-187.88,-304.94,2.45,1.14,1.29,-187.88,-304.94,0.00,-0.32,4.23 
1747830161.02,0,-187.96,-304.54,2.06,1.10,0.15,-187.96,-304.54,0.00,-0.39,4.20 
1747830161.22,0,-188.07,-303.56,2.49,1.35,0.97,-188.07,-303.56,0.00,-0.43,4.38 
1747830161.32,0,-188.15,-303.05,1.32,1.99,1.45,-188.15,-303.05,0.00,-0.48,4.46 
1747830161.42,0,-188.20,-302.67,2.19,1.15,1.30,-188.20,-302.67,0.00,-0.48,4.38 
1747830161.52,0,-188.33,-302.12,2.11,1.54,0.18,-188.33,-302.12,0.00,-0.58,4.52 
1747830161.72,0,-188.41,-301.14,1.67,0.62,0.42,-188.41,-301.14,0.00,-0.53,4.60 
1747830161.92,0,-188.45,-300.15,1.88,0.68,1.07,-188.45,-300.15,0.00,-0.46,4.69 
1747830162.02,0,-188.49,-299.61,1.72,0.93,0.25,-188.49,-299.61,0.00,-0.45,4.77 
1747830162.12,0,-188.55,-299.10,1.69,1.21,0.31,-188.55,-299.10,0.00,-0.48,4.82 
1747830162.22,0,-188.58,-298.52,1.83,1.84,1.52,-188.58,-298.52,0.00,-0.45,4.94 
1747830162.32,0,-188.58,-298.02,2.74,1.29,1.14,-188.58,-298.02,0.00,-0.39,4.94 
1747830162.42,0,-188.53,-297.47,2.95,1.23,1.02,-188.53,-297.47,0.00,-0.29,5.01 
1747830162.52,0,-188.59,-296.91,2.42,1.45,1.57,-188.59,-296.91,0.00,-0.32,5.09 
1747830162.62,0,-188.58,-296.31,1.87,1.86,0.01,-188.58,-296.31,0.00,-0.27,5.20 
1747830162.72,0,-188.67,-295.85,1.99,2.40,0.01,-188.67,-295.85,0.00,-0.35,5.12 
1747830162.82,0,-188.73,-295.24,1.76,3.51,0.12,-188.73,-295.24,0.00,-0.38,5.25 
1747830162.92,0,-188.85,-294.88,2.86,1.21,0.51,-188.85,-294.88,0.00,-0.48,5.05 
1747830163.02,0,-188.93,-294.41,1.77,2.18,0.28,-188.93,-294.41,0.00,-0.51,5.01 
1747830163.12,0,-189.02,-294.05,2.47,1.55,0.37,-189.02,-294.05,0.00,-0.57,4.83 
1747830163.22,0,-189.06,-293.64,1.67,3.11,0.27,-189.06,-293.64,0.00,-0.54,4.74 
1747830163.32,0,-189.02,-293.08,2.23,3.04,0.03,-189.02,-293.08,0.00,-0.43,4.84 
1747830163.42,0,-189.04,-292.64,1.94,0.99,0.48,-189.04,-292.64,0.00,-0.40,4.79 
1747830163.52,0,-189.05,-292.12,1.68,2.29,0.04,-189.05,-292.12,0.00,-0.37,4.85 
1747830163.62,0,-189.03,-291.50,2.17,3.43,0.12,-189.03,-291.50,0.00,-0.30,5.00 
1747830163.92,0,-188.93,-290.05,2.75,1.97,1.07,-188.93,-290.05,0.00,-0.10,4.95 
1747830164.22,0,-189.31,-288.65,2.75,2.75,0.96,-189.31,-288.65,0.00,-0.48,4.86 
1747830164.42,0,-189.40,-287.65,1.61,2.67,0.05,-189.40,-287.65,0.00,-0.48,4.89 
1747830164.52,0,-189.62,-287.31,2.94,2.19,1.06,-189.62,-287.31,0.00,-0.69,4.71 
1747830164.62,0,-189.56,-286.72,2.36,2.40,1.54,-189.56,-286.72,0.00,-0.52,4.86 
1747830164.72,0,-189.58,-286.18,1.85,2.87,0.11,-189.58,-286.18,0.00,-0.48,4.94 
1747830164.92,0,-189.56,-285.28,1.86,2.86,0.06,-189.56,-285.28,0.00,-0.34,4.82 
1747830165.02,0,-189.54,-284.95,1.79,1.36,0.34,-189.54,-284.95,0.00,-0.27,4.63 
1747830165.12,0,-189.60,-284.64,2.29,1.34,0.42,-189.60,-284.64,0.00,-0.31,4.43 
1747830165.42,0,-189.75,-283.32,2.00,1.09,0.36,-189.75,-283.32,0.00,-0.37,4.42 
1747830165.52,0,-189.68,-282.83,1.36,2.30,1.53,-189.68,-282.83,0.00,-0.24,4.48 
1747830165.62,0,-189.62,-282.20,1.93,2.85,0.02,-189.62,-282.20,0.00,-0.14,4.71 
1747830165.72,0,-189.66,-281.63,1.76,3.28,0.15,-189.66,-281.63,0.00,-0.17,4.83 
1747830165.72,2,-192.45,-292.01,0.74,0.06,1.07,-192.45,-292.01,0.00,0.53,6.20 
1747830165.82,0,-189.62,-281.32,2.88,2.46,0.90,-189.62,-281.32,0.00,-0.10,4.61 
1747830165.82,2,-192.39,-291.39,0.83,0.06,1.07,-192.39,-291.39,0.00,0.53,6.20 
1747830166.02,0,-189.76,-280.27,2.12,3.44,0.27,-189.76,-280.27,0.00,-0.25,4.76 
1747830166.02,2,-192.29,-290.15,0.94,0.07,1.07,-192.29,-290.15,0.00,0.53,6.20 
1747830166.12,0,-189.70,-279.83,2.01,0.88,0.35,-189.70,-279.83,0.00,-0.14,4.71 
1747830166.12,2,-192.23,-289.53,1.06,0.07,1.07,-192.23,-289.53,0.00,0.53,6.20 
1747830166.52,0,-189.88,-278.27,2.05,1.51,0.08,-189.88,-278.27,0.00,-0.27,4.40 
1747830166.52,2,-192.02,-287.05,1.20,0.07,1.07,-192.02,-287.05,0.00,0.53,6.20 
1747830166.62,0,-189.86,-277.82,1.75,0.94,0.38,-189.86,-277.82,0.00,-0.22,4.41 
1747830166.62,2,-192.81,-287.66,1.32,0.09,1.00,-192.81,-287.66,0.00,-0.07,5.32 
1747830166.72,0,-189.75,-277.40,1.87,0.91,0.19,-189.75,-277.40,0.00,-0.05,4.38 
1747830166.72,2,-192.82,-287.13,1.18,0.13,1.00,-192.82,-287.13,0.00,-0.07,5.32 
1747830167.02,0,-189.85,-276.03,0.85,0.37,0.17,-189.85,-276.03,0.00,-0.14,4.45 
1747830167.02,2,-192.78,-285.88,1.15,0.18,0.95,-192.78,-285.88,0.00,-0.02,5.01 
1747830167.12,0,-189.93,-275.59,1.02,0.41,0.57,-189.93,-275.59,0.00,-0.23,4.45 
1747830167.12,2,-192.78,-285.38,0.72,0.06,0.95,-192.78,-285.38,0.00,-0.02,5.01 
1747830167.22,0,-189.99,-275.12,1.13,0.42,0.33,-189.99,-275.12,0.00,-0.28,4.47 
1747830167.22,2,-192.66,-284.76,0.77,0.07,1.09,-192.66,-284.76,0.00,0.11,5.14 
1747830167.32,0,-190.01,-274.51,1.15,0.56,0.23,-190.01,-274.51,0.00,-0.27,4.71 
1747830167.32,2,-192.65,-284.25,0.84,0.08,1.09,-192.65,-284.25,0.00,0.11,5.14 
1747830167.42,0,-189.89,-274.07,1.31,0.62,0.17,-189.89,-274.07,0.00,-0.07,4.66 
1747830167.42,2,-192.64,-283.74,1.09,0.12,1.09,-192.64,-283.74,0.00,0.11,5.14 
1747830167.52,0,-189.81,-273.65,0.60,1.74,1.09,-189.81,-273.65,0.00,0.05,4.60 
1747830167.52,2,-192.63,-283.22,1.09,0.12,1.09,-192.63,-283.22,0.00,0.11,5.14 
1747830167.62,0,-189.90,-272.95,0.69,1.90,0.04,-189.90,-272.95,0.00,-0.08,4.91 
1747830167.62,2,-192.62,-282.71,1.09,0.12,1.09,-192.62,-282.71,0.00,0.11,5.14 
1747830167.72,0,-190.10,-272.36,0.82,2.03,0.46,-190.10,-272.36,0.00,-0.34,5.04 
1747830167.72,2,-192.61,-282.19,1.09,0.12,1.09,-192.61,-282.19,0.00,0.11,5.14 
1747830167.82,0,-190.24,-271.73,0.95,2.21,0.23,-190.24,-271.73,0.00,-0.47,5.20 
1747830167.82,2,-192.60,-281.68,1.09,0.12,1.09,-192.60,-281.68,0.00,0.11,5.14 
1747830167.92,0,-190.34,-271.13,1.06,2.52,0.15,-190.34,-271.13,0.00,-0.54,5.31 
1747830167.92,2,-192.58,-281.16,1.09,0.12,1.09,-192.58,-281.16,0.00,0.11,5.14 
1747830168.12,0,-190.51,-270.05,1.21,2.77,0.15,-190.51,-270.05,0.00,-0.61,5.33 
1747830168.12,2,-192.56,-280.14,1.09,0.12,1.09,-192.56,-280.14,0.00,0.11,5.14 
1747830168.22,0,-190.71,-269.46,1.43,2.92,0.36,-190.71,-269.46,0.00,-0.78,5.40 
1747830168.22,2,-192.55,-279.62,1.09,0.12,1.09,-192.55,-279.62,0.00,0.11,5.14 
1747830168.52,0,-190.90,-267.86,1.72,3.45,0.32,-190.90,-267.86,0.00,-0.74,5.37 
1747830168.52,2,-192.52,-278.08,1.09,0.12,1.09,-192.52,-278.08,0.00,0.11,5.14 
1747830168.62,0,-190.92,-267.59,1.96,5.27,0.45,-190.92,-267.59,0.00,-0.67,5.06 
1747830168.62,2,-192.51,-277.57,1.09,0.12,1.09,-192.51,-277.57,0.00,0.11,5.14 
1747830168.72,0,-190.89,-267.16,2.19,3.71,0.22,-190.89,-267.16,0.00,-0.55,4.97 
1747830168.72,2,-192.50,-277.05,1.09,0.12,1.09,-192.50,-277.05,0.00,0.11,5.14 
1747830168.82,0,-190.77,-266.83,2.02,4.94,0.48,-190.77,-266.83,0.00,-0.32,4.75 
1747830168.82,2,-192.49,-276.54,1.09,0.12,1.09,-192.49,-276.54,0.00,0.11,5.14 
1747830168.92,0,-190.71,-266.37,2.11,3.61,0.33,-190.71,-266.37,0.00,-0.20,4.74 
1747830168.92,2,-192.47,-276.02,1.09,0.12,1.09,-192.47,-276.02,0.00,0.11,5.14 
1747830169.02,0,-190.65,-265.82,2.19,3.90,0.34,-190.65,-265.82,0.00,-0.09,4.84 
1747830169.02,2,-192.46,-275.51,1.09,0.12,1.09,-192.46,-275.51,0.00,0.11,5.14 
1747830169.52,0,-190.98,-263.62,2.32,3.46,0.35,-190.98,-263.62,0.00,-0.33,4.65 
1747830169.52,2,-192.41,-272.95,1.09,0.12,1.09,-192.41,-272.95,0.00,0.11,5.14 
1747830169.62,0,-191.02,-263.24,2.61,3.23,1.06,-191.02,-263.24,0.00,-0.35,4.57 
1747830169.62,2,-192.40,-272.43,1.09,0.12,1.09,-192.40,-272.43,0.00,0.11,5.14 
1747830169.72,0,-191.21,-262.76,2.16,3.83,0.45,-191.21,-262.76,0.00,-0.54,4.59 
1747830169.72,2,-192.39,-271.92,1.09,0.12,1.09,-192.39,-271.92,0.00,0.11,5.14 
1747830169.82,0,-191.28,-262.23,1.84,4.04,0.17,-191.28,-262.23,0.00,-0.56,4.69 
1747830169.82,2,-192.38,-271.41,1.09,0.12,1.09,-192.38,-271.41,0.00,0.11,5.14 
1747830170.12,0,-191.50,-260.99,2.06,3.20,0.28,-191.50,-260.99,0.00,-0.63,4.47 
1747830170.12,2,-192.34,-269.86,1.09,0.12,1.09,-192.34,-269.86,0.00,0.11,5.14 
1747830170.42,0,-191.81,-259.46,1.83,3.52,0.26,-191.81,-259.46,0.00,-0.78,4.69 
1747830170.42,2,-192.31,-268.32,1.09,0.12,1.09,-192.31,-268.32,0.00,0.11,5.14 
1747830170.52,0,-191.93,-259.31,2.18,4.46,0.40,-191.93,-259.31,0.00,-0.82,4.31 
1747830170.52,2,-192.30,-267.81,1.09,0.12,1.09,-192.30,-267.81,0.00,0.11,5.14 
1747830170.62,0,-192.14,-258.76,2.02,4.15,0.26,-192.14,-258.76,0.00,-0.98,4.46 
1747830170.62,2,-192.29,-267.29,1.09,0.12,1.09,-192.29,-267.29,0.00,0.11,5.14 
1747830170.72,0,-192.26,-258.30,1.77,3.59,0.30,-192.26,-258.30,0.00,-1.01,4.47 
1747830170.72,2,-192.28,-266.78,1.09,0.12,1.09,-192.28,-266.78,0.00,0.11,5.14 
1747830170.82,0,-192.37,-257.83,1.74,3.54,0.31,-192.37,-257.83,0.00,-1.02,4.50 
1747830170.82,2,-192.27,-266.27,1.09,0.12,1.09,-192.27,-266.27,0.00,0.11,5.14 
1747830170.92,0,-192.38,-257.39,2.19,3.49,0.16,-192.38,-257.39,0.00,-0.90,4.49 
1747830170.92,2,-192.25,-265.75,1.09,0.12,1.09,-192.25,-265.75,0.00,0.11,5.14 
1747830171.02,0,-192.42,-256.97,3.24,2.87,1.23,-192.42,-256.97,0.00,-0.83,4.46 
1747830171.02,2,-192.24,-265.24,1.09,0.12,1.09,-192.24,-265.24,0.00,0.11,5.14 
1747830171.12,0,-192.41,-256.48,2.39,2.89,0.26,-192.41,-256.48,0.00,-0.71,4.51 
1747830171.22,0,-192.30,-256.11,2.78,4.18,0.12,-192.30,-256.11,0.00,-0.48,4.40 
1747830171.42,0,-192.35,-255.09,2.13,2.96,0.24,-192.35,-255.09,0.00,-0.42,4.57 
1747830171.62,0,-192.46,-254.34,2.05,4.18,0.24,-192.46,-254.34,0.00,-0.45,4.38 
1747830171.72,0,-192.54,-253.89,1.96,2.91,0.25,-192.54,-253.89,0.00,-0.50,4.39 
1747830171.82,0,-192.65,-253.30,1.94,4.63,0.19,-192.65,-253.30,0.00,-0.57,4.58 
1747830171.92,0,-192.76,-253.01,3.79,2.74,1.19,-192.76,-253.01,0.00,-0.63,4.38 
1747830172.12,0,-192.95,-252.05,2.01,3.07,0.25,-192.95,-252.05,0.00,-0.72,4.47 
1747830172.22,0,-192.99,-251.47,1.89,4.62,0.08,-192.99,-251.47,0.00,-0.68,4.64 
1747830172.72,0,-193.16,-249.42,1.97,3.96,0.12,-193.16,-249.42,0.00,-0.53,4.41 
1747830172.82,0,-193.18,-249.06,1.82,3.64,0.13,-193.18,-249.06,0.00,-0.49,4.32 
1747830172.92,0,-193.15,-248.56,2.47,2.90,0.14,-193.15,-248.56,0.00,-0.40,4.41 
1747830173.02,0,-193.20,-248.21,1.80,3.40,0.19,-193.20,-248.21,0.00,-0.41,4.29 
1747830173.22,0,-193.32,-247.39,1.88,3.39,0.17,-193.32,-247.39,0.00,-0.47,4.24 
1747830173.32,0,-193.44,-247.01,2.12,3.45,0.19,-193.44,-247.01,0.00,-0.57,4.17 
1747830173.42,0,-193.56,-246.58,1.88,3.46,0.17,-193.56,-246.58,0.00,-0.66,4.19 
1747830173.62,0,-193.72,-245.74,1.87,3.04,0.25,-193.72,-245.74,0.00,-0.69,4.19 
1747830173.72,0,-193.75,-245.29,1.83,3.36,0.14,-193.75,-245.29,0.00,-0.64,4.23 
1747830173.82,0,-193.82,-244.77,3.31,2.81,1.24,-193.82,-244.77,0.00,-0.65,4.36 
1747830173.92,0,-193.81,-244.34,2.16,2.79,0.68,-193.81,-244.34,0.00,-0.56,4.34 
1747830174.02,0,-193.92,-243.84,2.01,2.68,0.28,-193.92,-243.84,0.00,-0.63,4.43 
1747830174.12,0,-194.01,-243.35,1.83,3.93,0.15,-194.01,-243.35,0.00,-0.66,4.48 
1747830174.22,0,-194.13,-242.90,2.04,3.32,0.14,-194.13,-242.90,0.00,-0.72,4.49 
1747830174.32,0,-194.22,-242.49,1.87,3.24,0.24,-194.22,-242.49,0.00,-0.75,4.45 
1747830174.42,0,-194.37,-242.01,3.04,3.18,1.04,-194.37,-242.01,0.00,-0.83,4.49 
1747830174.52,0,-194.47,-241.53,3.02,2.92,1.25,-194.47,-241.53,0.00,-0.86,4.52 
1747830174.62,0,-194.57,-241.04,2.97,3.03,1.21,-194.57,-241.04,0.00,-0.88,4.57 
1747830174.72,0,-194.60,-240.47,4.83,2.92,1.18,-194.60,-240.47,0.00,-0.81,4.71 
1747830174.82,0,-194.64,-239.95,3.16,2.69,1.07,-194.64,-239.95,0.00,-0.75,4.77 
1747830174.92,0,-194.68,-239.47,2.86,2.83,1.18,-194.68,-239.47,0.00,-0.71,4.76 
1747830175.02,0,-194.71,-239.05,1.93,3.21,0.20,-194.71,-239.05,0.00,-0.66,4.71 
1747830175.42,0,-194.90,-237.17,2.01,2.97,0.17,-194.90,-237.17,0.00,-0.59,4.70 
1747830175.52,0,-194.86,-236.72,2.04,3.24,0.16,-194.86,-236.72,0.00,-0.49,4.69 
1747830175.72,0,-194.85,-235.61,4.08,2.78,0.98,-194.85,-235.61,0.00,-0.35,4.90 
1747830175.82,0,-194.98,-234.91,2.08,3.66,0.27,-194.98,-234.91,0.00,-0.48,5.17 
1747830175.92,0,-195.18,-234.49,3.63,2.12,0.31,-195.18,-234.49,0.00,-0.69,5.04 
1747830176.02,0,-195.40,-234.00,3.88,2.37,0.03,-195.40,-234.00,0.00,-0.89,5.03 
1747830176.12,0,-195.35,-233.53,2.91,2.85,0.10,-195.35,-233.53,0.00,-0.70,4.99 
1747830176.22,0,-195.41,-233.04,1.74,2.36,0.18,-195.41,-233.04,0.00,-0.69,4.98 
1747830176.32,0,-195.46,-232.53,1.83,2.38,0.18,-195.46,-232.53,0.00,-0.66,4.98 
1747830176.52,0,-195.62,-231.44,1.88,3.88,0.21,-195.62,-231.44,0.00,-0.70,5.10 
1747830176.62,0,-195.75,-230.76,1.79,4.62,0.23,-195.75,-230.76,0.00,-0.77,5.31 
1747830176.82,0,-195.88,-229.84,1.68,2.78,0.13,-195.88,-229.84,0.00,-0.74,5.14 
1747830177.02,0,-196.12,-228.85,2.52,2.43,1.28,-196.12,-228.85,0.00,-0.85,5.09 
1747830177.12,0,-196.13,-228.39,2.00,2.31,0.22,-196.13,-228.39,0.00,-0.75,5.03 
1747830177.32,0,-196.24,-227.45,1.88,1.71,0.34,-196.24,-227.45,0.00,-0.71,4.96 
1747830177.52,0,-196.35,-226.38,1.79,2.31,0.18,-196.35,-226.38,0.00,-0.67,5.05 
1747830177.72,0,-196.50,-225.19,1.66,3.09,0.26,-196.50,-225.19,0.00,-0.69,5.26 
1747830177.82,0,-196.54,-224.67,1.62,1.48,0.09,-196.54,-224.67,0.00,-0.65,5.25 
1747830177.92,0,-196.58,-224.15,1.67,1.73,0.10,-196.58,-224.15,0.00,-0.63,5.24 
1747830178.02,0,-196.64,-223.50,1.76,2.92,0.18,-196.64,-223.50,0.00,-0.62,5.40 
1747830178.12,0,-196.66,-223.00,1.77,1.84,0.27,-196.66,-223.00,0.00,-0.57,5.35 
1747830178.22,0,-196.75,-222.48,1.83,2.52,1.50,-196.75,-222.48,0.00,-0.62,5.33 
1747830178.32,0,-196.87,-222.00,3.16,1.67,0.27,-196.87,-222.00,0.00,-0.68,5.27 
1747830178.42,0,-196.80,-221.45,2.48,1.47,0.04,-196.80,-221.45,0.00,-0.51,5.30 
1747830178.52,0,-196.81,-220.94,1.85,1.55,0.22,-196.81,-220.94,0.00,-0.45,5.27 
1747830178.62,0,-196.84,-220.42,1.65,1.42,0.12,-196.84,-220.42,0.00,-0.44,5.26 
1747830178.72,0,-196.91,-219.93,1.87,1.58,0.13,-196.91,-219.93,0.00,-0.48,5.22 
1747830178.82,0,-197.06,-219.32,2.12,2.67,0.12,-197.06,-219.32,0.00,-0.60,5.33 
1747830178.92,0,-197.18,-218.73,1.88,2.75,0.14,-197.18,-218.73,0.00,-0.67,5.41 
1747830179.12,0,-197.34,-217.70,1.81,1.88,1.47,-197.34,-217.70,0.00,-0.70,5.35 
1747830179.32,0,-197.49,-216.50,1.62,3.02,0.20,-197.49,-216.50,0.00,-0.71,5.49 
1747830179.42,0,-197.58,-215.97,1.75,1.81,1.43,-197.58,-215.97,0.00,-0.74,5.46 
1747830179.62,0,-197.78,-214.84,1.65,2.05,0.08,-197.78,-214.84,0.00,-0.80,5.52 
1747830179.82,0,-197.98,-213.66,1.36,2.21,0.51,-197.98,-213.66,0.00,-0.84,5.60 
1747830179.92,0,-198.02,-213.08,1.60,2.02,0.45,-198.02,-213.08,0.00,-0.79,5.62 
1747830180.12,0,-198.17,-211.90,1.75,2.55,0.29,-198.17,-211.90,0.00,-0.78,5.69 
1747830180.22,0,-198.24,-211.26,1.76,2.69,0.27,-198.24,-211.26,0.00,-0.78,5.78 
1747830180.52,0,-198.43,-209.62,1.73,2.44,0.06,-198.43,-209.62,0.00,-0.72,5.67 
1747830180.62,0,-198.44,-209.19,1.80,1.96,0.18,-198.44,-209.19,0.00,-0.66,5.51 
1747830180.72,0,-198.49,-208.74,1.67,1.83,0.13,-198.49,-208.74,0.00,-0.63,5.39 
1747830180.82,0,-198.58,-207.99,1.67,2.32,0.16,-198.58,-207.99,0.00,-0.66,5.66 
1747830180.92,0,-198.65,-207.36,1.64,3.05,0.22,-198.65,-207.36,0.00,-0.68,5.75 
1747830181.02,0,-198.74,-206.72,1.62,3.06,0.18,-198.74,-206.72,0.00,-0.71,5.83 
1747830181.22,0,-198.81,-205.56,1.95,2.64,0.14,-198.81,-205.56,0.00,-0.61,5.82 
1747830181.32,0,-198.81,-204.98,1.95,2.78,0.17,-198.81,-204.98,0.00,-0.54,5.82 
1747830181.42,0,-198.80,-204.46,2.08,2.34,0.16,-198.80,-204.46,0.00,-0.45,5.74 
1747830181.52,0,-198.84,-203.99,2.67,1.65,1.54,-198.84,-203.99,0.00,-0.45,5.61 
1747830181.62,0,-198.86,-203.49,1.78,2.48,0.01,-198.86,-203.49,0.00,-0.41,5.54 
1747830181.72,0,-198.88,-202.80,1.73,4.64,0.02,-198.88,-202.80,0.00,-0.40,5.71 
1747830181.82,0,-198.91,-202.12,4.70,1.60,1.45,-198.91,-202.12,0.00,-0.38,5.84 
1747830181.92,0,-199.07,-201.68,4.26,2.65,0.24,-199.07,-201.68,0.00,-0.54,5.66 
1747830182.02,0,-199.08,-201.15,2.11,2.56,0.03,-199.08,-201.15,0.00,-0.48,5.62 
1747830182.22,0,-199.16,-199.87,2.29,2.94,0.39,-199.16,-199.87,0.00,-0.46,5.80 
1747830182.52,0,-199.18,-197.88,4.65,1.99,1.52,-199.18,-197.88,0.00,-0.33,6.07 
1747830182.62,0,-199.12,-197.10,4.70,2.05,1.50,-199.12,-197.10,0.00,-0.22,6.27 
1747830182.72,0,-198.98,-196.68,4.93,2.44,1.06,-198.98,-196.68,0.00,-0.02,6.01 
1747830182.82,0,-199.00,-195.93,2.58,4.46,0.30,-199.00,-195.93,0.00,-0.05,6.20 
1747830182.92,0,-199.01,-195.29,2.49,4.29,0.26,-199.01,-195.29,0.00,-0.05,6.22 
1747830183.22,0,-198.91,-193.33,5.04,1.95,1.37,-198.91,-193.33,0.00,0.08,6.33 
1747830183.42,0,-198.85,-192.35,3.21,2.09,0.85,-198.85,-192.35,0.00,0.13,6.00 
1747830183.52,0,-198.86,-191.91,3.98,2.14,1.04,-198.86,-191.91,0.00,0.11,5.80 
1747830183.62,0,-198.71,-191.03,5.43,1.91,1.31,-198.71,-191.03,0.00,0.28,6.18 
1747830183.72,0,-198.59,-190.53,2.16,2.41,1.53,-198.59,-190.53,0.00,0.40,6.02 
1747830184.02,0,-198.14,-188.42,2.90,2.37,1.22,-198.14,-188.42,0.00,0.77,6.36 
1747830184.22,0,-197.56,-186.82,3.52,2.43,1.25,-197.56,-186.82,0.00,1.27,6.75 
1747830184.62,0,-196.82,-184.14,4.71,2.01,1.17,-196.82,-184.14,0.00,1.50,6.74 
1747830184.72,0,-196.70,-183.94,5.22,2.29,0.91,-196.70,-183.94,0.00,1.47,6.20 
1747830184.82,0,-196.46,-183.25,4.69,1.84,0.82,-196.46,-183.25,0.00,1.59,6.29 
1747830184.92,0,-196.23,-182.51,4.66,1.59,0.96,-196.23,-182.51,0.00,1.68,6.43 
1747830185.02,0,-196.07,-181.73,4.73,1.96,1.07,-196.07,-181.73,0.00,1.67,6.63 
1747830185.12,0,-196.16,-181.41,5.83,2.00,0.85,-196.16,-181.41,0.00,1.31,6.15 
1747830185.32,0,-195.53,-180.10,5.15,2.60,0.98,-195.53,-180.10,0.00,1.79,6.25 
1747830185.42,0,-195.22,-179.42,5.05,1.93,0.92,-195.22,-179.42,0.00,1.96,6.33 
1747830185.52,0,-194.82,-178.82,4.91,2.90,0.89,-194.82,-178.82,0.00,2.22,6.28 
1747830185.72,0,-194.04,-177.68,5.20,3.63,0.74,-194.04,-177.68,0.00,2.64,6.14 
1747830185.82,0,-193.56,-177.03,5.25,2.17,0.81,-193.56,-177.03,0.00,2.90,6.18 
1747830186.02,0,-192.69,-175.82,5.40,2.74,0.71,-192.69,-175.82,0.00,3.25,6.14 
1747830186.12,0,-192.21,-175.29,5.01,2.82,0.76,-192.21,-175.29,0.00,3.43,6.04 
1747830186.32,0,-191.39,-174.24,4.71,3.13,0.75,-191.39,-174.24,0.00,3.60,5.86 
1747830186.62,0,-190.04,-172.65,5.08,3.18,0.49,-190.04,-172.65,0.00,3.89,5.69 
1747830186.72,0,-189.47,-172.26,4.56,3.23,0.61,-189.47,-172.26,0.00,4.10,5.48 
1747830186.82,0,-188.92,-171.84,4.73,3.14,0.54,-188.92,-171.84,0.00,4.27,5.31 
1747830186.92,0,-188.83,-171.61,9.64,3.04,0.43,-188.83,-171.61,0.00,3.84,4.92 
1747830187.12,0,-187.82,-170.65,5.48,2.72,0.50,-187.82,-170.65,0.00,4.13,4.89 
1747830187.22,0,-187.26,-170.24,5.07,3.08,0.40,-187.26,-170.24,0.00,4.33,4.80 
1747830187.32,0,-187.30,-169.90,11.48,2.19,0.25,-187.30,-169.90,0.00,3.72,4.62 
1747830187.42,0,-186.59,-169.50,6.25,3.43,0.32,-186.59,-169.50,0.00,4.15,4.53 
1747830187.52,0,-186.43,-169.26,10.44,2.88,0.30,-186.43,-169.26,0.00,3.83,4.27 
1747830187.72,0,-185.29,-168.52,7.11,3.12,0.19,-185.29,-168.52,0.00,4.28,4.13 
1747830187.82,0,-185.01,-168.36,9.82,3.24,0.28,-185.01,-168.36,0.00,4.10,3.81 
1747830188.02,0,-184.12,-167.76,9.04,2.80,0.18,-184.12,-167.76,0.00,4.18,3.62 
1747830188.12,0,-183.69,-167.59,9.44,2.98,0.18,-183.69,-167.59,0.00,4.20,3.40 
1747830188.22,0,-183.16,-167.37,9.50,3.09,0.13,-183.16,-167.37,0.00,4.32,3.24 
1747830188.32,0,-182.72,-167.10,2.94,9.07,1.51,-182.72,-167.10,0.00,4.34,3.18 
1747830188.62,0,-180.72,-166.33,2.82,8.80,1.42,-180.72,-166.33,0.00,5.10,2.98 
1747830188.72,0,-179.82,-166.32,4.06,8.84,1.40,-179.82,-166.32,0.00,5.56,2.64 
1747830188.82,0,-178.76,-166.21,2.53,8.06,1.43,-178.76,-166.21,0.00,6.19,2.45 
1747830188.92,0,-178.09,-166.11,3.69,7.73,1.29,-178.09,-166.11,0.00,6.25,2.26 
1747830189.02,0,-177.35,-166.00,3.23,7.79,1.28,-177.35,-166.00,0.00,6.40,2.11 
1747830189.12,0,-176.75,-165.85,2.76,6.94,1.24,-176.75,-165.85,0.00,6.35,2.03 
1747830189.32,0,-175.39,-165.65,3.22,7.47,1.18,-175.39,-165.65,0.00,6.46,1.77 
1747830189.42,0,-174.52,-165.69,2.81,6.67,1.32,-174.52,-165.69,0.00,6.74,1.50 
1747830189.62,0,-173.20,-165.65,3.56,6.96,1.10,-173.20,-165.65,0.00,6.71,1.20 
1747830189.82,0,-171.70,-165.80,2.80,6.30,1.16,-171.70,-165.80,0.00,6.90,0.74 
1747830189.92,0,-171.12,-165.88,2.90,6.49,0.97,-171.12,-165.88,0.00,6.76,0.56 
1747830190.12,0,-170.04,-165.96,3.07,8.10,0.96,-170.04,-165.96,0.00,6.44,0.33 
1747830190.22,0,-169.49,-166.08,2.87,6.94,0.84,-169.49,-166.08,0.00,6.33,0.14 
1747830190.42,0,-168.21,-166.43,2.88,7.23,0.82,-168.21,-166.43,0.00,6.34,-0.31 
1747830190.62,0,-166.91,-167.07,3.27,7.06,0.80,-166.91,-167.07,0.00,6.38,-0.99 
1747830190.72,0,-166.31,-167.62,3.55,6.31,0.80,-166.31,-167.62,0.00,6.33,-1.53 
1747830190.82,0,-165.83,-167.84,2.50,7.15,0.70,-165.83,-167.84,0.00,6.14,-1.62 
1747830190.92,0,-165.40,-168.05,2.66,7.68,0.64,-165.40,-168.05,0.00,5.92,-1.67 
1747830191.02,0,-164.82,-168.48,2.66,6.72,0.76,-164.82,-168.48,0.00,5.90,-2.01 
1747830191.12,0,-164.41,-168.78,3.30,6.72,0.57,-164.41,-168.78,0.00,5.68,-2.14 
1747830191.22,0,-163.90,-169.11,2.53,6.59,0.50,-163.90,-169.11,0.00,5.60,-2.28 
1747830191.32,0,-163.41,-169.48,2.52,6.95,0.49,-163.41,-169.48,0.00,5.51,-2.45 
1747830191.42,0,-162.87,-170.00,2.52,6.56,0.60,-162.87,-170.00,0.00,5.50,-2.80 
1747830191.52,0,-162.38,-170.35,2.49,6.63,0.26,-162.38,-170.35,0.00,5.42,-2.88 
1747830191.62,0,-162.01,-170.61,2.55,7.52,0.41,-162.01,-170.61,0.00,5.21,-2.85 
1747830191.72,0,-161.62,-170.98,2.71,6.78,0.36,-161.62,-170.98,0.00,5.04,-2.95 
1747830191.82,0,-161.26,-171.29,2.46,7.30,0.33,-161.26,-171.29,0.00,4.87,-2.97 
1747830191.92,0,-160.85,-171.94,2.95,6.93,0.44,-160.85,-171.94,0.00,4.77,-3.41 
1747830192.02,0,-160.47,-172.35,2.38,6.83,0.22,-160.47,-172.35,0.00,4.65,-3.49 
1747830192.12,0,-160.12,-172.83,2.50,6.98,0.18,-160.12,-172.83,0.00,4.51,-3.64 
1747830192.22,0,-159.78,-173.16,2.43,7.31,0.11,-159.78,-173.16,0.00,4.38,-3.61 
1747830192.32,0,-159.44,-173.73,2.53,6.52,0.04,-159.44,-173.73,0.00,4.27,-3.85 
1747830192.42,0,-159.18,-174.34,2.99,6.78,0.25,-159.18,-174.34,0.00,4.06,-4.13 
1747830192.72,0,-158.27,-175.52,7.59,3.16,1.51,-158.27,-175.52,0.00,3.74,-4.07 
1747830192.82,0,-158.17,-176.26,8.38,3.05,1.51,-158.17,-176.26,0.00,3.43,-4.46 
1747830192.92,0,-158.12,-177.27,3.40,6.69,0.12,-158.12,-177.27,0.00,3.06,-5.15 
1747830193.02,0,-158.08,-177.82,3.52,6.34,0.00,-158.08,-177.82,0.00,2.72,-5.20 
1747830193.12,0,-158.07,-178.67,3.90,5.36,0.13,-158.07,-178.67,0.00,2.37,-5.63 
1747830193.22,0,-157.96,-179.44,5.32,2.76,1.20,-157.96,-179.44,0.00,2.20,-5.90 
1747830193.52,0,-157.77,-181.32,5.14,3.97,1.56,-157.77,-181.32,0.00,1.68,-6.03 
1747830193.62,0,-157.80,-181.85,5.87,3.10,1.47,-157.80,-181.85,0.00,1.44,-5.94 
1747830193.72,0,-157.88,-182.44,4.88,3.29,1.56,-157.88,-182.44,0.00,1.17,-5.94 
1747830193.82,0,-157.83,-183.01,5.07,2.11,1.53,-157.83,-183.01,0.00,1.08,-5.91 
1747830193.92,0,-157.88,-183.60,4.79,3.14,1.52,-157.88,-183.60,0.00,0.88,-5.90 
1747830194.02,0,-157.84,-184.27,1.83,4.94,0.02,-157.84,-184.27,0.00,0.82,-6.00 
1747830194.32,0,-157.80,-186.06,4.80,2.87,1.44,-157.80,-186.06,0.00,0.58,-5.99 
1747830194.52,0,-157.80,-187.42,3.69,3.85,0.63,-157.80,-187.42,0.00,0.44,-6.18 
1747830194.62,0,-157.96,-187.99,4.68,3.28,1.40,-157.96,-187.99,0.00,0.20,-6.12 
1747830194.72,0,-158.01,-188.13,9.53,3.19,1.42,-158.01,-188.13,0.00,0.10,-5.52 
1747830194.82,0,-158.15,-188.39,8.86,3.96,1.41,-158.15,-188.39,0.00,-0.09,-5.16 
1747830194.92,0,-158.18,-188.76,2.51,8.24,0.23,-158.18,-188.76,0.00,-0.11,-4.96 
1747830195.02,0,-158.29,-189.23,3.41,7.60,0.10,-158.29,-189.23,0.00,-0.25,-4.93 
1747830195.22,0,-158.47,-190.11,8.66,3.71,1.44,-158.47,-190.11,0.00,-0.40,-4.80 
1747830195.32,0,-158.50,-190.53,8.29,2.73,1.39,-158.50,-190.53,0.00,-0.38,-4.73 
1747830195.42,0,-158.48,-191.10,8.83,2.04,1.36,-158.48,-191.10,0.00,-0.31,-4.85 
1747830195.52,0,-158.47,-191.62,7.08,1.98,1.49,-158.47,-191.62,0.00,-0.26,-4.89 
1747830195.82,0,-158.48,-193.17,7.08,1.95,1.50,-158.48,-193.17,0.00,-0.19,-4.98 
1747830195.92,0,-158.68,-194.51,8.17,1.83,1.30,-158.68,-194.51,0.00,-0.40,-5.97 
1747830196.02,0,-158.63,-195.11,8.04,2.04,1.34,-158.63,-195.11,0.00,-0.29,-5.97 
1747830196.22,0,-158.80,-196.92,6.94,1.67,1.38,-158.80,-196.92,0.00,-0.43,-6.73 
1747830196.32,0,-158.91,-197.96,6.11,1.78,1.43,-158.91,-197.96,0.00,-0.51,-7.20 
1747830196.42,0,-158.97,-198.90,5.53,1.70,1.44,-158.97,-198.90,0.00,-0.53,-7.49 
1747830196.52,0,-159.03,-199.43,3.39,3.39,0.60,-159.03,-199.43,0.00,-0.53,-7.21 
1747830196.62,0,-159.15,-200.23,5.34,1.91,1.26,-159.15,-200.23,0.00,-0.62,-7.31 
1747830196.82,0,-159.23,-201.78,2.20,4.69,0.16,-159.23,-201.78,0.00,-0.57,-7.41 
1747830197.12,0,-159.47,-203.92,4.74,2.04,1.39,-159.47,-203.92,0.00,-0.64,-7.32 
1747830197.22,0,-159.64,-204.66,4.61,2.19,1.39,-159.64,-204.66,0.00,-0.77,-7.32 
1747830197.62,0,-159.86,-207.03,2.70,2.76,0.84,-159.86,-207.03,0.00,-0.67,-6.77 
1747830197.72,0,-160.27,-207.48,2.34,2.65,0.79,-160.27,-207.48,0.00,-1.07,-6.50 
1747830197.82,0,-160.46,-207.95,1.90,2.02,0.25,-160.46,-207.95,0.00,-1.18,-6.27 
1747830197.92,0,-160.55,-208.50,3.03,1.60,0.90,-160.55,-208.50,0.00,-1.14,-6.17 
1747830198.12,0,-161.01,-209.98,3.14,2.33,1.43,-161.01,-209.98,0.00,-1.45,-6.49 
1747830198.22,0,-161.17,-210.76,2.59,1.86,1.12,-161.17,-210.76,0.00,-1.47,-6.67 
1747830198.52,0,-161.37,-212.65,3.19,1.70,0.83,-161.37,-212.65,0.00,-1.19,-6.54 
1747830198.62,0,-161.54,-213.36,2.01,1.75,1.43,-161.54,-213.36,0.00,-1.26,-6.61 
1747830198.92,0,-161.50,-215.72,2.33,1.91,1.50,-161.50,-215.72,0.00,-0.78,-7.03 
1747830199.02,0,-161.79,-216.23,2.56,2.60,0.84,-161.79,-216.23,0.00,-1.04,-6.80 
1747830199.12,0,-162.11,-216.86,3.31,2.43,0.84,-162.11,-216.86,0.00,-1.32,-6.74 
1747830199.22,0,-162.17,-217.44,1.62,1.71,1.22,-162.17,-217.44,0.00,-1.22,-6.62 
1747830199.32,0,-162.39,-218.19,1.51,2.56,0.10,-162.39,-218.19,0.00,-1.35,-6.73 
1747830199.42,0,-162.44,-218.85,1.36,0.17,0.01,-162.44,-218.85,0.00,-1.23,-6.72 
1747830199.52,0,-162.39,-219.39,1.39,0.22,1.04,-162.39,-219.39,0.00,-1.01,-6.55 
1747830199.62,0,-162.39,-219.98,1.39,0.31,0.31,-162.39,-219.98,0.00,-0.88,-6.45 
1747830199.72,0,-162.24,-220.61,1.48,0.37,0.07,-162.24,-220.61,0.00,-0.57,-6.44 
1747830199.82,0,-162.02,-221.34,1.57,0.44,0.29,-162.02,-221.34,0.00,-0.22,-6.55 
1747830199.92,0,-161.95,-222.06,1.60,0.57,0.03,-161.95,-222.06,0.00,-0.11,-6.64 
1747830200.02,0,-161.76,-222.80,1.70,0.69,0.90,-161.76,-222.80,0.00,0.14,-6.73 
1747830200.11,0,-161.59,-223.48,2.38,0.94,0.30,-161.59,-223.48,0.00,0.34,-6.75 
1747830200.32,0,-161.82,-224.71,2.13,1.68,1.25,-161.82,-224.71,0.00,-0.00,-6.60 
1747830200.42,0,-162.01,-225.45,2.23,2.04,0.58,-162.01,-225.45,0.00,-0.24,-6.70 
1747830200.52,0,-162.21,-226.21,2.62,2.18,1.52,-162.21,-226.21,0.00,-0.45,-6.80 
1747830200.62,0,-162.53,-226.81,2.69,2.76,0.50,-162.53,-226.81,0.00,-0.79,-6.69 
1747830200.72,0,-162.78,-227.51,1.05,2.91,1.52,-162.78,-227.51,0.00,-0.99,-6.73 
1747830200.82,0,-163.06,-228.26,1.53,2.85,0.95,-163.06,-228.26,0.00,-1.22,-6.83 
1747830200.92,0,-163.18,-228.89,2.66,2.31,0.66,-163.18,-228.89,0.00,-1.22,-6.76 
1747830201.02,0,-163.29,-229.71,3.03,2.48,1.46,-163.29,-229.71,0.00,-1.20,-6.94 
1747830201.12,0,-163.27,-230.24,3.00,2.84,0.83,-163.27,-230.24,0.00,-1.03,-6.75 
1747830201.32,0,-163.37,-231.73,3.22,2.47,1.33,-163.37,-231.73,0.00,-0.91,-6.92 
1747830201.42,0,-163.40,-232.40,3.28,3.32,0.98,-163.40,-232.40,0.00,-0.83,-6.89 
1747830201.52,0,-163.55,-233.15,2.15,3.71,0.77,-163.55,-233.15,0.00,-0.91,-6.96 
1747830201.62,0,-163.63,-234.10,1.60,3.93,0.03,-163.63,-234.10,0.00,-0.91,-7.27 
1747830201.82,0,-163.74,-235.57,2.03,4.10,0.17,-163.74,-235.57,0.00,-0.82,-7.29 
1747830201.92,0,-163.81,-236.21,2.08,4.16,0.14,-163.81,-236.21,0.00,-0.81,-7.18 
1747830202.12,0,-163.89,-237.61,2.12,3.85,0.02,-163.89,-237.61,0.00,-0.70,-7.13 
1747830202.32,0,-164.09,-239.01,3.95,2.00,1.52,-164.09,-239.01,0.00,-0.78,-7.11 
1747830202.52,0,-164.35,-240.30,4.27,2.02,1.42,-164.35,-240.30,0.00,-0.90,-6.95 
1747830202.62,0,-164.52,-240.74,1.91,2.23,1.52,-164.52,-240.74,0.00,-0.99,-6.65 
1747830202.72,0,-164.53,-241.40,1.68,3.35,0.41,-164.53,-241.40,0.00,-0.88,-6.64 
1747830202.82,0,-164.67,-242.18,2.06,3.56,0.05,-164.67,-242.18,0.00,-0.96,-6.78 
1747830202.92,0,-164.77,-242.81,1.67,3.95,0.07,-164.77,-242.81,0.00,-0.96,-6.73 
1747830203.02,0,-165.01,-243.35,1.22,2.90,1.24,-165.01,-243.35,0.00,-1.14,-6.55 
1747830203.12,0,-165.10,-244.06,1.32,3.26,0.17,-165.10,-244.06,0.00,-1.11,-6.62 
1747830203.32,0,-165.35,-245.15,1.82,2.24,0.20,-165.35,-245.15,0.00,-1.14,-6.35 
1747830203.52,0,-165.52,-246.55,2.47,2.16,1.50,-165.52,-246.55,0.00,-1.07,-6.50 
1747830203.62,0,-165.61,-247.17,1.40,2.68,0.92,-165.61,-247.17,0.00,-1.05,-6.46 
1747830203.82,0,-165.72,-248.66,1.50,3.09,0.24,-165.72,-248.66,0.00,-0.93,-6.70 
1747830203.92,0,-165.72,-249.50,1.65,3.43,0.07,-165.72,-249.50,0.00,-0.82,-6.91 
1747830204.02,0,-165.76,-250.09,2.54,2.09,1.43,-165.76,-250.09,0.00,-0.76,-6.78 
1747830204.22,0,-165.73,-251.57,2.25,3.49,0.24,-165.73,-251.57,0.00,-0.55,-6.93 
1747830204.32,0,-165.71,-252.38,1.98,3.87,0.04,-165.71,-252.38,0.00,-0.46,-7.08 
1747830204.42,0,-165.70,-253.16,1.84,3.03,0.09,-165.70,-253.16,0.00,-0.39,-7.16 
1747830204.52,0,-165.59,-253.86,2.53,4.37,0.28,-165.59,-253.86,0.00,-0.20,-7.14 
1747830204.62,0,-165.57,-254.46,1.95,2.32,0.00,-165.57,-254.46,0.00,-0.15,-7.00 
1747830204.72,0,-165.40,-255.16,2.10,2.63,0.39,-165.40,-255.16,0.00,0.09,-7.00 
1747830204.92,0,-165.45,-256.40,1.97,2.51,0.11,-165.45,-256.40,0.00,0.01,-6.81 
1747830205.02,0,-165.62,-256.77,2.27,3.43,0.83,-165.62,-256.77,0.00,-0.20,-6.43 
1747830205.12,0,-165.85,-257.52,2.88,3.85,0.20,-165.85,-257.52,0.00,-0.47,-6.56 
1747830205.22,0,-166.06,-257.98,1.73,4.26,0.92,-166.06,-257.98,0.00,-0.66,-6.32 
1747830205.32,0,-166.23,-258.74,2.29,3.97,0.15,-166.23,-258.74,0.00,-0.80,-6.48 
1747830205.42,0,-166.32,-259.21,2.58,2.43,0.81,-166.32,-259.21,0.00,-0.81,-6.25 
1747830205.52,0,-166.23,-260.00,2.78,4.41,0.06,-166.23,-260.00,0.00,-0.60,-6.46 
1747830205.72,0,-166.18,-261.44,2.32,4.27,0.19,-166.18,-261.44,0.00,-0.40,-6.64 
1747830205.92,0,-166.34,-262.33,1.89,3.52,0.24,-166.34,-262.33,0.00,-0.49,-6.13 
1747830206.12,0,-166.32,-263.52,2.15,1.85,0.01,-166.32,-263.52,0.00,-0.35,-6.08 
1747830206.22,0,-166.40,-263.99,1.98,1.57,0.14,-166.40,-263.99,0.00,-0.41,-5.92 
1747830206.32,0,-166.76,-264.67,2.20,1.75,0.99,-166.76,-264.67,0.00,-0.79,-6.03 
1747830206.52,0,-166.88,-265.68,2.06,2.08,0.52,-166.88,-265.68,0.00,-0.75,-5.79 
1747830206.62,0,-166.68,-266.43,2.11,2.59,0.61,-166.68,-266.43,0.00,-0.42,-5.99 
1747830206.72,0,-166.66,-266.97,1.74,1.46,0.70,-166.66,-266.97,0.00,-0.34,-5.93 
1747830206.82,0,-166.74,-267.62,1.09,1.91,1.47,-166.74,-267.62,0.00,-0.40,-6.00 
1747830206.92,0,-166.83,-268.20,2.05,0.82,0.30,-166.83,-268.20,0.00,-0.47,-5.98 
1747830207.02,0,-166.87,-268.78,1.83,0.90,0.14,-166.87,-268.78,0.00,-0.45,-5.95 
1747830207.12,0,-166.88,-269.50,1.82,1.20,0.10,-166.88,-269.50,0.00,-0.41,-6.11 
1747830207.32,0,-166.92,-270.83,1.80,1.67,0.28,-166.92,-270.83,0.00,-0.36,-6.24 
1747830207.42,0,-167.11,-271.31,1.74,2.74,0.64,-167.11,-271.31,0.00,-0.55,-6.06 
1747830207.52,0,-167.13,-272.17,1.83,4.81,0.29,-167.13,-272.17,0.00,-0.50,-6.37 
1747830207.82,0,-167.39,-274.19,2.07,3.33,0.01,-167.39,-274.19,0.00,-0.62,-6.49 
1747830207.92,0,-167.39,-274.67,2.24,0.87,0.30,-167.39,-274.67,0.00,-0.55,-6.29 
1747830208.02,0,-167.33,-275.16,2.33,1.11,0.10,-167.33,-275.16,0.00,-0.40,-6.11 
1747830208.12,0,-167.26,-275.62,2.29,1.11,0.21,-167.26,-275.62,0.00,-0.26,-5.93 
1747830208.22,0,-167.29,-276.15,1.92,1.15,0.47,-167.29,-276.15,0.00,-0.27,-5.84 
1747830208.52,0,-167.64,-277.90,2.50,0.80,0.25,-167.64,-277.90,0.00,-0.57,-5.84 
1747830208.62,0,-167.74,-278.41,1.92,0.92,0.03,-167.74,-278.41,0.00,-0.63,-5.76 
1747830208.72,0,-167.75,-278.94,1.97,1.09,0.24,-167.75,-278.94,0.00,-0.56,-5.69 
1747830208.82,0,-167.68,-279.53,2.42,0.95,0.06,-167.68,-279.53,0.00,-0.40,-5.72 
1747830209.02,0,-167.71,-280.87,2.62,1.11,1.47,-167.71,-280.87,0.00,-0.33,-5.97 
1747830209.12,0,-167.80,-281.56,2.77,1.32,1.51,-167.80,-281.56,0.00,-0.40,-6.08 
1747830209.22,0,-168.00,-282.25,2.92,1.57,1.52,-168.00,-282.25,0.00,-0.61,-6.19 
1747830209.32,0,-167.94,-282.91,2.02,2.77,0.71,-167.94,-282.91,0.00,-0.46,-6.24 
1747830209.42,0,-168.02,-283.34,1.83,1.93,0.12,-168.02,-283.34,0.00,-0.50,-5.99 
1747830209.62,0,-167.92,-284.59,1.97,2.24,0.18,-167.92,-284.59,0.00,-0.26,-6.05 
1747830209.72,0,-167.99,-285.02,1.56,2.69,1.52,-167.99,-285.02,0.00,-0.32,-5.85 
1747830209.82,0,-168.04,-285.47,1.89,1.87,0.29,-168.04,-285.47,0.00,-0.34,-5.68 
1747830209.92,0,-168.11,-286.18,2.84,1.59,1.47,-168.11,-286.18,0.00,-0.38,-5.85 
1747830210.02,0,-168.17,-286.80,2.99,1.66,1.55,-168.17,-286.80,0.00,-0.40,-5.90 
1747830210.22,0,-168.18,-287.96,2.84,1.79,1.48,-168.18,-287.96,0.00,-0.33,-5.88 
1747830210.62,0,-168.44,-290.41,1.60,2.11,0.15,-168.44,-290.41,0.00,-0.45,-5.96 
1747830210.82,0,-168.37,-291.12,2.42,1.99,0.26,-168.37,-291.12,0.00,-0.26,-5.42 
1747830210.92,0,-168.33,-291.71,1.88,2.98,0.13,-168.33,-291.71,0.00,-0.18,-5.47 
1747830211.02,0,-168.35,-292.30,1.66,3.05,0.06,-168.35,-292.30,0.00,-0.18,-5.52 
1747830211.12,0,-168.49,-292.88,2.92,2.22,1.53,-168.49,-292.88,0.00,-0.35,-5.57 
1747830211.22,0,-168.64,-293.31,2.62,2.31,1.51,-168.64,-293.31,0.00,-0.51,-5.39 
1747830211.32,0,-168.83,-293.85,2.90,2.83,1.54,-168.83,-293.85,0.00,-0.69,-5.40 
1747830211.42,0,-168.89,-294.29,1.31,2.84,0.06,-168.89,-294.29,0.00,-0.68,-5.25 
1747830211.52,0,-168.93,-294.71,1.48,0.78,0.20,-168.93,-294.71,0.00,-0.65,-5.12 
1747830211.62,0,-168.89,-295.21,1.61,0.91,1.55,-168.89,-295.21,0.00,-0.52,-5.11 
1747830211.72,0,-168.94,-295.64,1.58,1.29,0.07,-168.94,-295.64,0.00,-0.51,-5.00 
1747830211.82,0,-168.95,-296.17,1.79,1.41,1.55,-168.95,-296.17,0.00,-0.46,-5.05 
1747830211.92,0,-168.93,-296.52,2.20,1.75,0.10,-168.93,-296.52,0.00,-0.37,-4.85 
1747830212.02,0,-168.99,-296.97,2.05,0.88,0.87,-168.99,-296.97,0.00,-0.40,-4.81 
1747830212.12,0,-169.05,-297.49,1.82,1.18,0.12,-169.05,-297.49,0.00,-0.42,-4.85 
1747830212.22,0,-169.05,-297.86,2.11,1.36,0.09,-169.05,-297.86,0.00,-0.38,-4.72 
1747830212.32,0,-168.95,-298.39,2.54,1.93,0.25,-168.95,-298.39,0.00,-0.20,-4.79 
1747830212.42,0,-169.00,-298.94,2.24,0.94,1.00,-169.00,-298.94,0.00,-0.24,-4.87 
1747830212.52,0,-169.02,-299.35,1.24,1.66,1.52,-169.02,-299.35,0.00,-0.24,-4.78 
1747830212.62,0,-169.13,-299.80,2.23,1.77,0.91,-169.13,-299.80,0.00,-0.34,-4.74 
1747830212.72,0,-169.08,-300.24,1.53,1.96,1.27,-169.08,-300.24,0.00,-0.24,-4.71 
1747830212.82,0,-169.00,-300.75,1.55,2.38,1.12,-169.00,-300.75,0.00,-0.12,-4.75 
1747830212.92,0,-168.93,-301.29,0.95,2.62,0.81,-168.93,-301.29,0.00,-0.02,-4.83 
1747830213.02,0,-168.99,-301.78,1.67,2.24,0.05,-168.99,-301.78,0.00,-0.08,-4.84 
1747830213.22,0,-169.00,-302.80,1.63,1.64,0.13,-169.00,-302.80,0.00,-0.08,-4.90 
1747830213.32,0,-169.00,-303.21,1.74,1.32,0.19,-169.00,-303.21,0.00,-0.07,-4.80 
1747830213.52,0,-169.11,-304.13,1.70,1.73,0.14,-169.11,-304.13,0.00,-0.18,-4.75 
1747830213.62,0,-169.22,-304.66,1.74,2.15,0.24,-169.22,-304.66,0.00,-0.29,-4.83 
1747830213.72,0,-169.34,-305.27,1.96,3.42,0.24,-169.34,-305.27,0.00,-0.41,-4.97 
1747830213.82,0,-169.47,-305.68,1.31,1.35,0.50,-169.47,-305.68,0.00,-0.51,-4.87 
1747830213.92,0,-169.50,-306.05,1.61,1.49,0.16,-169.50,-306.05,0.00,-0.49,-4.73 
1747830214.02,0,-169.49,-306.48,2.00,0.95,0.32,-169.49,-306.48,0.00,-0.41,-4.67 
1747830214.42,0,-169.57,-308.31,2.31,1.19,0.86,-169.57,-308.31,0.00,-0.33,-4.64 
1747830214.62,0,-169.47,-309.57,2.23,1.70,0.16,-169.47,-309.57,0.00,-0.15,-5.02 
1747830214.72,0,-169.52,-310.22,1.74,3.41,0.22,-169.52,-310.22,0.00,-0.19,-5.21 
1747830214.82,0,-169.64,-310.65,1.52,2.51,0.15,-169.64,-310.65,0.00,-0.32,-5.09 
1747830214.92,0,-169.55,-311.18,1.50,2.60,0.96,-169.55,-311.18,0.00,-0.16,-5.11 
1747830215.02,0,-169.50,-311.51,2.04,2.22,1.05,-169.50,-311.51,0.00,-0.06,-4.86 
1747830215.32,0,-169.65,-312.76,1.59,1.50,0.06,-169.65,-312.76,0.00,-0.22,-4.62 
1747830215.42,0,-169.56,-313.12,2.32,0.59,0.42,-169.56,-313.12,0.00,-0.08,-4.50 
1747830215.52,0,-169.54,-313.51,0.82,1.44,1.32,-169.54,-313.51,0.00,-0.05,-4.42 
1747830215.62,0,-169.45,-313.90,2.13,0.35,0.30,-169.45,-313.90,0.00,0.09,-4.37 
1747830215.72,0,-169.42,-314.42,2.10,0.55,0.11,-169.42,-314.42,0.00,0.10,-4.48 
1747830215.82,0,-169.42,-314.77,1.54,1.13,0.18,-169.42,-314.77,0.00,0.09,-4.34 
1747830215.92,0,-169.36,-315.09,2.03,1.25,0.26,-169.36,-315.09,0.00,0.16,-4.20 
1747830216.02,0,-169.26,-315.58,1.57,1.52,0.36,-169.26,-315.58,0.00,0.26,-4.28 
1747830216.12,0,-169.24,-315.96,1.14,1.58,0.25,-169.24,-315.96,0.00,0.26,-4.22 
1747830216.22,0,-169.16,-316.32,2.09,0.93,0.28,-169.16,-316.32,0.00,0.33,-4.14 
1747830216.32,0,-169.09,-316.72,2.01,0.40,0.55,-169.09,-316.72,0.00,0.37,-4.12 
1747830216.42,0,-169.06,-317.27,1.95,0.65,0.24,-169.06,-317.27,0.00,0.36,-4.29 
1747830216.52,0,-168.92,-317.75,1.96,0.87,0.44,-168.92,-317.75,0.00,0.49,-4.36 
1747830216.62,0,-168.85,-318.12,2.02,1.11,0.20,-168.85,-318.12,0.00,0.51,-4.27 
1747830216.82,0,-168.66,-319.15,1.96,1.53,0.15,-168.66,-319.15,0.00,0.62,-4.48 
1747830216.92,0,-168.57,-319.73,1.59,3.42,0.21,-168.57,-319.73,0.00,0.65,-4.63 
1747830217.02,0,-168.44,-320.29,1.90,3.59,0.33,-168.44,-320.29,0.00,0.73,-4.75 
1747830217.12,0,-168.34,-320.87,1.84,3.60,0.20,-168.34,-320.87,0.00,0.77,-4.88 
1747830217.22,0,-168.16,-321.35,2.20,3.15,0.45,-168.16,-321.35,0.00,0.89,-4.87 
1747830217.32,0,-168.03,-321.88,1.77,3.33,0.28,-168.03,-321.88,0.00,0.94,-4.92 
1747830217.52,0,-167.74,-322.80,1.83,3.37,0.86,-167.74,-322.80,0.00,1.06,-4.85 
1747830217.72,0,-167.42,-323.70,2.26,3.11,0.36,-167.42,-323.70,0.00,1.18,-4.77 
1747830217.82,0,-167.35,-323.86,2.51,2.10,0.65,-167.35,-323.86,0.00,1.14,-4.38 
1747830217.92,0,-167.27,-324.18,1.40,2.45,1.43,-167.27,-324.18,0.00,1.09,-4.24 
1747830218.12,0,-167.27,-325.06,2.63,1.05,0.00,-167.27,-325.06,0.00,0.83,-4.28 
1747830218.32,0,-167.37,-326.13,2.67,1.38,0.59,-167.37,-326.13,0.00,0.51,-4.53 
1747830218.42,0,-167.42,-326.69,2.56,1.88,0.71,-167.42,-326.69,0.00,0.39,-4.66 
1747830218.52,0,-167.59,-327.20,2.57,2.43,0.62,-167.59,-327.20,0.00,0.14,-4.71 
1747830218.62,0,-167.52,-327.74,1.10,3.63,0.75,-167.52,-327.74,0.00,0.20,-4.80 
1747830218.72,0,-167.42,-328.32,1.97,3.84,0.32,-167.42,-328.32,0.00,0.30,-4.92 
1747830218.82,0,-167.17,-328.76,3.13,3.46,0.43,-167.17,-328.76,0.00,0.58,-4.87 
1747830218.91,0,-166.95,-328.96,2.83,2.70,0.27,-166.95,-328.96,0.00,0.79,-4.51 
1747830219.01,0,-166.66,-329.32,3.08,2.90,0.39,-166.66,-329.32,0.00,1.05,-4.39 
1747830219.11,0,-166.33,-329.64,3.06,2.30,0.26,-166.33,-329.64,0.00,1.34,-4.25 
1747830219.21,0,-166.07,-329.85,3.51,1.44,1.30,-166.07,-329.85,0.00,1.49,-3.98 
1747830219.41,0,-165.67,-330.62,2.19,2.65,0.32,-165.67,-330.62,0.00,1.61,-3.95 
1747830219.62,0,-165.27,-331.43,1.93,2.94,0.46,-165.27,-331.43,0.00,1.70,-3.97 
1747830219.72,0,-165.20,-331.86,1.98,1.92,0.27,-165.20,-331.86,0.00,1.58,-4.01 
1747830219.92,0,-165.03,-332.73,2.31,2.86,0.34,-165.03,-332.73,0.00,1.41,-4.08 
1747830220.02,0,-165.10,-333.26,2.80,2.86,0.25,-165.10,-333.26,0.00,1.15,-4.23 
1747830220.12,0,-165.34,-333.60,3.32,1.99,0.28,-165.34,-333.60,0.00,0.70,-4.12 
1747830220.52,0,-165.36,-335.52,2.67,2.99,0.26,-165.36,-335.52,0.00,0.41,-4.39 
1747830220.72,0,-165.36,-336.50,1.99,2.29,0.25,-165.36,-336.50,0.00,0.31,-4.52 
1747830220.81,0,-165.29,-336.93,1.36,2.09,0.43,-165.29,-336.93,0.00,0.37,-4.49 
1747830220.91,0,-165.21,-337.26,2.65,1.49,1.18,-165.21,-337.26,0.00,0.42,-4.33 
1747830221.01,0,-164.83,-337.67,2.74,1.83,0.48,-164.83,-337.67,0.00,0.88,-4.31 
1747830221.11,0,-164.35,-337.95,3.58,2.25,0.35,-164.35,-337.95,0.00,1.42,-4.09 
1747830221.21,0,-163.86,-338.24,3.72,2.24,0.36,-163.86,-338.24,0.00,1.88,-3.94 
1747830221.31,0,-163.27,-338.53,3.55,3.21,0.54,-163.27,-338.53,0.00,2.42,-3.79 
1747830221.41,0,-162.75,-338.91,3.03,3.78,0.53,-162.75,-338.91,0.00,2.79,-3.80 
1747830221.51,0,-162.39,-339.27,2.03,1.43,0.64,-162.39,-339.27,0.00,2.90,-3.78 
1747830221.72,0,-162.17,-340.46,2.18,1.69,0.34,-162.17,-340.46,0.00,2.46,-4.29 
1747830221.92,0,-162.19,-341.74,2.38,1.96,0.37,-162.19,-341.74,0.00,1.87,-4.77 
1747830222.22,0,-161.73,-342.84,1.53,2.89,0.49,-161.73,-342.84,0.00,1.76,-4.42 
1747830222.31,0,-161.47,-343.13,2.22,2.35,0.52,-161.47,-343.13,0.00,1.86,-4.26 
1747830222.61,0,-161.14,-344.18,1.90,1.56,0.72,-161.14,-344.18,0.00,1.61,-4.00 
1747830222.71,0,-160.89,-344.74,1.52,2.14,0.43,-160.89,-344.74,0.00,1.71,-4.19 
1747830222.81,0,-160.84,-345.46,1.62,2.55,0.22,-160.84,-345.46,0.00,1.56,-4.58 
1747830222.91,0,-160.55,-346.02,1.70,2.97,0.58,-160.55,-346.02,0.00,1.74,-4.70 
1747830223.02,0,-160.44,-346.43,1.66,4.66,0.18,-160.44,-346.43,0.00,1.65,-4.62 
1747830223.12,0,-160.28,-346.68,2.84,1.25,0.92,-160.28,-346.68,0.00,1.64,-4.34 
1747830223.42,0,-159.70,-348.05,1.52,3.62,0.59,-159.70,-348.05,0.00,1.73,-4.42 
1747830223.52,0,-159.56,-348.37,1.78,2.69,0.48,-159.56,-348.37,0.00,1.70,-4.27 
1747830223.62,0,-159.39,-348.73,1.70,2.47,0.50,-159.39,-348.73,0.00,1.69,-4.18 
1747830223.72,0,-159.22,-349.34,1.69,4.55,0.23,-159.22,-349.34,0.00,1.69,-4.44 
1747830223.82,0,-159.03,-349.62,1.99,2.22,0.28,-159.03,-349.62,0.00,1.72,-4.22 
1747830223.92,0,-158.94,-350.19,2.01,2.75,0.22,-158.94,-350.19,0.00,1.63,-4.41 
1747830224.02,0,-158.85,-350.57,1.72,2.54,0.62,-158.85,-350.57,0.00,1.52,-4.33 
1747830224.12,0,-158.75,-351.03,1.86,1.63,0.42,-158.75,-351.03,0.00,1.46,-4.37 
1747830224.22,0,-158.67,-351.68,1.90,2.11,0.19,-158.67,-351.68,0.00,1.38,-4.64 
1747830224.32,0,-158.73,-352.12,2.04,2.43,0.64,-158.73,-352.12,0.00,1.12,-4.61 
1747830224.42,0,-158.60,-352.63,1.70,1.67,0.56,-158.60,-352.63,0.00,1.14,-4.67 
1747830224.62,0,-158.11,-353.65,1.80,2.02,0.69,-158.11,-353.65,0.00,1.46,-4.76 
1747830224.72,0,-157.89,-353.97,2.38,2.55,0.58,-157.89,-353.97,0.00,1.54,-4.58 
1747830224.82,0,-157.62,-354.44,2.10,4.12,0.23,-157.62,-354.44,0.00,1.68,-4.60 
1747830224.91,0,-157.27,-354.90,2.49,3.95,0.46,-157.27,-354.90,0.00,1.91,-4.60 
1747830225.01,0,-157.00,-355.11,2.82,2.81,0.69,-157.00,-355.11,0.00,2.00,-4.29 
1747830225.11,0,-156.60,-355.34,3.60,1.39,0.65,-156.60,-355.34,0.00,2.25,-4.05 
1747830225.21,0,-156.31,-355.60,2.45,2.98,0.46,-156.31,-355.60,0.00,2.33,-3.86 
1747830225.31,0,-156.11,-356.14,2.03,4.80,0.25,-156.11,-356.14,0.00,2.29,-4.05 
1747830225.41,0,-155.95,-356.71,2.21,4.75,0.23,-155.95,-356.71,0.00,2.21,-4.26 
1747830225.52,0,-155.83,-357.15,2.07,2.32,0.54,-155.83,-357.15,0.00,2.08,-4.27 
1747830225.62,0,-155.55,-357.65,1.96,4.33,0.66,-155.55,-357.65,0.00,2.17,-4.35 
1747830225.72,0,-155.37,-358.01,1.64,2.80,0.51,-155.37,-358.01,0.00,2.12,-4.26 
1747830225.82,0,-155.12,-358.37,2.15,1.64,0.51,-155.12,-358.37,0.00,2.17,-4.19 
1747830225.92,0,-154.73,-358.81,2.22,2.06,0.54,-154.73,-358.81,0.00,2.38,-4.21 
1747830226.02,0,-154.54,-359.20,1.76,4.73,0.29,-154.54,-359.20,0.00,2.32,-4.18 
1747830226.21,0,-154.09,-360.07,1.65,4.20,0.27,-154.09,-360.07,0.00,2.30,-4.22 
1747830226.31,0,-153.84,-360.53,1.60,3.94,0.22,-153.84,-360.53,0.00,2.33,-4.27 
1747830226.42,0,-153.65,-360.86,1.72,2.88,0.47,-153.65,-360.86,0.00,2.28,-4.15 
1747830226.62,0,-153.17,-361.83,1.87,4.21,0.55,-153.17,-361.83,0.00,2.31,-4.31 
1747830226.82,0,-152.82,-362.78,2.04,4.06,0.27,-152.82,-362.78,0.00,2.18,-4.42 
1747830226.92,0,-152.69,-363.29,1.93,3.80,0.28,-152.69,-363.29,0.00,2.07,-4.49 
1747830227.12,0,-152.34,-363.91,1.93,3.49,0.45,-152.34,-363.91,0.00,1.99,-4.17 
1747830227.32,0,-152.00,-364.65,1.68,2.95,0.47,-152.00,-364.65,0.00,1.92,-4.06 
1747830227.42,0,-151.91,-365.04,1.99,2.55,0.45,-151.91,-365.04,0.00,1.81,-4.04 
1747830227.52,0,-151.73,-365.68,1.78,4.96,0.27,-151.73,-365.68,0.00,1.80,-4.33 
1747830227.82,0,-151.05,-366.91,1.98,4.34,0.30,-151.05,-366.91,0.00,1.95,-4.25 
1747830227.92,0,-150.81,-367.33,2.17,3.44,0.16,-150.81,-367.33,0.00,2.01,-4.24 
1747830228.01,0,-150.50,-367.63,2.19,4.84,0.32,-150.50,-367.63,0.00,2.14,-4.09 
1747830228.32,0,-149.88,-369.03,1.78,4.73,0.31,-149.88,-369.03,0.00,2.12,-4.29 
1747830228.52,0,-149.68,-369.94,2.32,3.49,0.42,-149.68,-369.94,0.00,1.85,-4.35 
1747830228.62,0,-149.84,-370.47,2.71,3.44,0.05,-149.84,-370.47,0.00,1.42,-4.47 
1747830228.92,0,-149.09,-371.84,2.34,4.72,0.33,-149.09,-371.84,0.00,1.79,-4.50 
1747830229.02,0,-148.74,-372.20,2.29,4.44,0.49,-148.74,-372.20,0.00,2.00,-4.39 
1747830229.11,0,-148.47,-372.36,2.70,4.19,0.50,-148.47,-372.36,0.00,2.08,-4.05 
1747830229.21,0,-148.23,-372.82,1.69,4.78,0.42,-148.23,-372.82,0.00,2.13,-4.12 
1747830229.31,0,-148.00,-373.30,1.71,4.33,0.20,-148.00,-373.30,0.00,2.15,-4.21 
1747830229.41,0,-147.93,-373.66,2.73,2.91,1.15,-147.93,-373.66,0.00,1.95,-4.13 
1747830229.51,0,-147.71,-374.01,1.96,3.64,0.50,-147.71,-374.01,0.00,1.99,-4.04 
1747830229.62,0,-147.54,-374.51,1.82,4.99,0.35,-147.54,-374.51,0.00,1.95,-4.17 
1747830229.82,0,-147.12,-375.23,1.79,3.47,0.28,-147.12,-375.23,0.00,1.99,-4.03 
1747830229.92,0,-146.93,-375.76,1.91,5.06,0.35,-146.93,-375.76,0.00,1.98,-4.18 
1747830230.42,0,-146.00,-378.29,2.02,5.01,0.25,-146.00,-378.29,0.00,1.93,-4.55 
1747830230.62,0,-145.97,-379.16,2.38,6.53,0.29,-145.97,-379.16,0.00,1.52,-4.50 
1747830230.72,0,-146.09,-379.81,3.53,2.47,1.49,-146.09,-379.81,0.00,1.16,-4.76 
1747830230.92,0,-145.70,-380.96,1.89,4.97,0.38,-145.70,-380.96,0.00,1.38,-5.02 
1747830231.12,0,-145.68,-382.04,3.47,2.28,1.50,-145.68,-382.04,0.00,1.05,-5.12 
1747830231.22,0,-145.39,-382.65,2.21,4.95,0.30,-145.39,-382.65,0.00,1.29,-5.25 
1747830231.32,0,-145.02,-383.16,2.57,4.63,0.26,-145.02,-383.16,0.00,1.60,-5.22 
1747830231.52,0,-144.47,-383.77,2.84,4.49,0.35,-144.47,-383.77,0.00,1.89,-4.68 
1747830231.71,0,-144.09,-384.11,2.23,7.59,0.35,-144.09,-384.11,0.00,1.89,-3.98 
1747830231.92,0,-143.84,-384.94,3.23,1.89,1.54,-143.84,-384.94,0.00,1.74,-4.02 
1747830232.02,0,-143.68,-385.41,2.94,2.33,1.11,-143.68,-385.41,0.00,1.73,-4.09 
1747830232.22,0,-143.30,-386.33,3.52,1.35,1.57,-143.30,-386.33,0.00,1.77,-4.21 
1747830232.32,0,-142.92,-386.98,3.23,2.20,0.32,-142.92,-386.98,0.00,2.01,-4.50 
1747830232.42,0,-142.81,-387.05,3.08,3.21,0.56,-142.81,-387.05,0.00,1.90,-4.02 
1747830232.52,0,-142.51,-387.40,2.73,3.05,0.75,-142.51,-387.40,0.00,2.04,-3.95 
1747830232.62,0,-142.31,-387.63,2.59,5.95,0.06,-142.31,-387.63,0.00,2.03,-3.75 
1747830232.81,0,-141.96,-388.65,1.70,4.59,0.01,-141.96,-388.65,0.00,1.97,-4.08 
1747830232.92,0,-141.79,-389.18,1.64,3.60,0.03,-141.79,-389.18,0.00,1.93,-4.22 
1747830233.02,0,-141.69,-389.43,1.67,6.09,0.50,-141.69,-389.43,0.00,1.82,-4.01 
1747830233.12,0,-141.28,-390.13,2.77,6.34,0.87,-141.28,-390.13,0.00,2.10,-4.38 
1747830233.22,0,-141.10,-390.50,1.66,7.27,0.35,-141.10,-390.50,0.00,2.07,-4.30 
1747830233.32,0,-140.87,-390.79,2.04,5.92,0.32,-140.87,-390.79,0.00,2.09,-4.13 
1747830233.42,0,-140.55,-391.47,1.62,6.16,0.33,-140.55,-391.47,0.00,2.23,-4.46 
1747830233.52,0,-140.13,-392.04,2.54,5.79,0.54,-140.13,-392.04,0.00,2.48,-4.61 
1747830233.62,0,-139.88,-392.46,1.79,3.50,0.47,-139.88,-392.46,0.00,2.48,-4.56 
1747830233.72,0,-139.57,-393.04,1.70,5.32,0.36,-139.57,-393.04,0.00,2.55,-4.72 
1747830233.81,0,-139.31,-393.61,1.77,5.10,0.34,-139.31,-393.61,0.00,2.56,-4.84 
1747830233.81,4,-158.62,-366.95,0.13,0.40,0.50,-158.62,-366.95,0.00,2.11,-5.27 
1747830233.81,3,-210.85,-483.93,0.16,2.00,1.46,-210.85,-483.93,0.00,0.25,-0.15 
1747830233.91,0,-139.10,-393.96,1.63,7.56,0.40,-139.10,-393.96,0.00,2.50,-4.67 
1747830233.91,4,-158.41,-367.48,0.13,0.44,0.50,-158.41,-367.48,0.00,2.11,-5.27 
1747830233.91,3,-210.83,-483.95,0.17,1.48,1.46,-210.83,-483.95,0.00,0.25,-0.15 
1747830234.02,0,-138.91,-394.38,1.93,3.54,0.56,-138.91,-394.38,0.00,2.43,-4.61 
1747830234.02,3,-210.74,-483.91,0.39,1.36,0.19,-210.74,-483.91,0.00,0.32,-0.09 
1747830234.42,0,-137.98,-396.49,1.97,5.06,0.38,-137.98,-396.49,0.00,2.39,-4.85 
1747830234.42,4,-156.68,-371.71,0.13,0.60,0.82,-156.68,-371.71,0.00,2.62,-6.49 
1747830234.62,0,-137.66,-397.33,2.01,3.58,0.57,-137.66,-397.33,0.00,2.21,-4.70 
1747830234.62,4,-156.01,-372.72,0.13,0.63,0.59,-156.01,-372.72,0.00,2.76,-6.21 
1747830234.62,3,-211.30,-483.85,0.68,1.62,0.31,-211.30,-483.85,0.00,-0.37,-0.01 
1747830234.72,0,-137.50,-397.95,2.02,4.84,0.33,-137.50,-397.95,0.00,2.13,-4.90 
1747830234.72,4,-156.98,-371.23,0.14,0.68,0.48,-156.98,-371.23,0.00,1.45,-3.97 
1747830234.72,5,-139.81,-385.89,0.06,0.32,1.56,-139.81,-385.89,0.00,1.61,-4.71 
1747830234.72,3,-211.45,-483.80,1.95,0.43,0.02,-211.45,-483.80,0.00,-0.51,0.06 
1747830234.92,0,-137.02,-399.04,1.76,4.76,0.31,-137.02,-399.04,0.00,2.20,-5.04 
1747830234.92,4,-156.25,-372.50,0.15,0.73,0.93,-156.25,-372.50,0.00,1.95,-4.52 
1747830234.92,5,-139.49,-386.83,0.11,0.32,1.56,-139.49,-386.83,0.00,1.61,-4.71 
1747830234.92,3,-211.56,-483.79,1.52,0.22,0.02,-211.56,-483.79,0.00,-0.51,0.06 
1747830235.02,0,-136.78,-399.54,1.63,4.44,0.36,-136.78,-399.54,0.00,2.22,-5.03 
1747830235.02,4,-155.80,-373.17,0.15,1.02,0.89,-155.80,-373.17,0.00,2.27,-4.79 
1747830235.02,5,-139.33,-387.30,0.22,0.31,1.56,-139.33,-387.30,0.00,1.61,-4.71 
1747830235.02,3,-211.61,-483.78,1.52,0.22,0.02,-211.61,-483.78,0.00,-0.51,0.06 
1747830235.12,0,-136.62,-399.78,1.80,7.48,0.37,-136.62,-399.78,0.00,2.14,-4.68 
1747830235.12,5,-138.91,-388.00,0.22,0.36,0.02,-138.91,-388.00,0.00,1.89,-4.96 
1747830235.22,0,-136.43,-400.15,1.65,6.07,0.35,-136.43,-400.15,0.00,2.11,-4.56 
1747830235.22,5,-138.56,-387.77,0.23,0.40,0.02,-138.56,-387.77,0.00,2.05,-4.18 
1747830235.22,3,-211.39,-484.00,2.12,0.23,0.23,-211.39,-484.00,0.00,-0.19,-0.19 
1747830235.42,0,-136.03,-400.96,1.97,3.57,0.61,-136.03,-400.96,0.00,2.08,-4.43 
1747830235.42,4,-155.38,-374.13,0.05,0.56,1.13,-155.38,-374.13,0.00,1.77,-3.84 
1747830235.42,5,-138.15,-388.61,0.23,0.51,0.02,-138.15,-388.61,0.00,2.05,-4.18 
1747830235.42,3,-211.46,-483.96,0.41,1.22,1.33,-211.46,-483.96,0.00,-0.22,-0.10 
1747830235.62,0,-135.76,-401.94,1.97,3.57,0.02,-135.76,-401.94,0.00,1.91,-4.54 
1747830235.62,5,-137.82,-389.00,0.43,0.48,1.54,-137.82,-389.00,0.00,1.97,-3.72 
1747830235.62,3,-211.50,-483.98,0.19,1.07,1.33,-211.50,-483.98,0.00,-0.22,-0.10 
1747830235.72,0,-135.50,-402.39,1.93,3.21,0.55,-135.50,-402.39,0.00,1.99,-4.54 
1747830235.72,4,-156.15,-373.39,0.05,0.57,0.74,-156.15,-373.39,0.00,0.40,-1.84 
1747830235.72,5,-137.66,-389.21,0.70,0.47,1.51,-137.66,-389.21,0.00,1.94,-3.55 
1747830235.72,3,-211.64,-483.97,1.49,0.27,0.12,-211.64,-483.97,0.00,-0.35,-0.08 
1747830235.82,0,-135.40,-402.91,2.05,3.64,0.03,-135.40,-402.91,0.00,1.87,-4.61 
1747830235.82,5,-137.53,-389.71,1.04,0.46,1.53,-137.53,-389.71,0.00,1.86,-3.71 
1747830235.82,3,-211.69,-483.94,1.53,0.36,0.02,-211.69,-483.94,0.00,-0.37,-0.04 
1747830236.12,0,-134.50,-404.41,2.46,3.77,1.41,-134.50,-404.41,0.00,2.24,-4.75 
1747830236.12,4,-156.44,-373.17,0.06,0.61,1.22,-156.44,-373.17,0.00,0.01,-1.01 
1747830236.12,5,-136.71,-390.87,1.04,0.66,0.06,-136.71,-390.87,0.00,2.14,-3.77 
1747830236.22,0,-134.49,-404.65,2.64,4.44,0.29,-134.49,-404.65,0.00,1.99,-4.47 
1747830236.22,4,-156.44,-373.27,0.07,0.65,1.22,-156.44,-373.27,0.00,0.01,-1.01 
1747830236.22,5,-136.45,-391.40,0.93,1.43,0.04,-136.45,-391.40,0.00,2.20,-3.95 
1747830236.32,0,-134.21,-404.93,2.25,7.15,0.37,-134.21,-404.93,0.00,2.09,-4.27 
1747830236.32,4,-156.44,-373.37,0.08,0.70,1.22,-156.44,-373.37,0.00,0.01,-1.01 
1747830236.32,5,-136.25,-391.84,0.41,4.50,0.04,-136.25,-391.84,0.00,2.17,-4.00 
1747830236.32,3,-211.47,-484.17,0.84,0.26,0.04,-211.47,-484.17,0.00,-0.01,-0.24 
1747830236.52,0,-133.93,-405.65,2.54,8.06,0.90,-133.93,-405.65,0.00,1.92,-4.10 
1747830236.52,4,-156.44,-373.57,0.09,0.76,1.22,-156.44,-373.57,0.00,0.01,-1.01 
1747830236.52,5,-135.82,-392.64,0.30,4.32,0.04,-135.82,-392.64,0.00,2.17,-4.00 
1747830236.52,3,-211.24,-484.25,0.73,0.54,1.15,-211.24,-484.25,0.00,0.25,-0.28 
1747830236.62,0,-133.57,-405.92,3.54,6.83,0.59,-133.57,-405.92,0.00,2.14,-3.92 
1747830236.62,4,-156.43,-373.68,0.11,0.83,1.22,-156.43,-373.68,0.00,0.01,-1.01 
1747830236.62,5,-135.60,-393.04,0.30,4.32,0.04,-135.60,-393.04,0.00,2.17,-4.00 
1747830236.62,3,-211.36,-484.29,0.92,0.56,0.31,-211.36,-484.29,0.00,0.08,-0.29 
1747830236.72,0,-133.26,-406.37,3.11,2.92,1.04,-133.26,-406.37,0.00,2.25,-4.00 
1747830236.72,4,-156.43,-373.78,0.13,0.90,1.22,-156.43,-373.78,0.00,0.01,-1.01 
1747830236.72,5,-135.38,-393.44,0.30,4.32,0.04,-135.38,-393.44,0.00,2.17,-4.00 
1747830236.72,3,-211.18,-484.35,0.38,1.77,1.16,-211.18,-484.35,0.00,0.29,-0.33 
1747830236.82,0,-133.03,-406.89,3.53,2.45,1.21,-133.03,-406.89,0.00,2.26,-4.15 
1747830236.82,4,-156.43,-373.88,0.19,1.17,1.22,-156.43,-373.88,0.00,0.01,-1.01 
1747830236.82,5,-134.93,-393.47,0.71,2.18,0.18,-134.93,-393.47,0.00,2.42,-3.60 
1747830236.82,3,-211.20,-484.34,0.46,1.84,1.54,-211.20,-484.34,0.00,0.24,-0.27 
1747830236.92,0,-132.64,-407.51,1.86,6.10,0.61,-132.64,-407.51,0.00,2.47,-4.41 
1747830236.92,4,-156.43,-373.98,0.19,1.17,1.22,-156.43,-373.98,0.00,0.01,-1.01 
1747830236.92,5,-134.72,-393.74,0.18,2.52,0.10,-134.72,-393.74,0.00,2.40,-3.49 
1747830236.92,3,-211.24,-484.29,0.64,1.85,1.32,-211.24,-484.29,0.00,0.14,-0.18 
1747830237.02,0,-132.46,-407.87,2.02,7.48,0.70,-132.46,-407.87,0.00,2.38,-4.31 
1747830237.02,4,-156.43,-374.08,0.19,1.17,1.22,-156.43,-374.08,0.00,0.01,-1.01 
1747830237.02,5,-134.48,-394.53,4.14,0.21,1.55,-134.48,-394.53,0.00,2.40,-3.97 
1747830237.12,0,-132.33,-408.29,3.40,7.11,0.34,-132.33,-408.29,0.00,2.25,-4.29 
1747830237.12,4,-156.43,-374.18,0.19,1.17,1.22,-156.43,-374.18,0.00,0.01,-1.01 
1747830237.12,5,-134.28,-395.32,2.90,0.17,1.41,-134.28,-395.32,0.00,2.35,-4.40 
1747830237.12,3,-211.29,-484.41,2.01,0.96,1.03,-211.29,-484.41,0.00,0.07,-0.29 
1747830237.22,0,-132.19,-408.72,3.21,6.76,0.33,-132.19,-408.72,0.00,2.14,-4.30 
1747830237.22,4,-156.43,-374.28,0.19,1.17,1.22,-156.43,-374.28,0.00,0.01,-1.01 
1747830237.22,3,-211.35,-484.39,0.60,1.89,1.56,-211.35,-484.39,0.00,-0.02,-0.22 
1747830237.32,0,-132.00,-409.20,2.76,6.86,0.53,-132.00,-409.20,0.00,2.11,-4.35 
1747830237.32,4,-156.43,-374.39,0.19,1.17,1.22,-156.43,-374.39,0.00,0.01,-1.01 
1747830237.32,5,-133.82,-396.40,0.04,1.57,0.20,-133.82,-396.40,0.00,2.33,-4.60 
1747830237.32,3,-211.34,-484.42,1.98,0.31,0.08,-211.34,-484.42,0.00,0.00,-0.23 
1747830237.42,0,-131.86,-409.63,3.45,6.85,0.29,-131.86,-409.63,0.00,2.03,-4.35 
1747830237.42,4,-156.43,-374.49,0.19,1.17,1.22,-156.43,-374.49,0.00,0.01,-1.01 
1747830237.42,5,-133.59,-396.86,0.04,1.57,0.20,-133.59,-396.86,0.00,2.33,-4.60 
1747830237.42,3,-211.38,-484.42,0.55,2.05,1.48,-211.38,-484.42,0.00,-0.05,-0.21 
1747830237.62,0,-131.35,-410.62,2.63,3.78,0.92,-131.35,-410.62,0.00,2.15,-4.49 
1747830237.62,4,-156.43,-374.69,0.19,1.17,1.22,-156.43,-374.69,0.00,0.01,-1.01 
1747830237.62,3,-211.52,-484.40,2.19,0.72,0.06,-211.52,-484.40,0.00,-0.20,-0.13 
1747830237.82,0,-130.82,-411.53,2.01,6.63,0.36,-130.82,-411.53,0.00,2.27,-4.51 
1747830237.82,4,-156.42,-374.89,0.19,1.17,1.22,-156.42,-374.89,0.00,0.01,-1.01 
1747830237.82,5,-132.86,-400.05,0.06,1.55,0.04,-132.86,-400.05,0.00,2.16,-5.76 
1747830237.82,3,-211.64,-484.40,1.89,0.50,0.11,-211.64,-484.40,0.00,-0.30,-0.10 
1747830237.92,0,-130.56,-411.96,2.06,6.51,0.66,-130.56,-411.96,0.00,2.30,-4.48 
1747830237.92,4,-156.42,-374.99,0.19,1.17,1.22,-156.42,-374.99,0.00,0.01,-1.01 
1747830237.92,5,-132.65,-400.63,0.09,1.52,0.04,-132.65,-400.63,0.00,2.16,-5.76 
1747830237.92,3,-211.65,-484.39,0.70,1.68,1.17,-211.65,-484.39,0.00,-0.28,-0.08 
1747830238.12,0,-130.29,-412.84,2.89,4.92,0.98,-130.29,-412.84,0.00,2.08,-4.46 
1747830238.12,4,-156.42,-375.20,0.19,1.17,1.22,-156.42,-375.20,0.00,0.01,-1.01 
1747830238.12,5,-132.22,-401.78,0.12,1.49,0.04,-132.22,-401.78,0.00,2.16,-5.76 
1747830238.12,3,-211.68,-484.45,0.70,2.13,1.28,-211.68,-484.45,0.00,-0.24,-0.13 
1747830238.22,0,-130.29,-413.17,2.63,8.98,0.90,-130.29,-413.17,0.00,1.83,-4.32 
1747830238.22,4,-156.42,-375.30,0.19,1.17,1.22,-156.42,-375.30,0.00,0.01,-1.01 
1747830238.22,5,-132.00,-402.35,0.22,1.38,0.04,-132.00,-402.35,0.00,2.16,-5.76 
1747830238.22,3,-211.70,-484.46,0.58,1.99,1.34,-211.70,-484.46,0.00,-0.24,-0.13 
1747830238.32,0,-130.08,-413.66,2.58,7.56,0.90,-130.08,-413.66,0.00,1.86,-4.39 
1747830238.32,4,-156.42,-375.40,0.19,1.17,1.22,-156.42,-375.40,0.00,0.01,-1.01 
1747830238.32,5,-131.79,-402.93,0.22,1.38,0.04,-131.79,-402.93,0.00,2.16,-5.76 
1747830238.32,3,-211.74,-484.51,1.07,2.03,1.29,-211.74,-484.51,0.00,-0.26,-0.17 
1747830238.42,0,-129.87,-414.31,4.08,7.27,0.84,-129.87,-414.31,0.00,1.89,-4.65 
1747830238.42,4,-156.42,-375.50,0.19,1.17,1.22,-156.42,-375.50,0.00,0.01,-1.01 
1747830238.42,5,-131.57,-403.51,0.22,1.38,0.04,-131.57,-403.51,0.00,2.16,-5.76 
1747830238.42,3,-211.85,-484.48,1.81,0.70,0.26,-211.85,-484.48,0.00,-0.36,-0.11 
1747830238.72,0,-129.13,-415.82,3.18,7.04,0.35,-129.13,-415.82,0.00,2.08,-4.78 
1747830238.72,4,-156.42,-375.80,0.19,1.17,1.22,-156.42,-375.80,0.00,0.01,-1.01 
1747830238.72,5,-130.93,-405.24,0.22,1.38,0.04,-130.93,-405.24,0.00,2.16,-5.76 
1747830238.72,3,-211.91,-484.52,0.65,2.21,1.43,-211.91,-484.52,0.00,-0.31,-0.12 
1747830238.91,0,-128.51,-416.91,2.88,6.88,0.90,-128.51,-416.91,0.00,2.31,-4.94 
1747830238.91,4,-156.41,-376.01,0.19,1.17,1.22,-156.41,-376.01,0.00,0.01,-1.01 
1747830238.91,5,-130.49,-406.39,0.22,1.38,0.04,-130.49,-406.39,0.00,2.16,-5.76 
1747830238.91,3,-211.93,-484.61,1.03,1.48,1.00,-211.93,-484.61,0.00,-0.26,-0.19 
1747830239.01,0,-128.23,-417.41,3.22,6.52,0.88,-128.23,-417.41,0.00,2.38,-4.94 
1747830239.01,4,-156.41,-376.11,0.19,1.17,1.22,-156.41,-376.11,0.00,0.01,-1.01 
1747830239.01,5,-130.28,-406.97,0.22,1.38,0.04,-130.28,-406.97,0.00,2.16,-5.76 
1747830239.01,3,-211.98,-484.57,1.67,0.58,0.11,-211.98,-484.57,0.00,-0.29,-0.13 
1747830239.11,0,-127.89,-417.86,2.90,6.58,0.88,-127.89,-417.86,0.00,2.51,-4.88 
1747830239.11,4,-156.41,-376.21,0.19,1.17,1.22,-156.41,-376.21,0.00,0.01,-1.01 
1747830239.11,5,-130.06,-407.54,0.22,1.38,0.04,-130.06,-407.54,0.00,2.16,-5.76 
1747830239.11,3,-211.96,-484.63,2.11,0.54,0.03,-211.96,-484.63,0.00,-0.22,-0.18 
1747830239.21,0,-127.72,-418.22,2.91,7.89,0.99,-127.72,-418.22,0.00,2.40,-4.72 
1747830239.21,4,-156.41,-376.31,0.19,1.17,1.22,-156.41,-376.31,0.00,0.01,-1.01 
1747830239.21,5,-129.85,-408.12,0.22,1.38,0.04,-129.85,-408.12,0.00,2.16,-5.76 
1747830239.21,3,-211.94,-484.65,0.43,1.96,1.54,-211.94,-484.65,0.00,-0.17,-0.18 
1747830239.31,0,-127.45,-418.62,2.93,6.86,0.93,-127.45,-418.62,0.00,2.44,-4.62 
1747830239.31,4,-156.41,-376.41,0.19,1.17,1.22,-156.41,-376.41,0.00,0.01,-1.01 
1747830239.31,5,-129.63,-408.69,0.22,1.38,0.04,-129.63,-408.69,0.00,2.16,-5.76 
1747830239.31,3,-211.90,-484.68,1.81,0.40,0.03,-211.90,-484.68,0.00,-0.10,-0.20 
1747830239.41,0,-127.43,-418.85,2.72,7.94,0.92,-127.43,-418.85,0.00,2.15,-4.32 
1747830239.41,4,-156.41,-376.51,0.19,1.17,1.22,-156.41,-376.51,0.00,0.01,-1.01 
1747830239.41,5,-129.42,-409.27,0.22,1.38,0.04,-129.42,-409.27,0.00,2.16,-5.76 
1747830239.51,0,-127.25,-419.20,2.63,8.28,0.90,-127.25,-419.20,0.00,2.10,-4.22 
1747830239.51,4,-156.41,-376.61,0.19,1.17,1.22,-156.41,-376.61,0.00,0.01,-1.01 
1747830239.51,5,-129.20,-409.85,0.22,1.38,0.04,-129.20,-409.85,0.00,2.16,-5.76 
1747830239.51,3,-211.71,-484.70,0.48,2.27,1.24,-211.71,-484.70,0.00,0.15,-0.19 
1747830239.82,0,-126.25,-420.68,2.39,4.27,0.58,-126.25,-420.68,0.00,2.51,-4.45 
1747830239.82,4,-156.41,-376.92,0.19,1.17,1.22,-156.41,-376.92,0.00,0.01,-1.01 
1747830239.82,5,-128.55,-411.58,0.22,1.38,0.04,-128.55,-411.58,0.00,2.16,-5.76 
1747830240.12,0,-125.21,-422.19,2.14,7.21,0.53,-125.21,-422.19,0.00,2.82,-4.65 
1747830240.12,5,-127.91,-413.31,0.22,1.38,0.04,-127.91,-413.31,0.00,2.16,-5.76 
1747830240.22,0,-124.89,-422.75,2.71,6.30,0.98,-124.89,-422.75,0.00,2.87,-4.76 
1747830240.22,5,-127.69,-413.88,0.22,1.38,0.04,-127.69,-413.88,0.00,2.16,-5.76 
1747830240.22,3,-211.73,-484.86,0.71,2.05,1.18,-211.73,-484.86,0.00,0.05,-0.22 
1747830240.42,0,-124.46,-423.63,2.42,5.69,0.17,-124.46,-423.63,0.00,2.70,-4.67 
1747830240.42,5,-127.26,-415.04,0.22,1.38,0.04,-127.26,-415.04,0.00,2.16,-5.76 
1747830240.52,0,-124.14,-424.18,1.63,6.75,0.50,-124.14,-424.18,0.00,2.75,-4.77 
1747830240.52,5,-127.04,-415.61,0.22,1.38,0.04,-127.04,-415.61,0.00,2.16,-5.76 
1747830240.52,3,-211.90,-484.84,0.85,2.02,1.04,-211.90,-484.84,0.00,-0.16,-0.13 
1747830240.62,0,-123.89,-424.64,1.72,6.90,0.54,-123.89,-424.64,0.00,2.72,-4.75 
1747830240.62,5,-126.83,-416.19,0.22,1.38,0.04,-126.83,-416.19,0.00,2.16,-5.76 
1747830240.62,3,-211.94,-484.87,0.88,1.84,0.91,-211.94,-484.87,0.00,-0.20,-0.15 
1747830240.72,0,-123.63,-425.19,2.55,6.55,0.77,-123.63,-425.19,0.00,2.70,-4.85 
1747830240.72,5,-126.61,-416.77,0.22,1.38,0.04,-126.61,-416.77,0.00,2.16,-5.76 
1747830240.72,3,-212.03,-484.82,0.75,2.18,1.33,-212.03,-484.82,0.00,-0.28,-0.07 
1747830240.82,0,-123.40,-425.73,3.12,5.96,0.92,-123.40,-425.73,0.00,2.65,-4.92 
1747830240.82,5,-126.40,-417.34,0.22,1.38,0.04,-126.40,-417.34,0.00,2.16,-5.76 
1747830240.82,3,-212.07,-484.78,0.60,1.83,1.36,-212.07,-484.78,0.00,-0.30,-0.01 
1747830240.92,0,-123.13,-426.19,1.87,6.72,0.56,-123.13,-426.19,0.00,2.66,-4.88 
1747830240.92,5,-126.18,-417.92,0.22,1.38,0.04,-126.18,-417.92,0.00,2.16,-5.76 
1747830240.92,3,-212.11,-484.79,0.46,1.71,1.39,-212.11,-484.79,0.00,-0.31,-0.02 
1747830241.02,0,-123.06,-426.55,2.54,6.29,0.94,-123.06,-426.55,0.00,2.41,-4.71 
1747830241.02,5,-125.97,-418.50,0.22,1.38,0.04,-125.97,-418.50,0.00,2.16,-5.76 
1747830241.02,3,-212.09,-484.84,0.51,1.90,1.24,-212.09,-484.84,0.00,-0.25,-0.08 
1747830241.12,0,-122.79,-426.90,2.02,5.97,0.36,-122.79,-426.90,0.00,2.45,-4.56 
1747830241.12,5,-125.75,-419.07,0.22,1.38,0.04,-125.75,-419.07,0.00,2.16,-5.76 
1747830241.12,3,-212.03,-485.01,0.62,2.01,0.39,-212.03,-485.01,0.00,-0.14,-0.29 
1747830241.31,0,-122.30,-427.87,2.91,6.49,0.90,-122.30,-427.87,0.00,2.45,-4.63 
1747830241.31,5,-125.32,-420.22,0.22,1.38,0.04,-125.32,-420.22,0.00,2.16,-5.76 
1747830241.31,3,-211.94,-485.12,0.48,2.55,1.28,-211.94,-485.12,0.00,0.00,-0.35 
1747830241.41,0,-122.05,-428.32,3.00,6.27,0.97,-122.05,-428.32,0.00,2.45,-4.61 
1747830241.41,5,-125.10,-420.80,0.22,1.38,0.04,-125.10,-420.80,0.00,2.16,-5.76 
1747830241.41,3,-211.90,-485.10,0.75,1.77,1.32,-211.90,-485.10,0.00,0.05,-0.29 
1747830241.51,0,-121.75,-428.78,5.56,4.34,1.51,-121.75,-428.78,0.00,2.53,-4.61 
1747830241.51,5,-124.89,-421.38,0.22,1.38,0.04,-124.89,-421.38,0.00,2.16,-5.76 
1747830241.51,3,-211.92,-485.11,0.53,1.59,1.46,-211.92,-485.11,0.00,0.02,-0.25 
1747830241.61,0,-121.54,-429.32,3.39,6.42,0.85,-121.54,-429.32,0.00,2.47,-4.72 
1747830241.61,5,-124.67,-421.95,0.22,1.38,0.04,-124.67,-421.95,0.00,2.16,-5.76 
1747830241.61,3,-211.92,-485.12,0.53,1.87,1.18,-211.92,-485.12,0.00,0.02,-0.24 
1747830241.82,0,-121.19,-430.27,3.84,6.91,0.32,-121.19,-430.27,0.00,2.29,-4.72 
1747830241.82,3,-211.91,-485.17,0.60,1.81,1.10,-211.91,-485.17,0.00,0.02,-0.24 
1747830242.12,0,-120.45,-431.74,2.76,6.71,0.86,-120.45,-431.74,0.00,2.36,-4.78 
1747830242.12,3,-211.91,-485.21,0.38,1.65,1.26,-211.91,-485.21,0.00,0.02,-0.21 
1747830242.32,0,-120.17,-432.72,3.95,6.66,0.29,-120.17,-432.72,0.00,2.13,-4.81 
1747830242.32,3,-211.85,-485.31,0.56,2.04,1.11,-211.85,-485.31,0.00,0.08,-0.28 
1747830242.42,0,-120.13,-433.22,4.27,6.53,0.32,-120.13,-433.22,0.00,1.92,-4.83 
1747830242.42,3,-211.90,-485.35,0.93,1.98,0.94,-211.90,-485.35,0.00,0.01,-0.29 
1747830242.52,0,-119.91,-433.58,3.07,4.96,0.93,-119.91,-433.58,0.00,1.96,-4.68 
1747830242.52,3,-211.94,-485.31,0.58,1.56,1.31,-211.94,-485.31,0.00,-0.04,-0.21 
1747830242.62,0,-119.55,-433.93,2.77,5.78,0.51,-119.55,-433.93,0.00,2.17,-4.52 
1747830242.62,3,-212.01,-485.31,0.57,2.23,1.21,-212.01,-485.31,0.00,-0.12,-0.18 
1747830242.72,0,-119.16,-434.50,2.58,7.40,0.50,-119.16,-434.50,0.00,2.39,-4.67 
1747830242.72,3,-211.99,-485.34,0.51,1.73,1.20,-211.99,-485.34,0.00,-0.09,-0.18 
1747830242.82,0,-118.89,-435.06,2.77,6.60,0.34,-118.89,-435.06,0.00,2.44,-4.80 
1747830242.92,0,-118.39,-435.70,2.73,6.15,1.02,-118.39,-435.70,0.00,2.76,-5.01 
1747830242.92,3,-211.97,-485.43,0.52,1.84,1.00,-211.97,-485.43,0.00,-0.03,-0.26 
1747830243.21,0,-117.38,-437.48,2.35,5.72,0.50,-117.38,-437.48,0.00,2.96,-5.30 
1747830243.21,3,-212.00,-485.46,0.50,1.80,1.30,-212.00,-485.46,0.00,-0.06,-0.21 
1747830243.41,0,-116.60,-438.55,2.89,4.78,0.96,-116.60,-438.55,0.00,3.18,-5.32 
1747830243.52,0,-116.20,-439.13,1.94,5.03,0.59,-116.20,-439.13,0.00,3.28,-5.37 
1747830243.52,3,-211.98,-485.53,0.65,2.24,1.11,-211.98,-485.53,0.00,-0.01,-0.23 
1747830243.72,0,-115.56,-440.16,1.75,4.87,0.55,-115.56,-440.16,0.00,3.27,-5.33 
1747830243.72,3,-212.01,-485.59,0.53,1.60,1.31,-212.01,-485.59,0.00,-0.03,-0.25 
1747830243.82,0,-115.46,-440.57,3.34,4.06,0.16,-115.46,-440.57,0.00,2.98,-5.17 
1747830243.92,0,-115.33,-441.05,2.22,3.59,0.02,-115.33,-441.05,0.00,2.77,-5.12 
1747830243.92,3,-211.97,-485.61,0.45,1.74,1.13,-211.97,-485.61,0.00,0.02,-0.21 
1747830244.12,0,-114.84,-442.04,3.29,4.68,1.25,-114.84,-442.04,0.00,2.69,-5.08 
1747830244.12,3,-211.95,-485.70,0.55,1.78,0.95,-211.95,-485.70,0.00,0.04,-0.27 
1747830244.32,0,-114.22,-443.07,2.41,4.67,0.81,-114.22,-443.07,0.00,2.79,-5.09 
1747830244.32,3,-211.97,-485.75,0.53,2.02,1.18,-211.97,-485.75,0.00,0.01,-0.27 
1747830244.42,0,-114.03,-443.49,2.03,5.65,0.49,-114.03,-443.49,0.00,2.69,-4.99 
1747830244.42,3,-212.00,-485.73,0.48,2.06,1.06,-212.00,-485.73,0.00,-0.04,-0.21 
1747830244.52,0,-113.89,-444.04,3.29,4.68,0.23,-113.89,-444.04,0.00,2.51,-5.05 
1747830244.52,3,-211.99,-485.79,0.62,1.94,0.97,-211.99,-485.79,0.00,-0.02,-0.26 
1747830244.61,0,-113.67,-444.53,3.74,3.61,1.40,-113.67,-444.53,0.00,2.49,-5.04 
1747830244.61,3,-212.06,-485.76,0.60,2.11,1.24,-212.06,-485.76,0.00,-0.10,-0.19 
1747830244.81,0,-113.50,-445.36,3.64,4.43,1.40,-113.50,-445.36,0.00,2.09,-4.82 
1747830244.81,3,-212.01,-485.88,0.60,2.45,0.84,-212.01,-485.88,0.00,-0.02,-0.28 
1747830244.91,0,-113.37,-445.99,3.52,4.96,0.33,-113.37,-445.99,0.00,2.00,-5.00 
1747830244.91,3,-212.03,-485.88,0.56,1.80,1.15,-212.03,-485.88,0.00,-0.04,-0.25 
1747830245.11,0,-112.68,-446.96,3.36,5.18,0.90,-112.68,-446.96,0.00,2.34,-4.96 
1747830245.11,3,-212.10,-485.89,0.38,1.93,1.20,-212.10,-485.89,0.00,-0.11,-0.21 
1747830245.21,0,-112.39,-447.44,2.15,4.56,0.30,-112.39,-447.44,0.00,2.40,-4.95 
1747830245.31,0,-112.10,-447.99,2.21,4.84,0.30,-112.10,-447.99,0.00,2.47,-5.01 
1747830245.51,0,-111.50,-448.96,2.14,4.54,0.55,-111.50,-448.96,0.00,2.60,-4.98 
1747830245.51,3,-212.03,-486.11,0.58,1.13,1.11,-212.03,-486.11,0.00,0.02,-0.38 
1747830245.61,0,-111.24,-449.38,3.31,4.24,1.11,-111.24,-449.38,0.00,2.60,-4.88 
1747830245.61,3,-212.06,-486.07,0.60,1.39,1.03,-212.06,-486.07,0.00,-0.03,-0.28 
1747830245.91,0,-110.48,-450.80,3.19,4.09,1.19,-110.48,-450.80,0.00,2.58,-4.83 
1747830245.91,3,-211.99,-486.15,0.37,1.26,0.56,-211.99,-486.15,0.00,0.06,-0.28 
1747830246.11,0,-110.08,-451.89,2.74,4.73,0.25,-110.08,-451.89,0.00,2.44,-4.98 
1747830246.11,3,-212.06,-486.14,0.40,1.92,1.01,-212.06,-486.14,0.00,-0.04,-0.20 
1747830246.51,0,-108.93,-453.89,2.99,4.13,1.03,-108.93,-453.89,0.00,2.61,-4.99 
1747830246.51,3,-211.99,-486.28,0.26,1.59,0.60,-211.99,-486.28,0.00,0.05,-0.26 
1747830246.61,0,-108.62,-454.37,2.63,4.05,0.87,-108.62,-454.37,0.00,2.66,-4.96 
1747830246.81,0,-108.31,-455.46,3.00,4.26,0.22,-108.31,-455.46,0.00,2.39,-5.09 
1747830246.81,3,-211.97,-486.33,0.18,1.63,0.48,-211.97,-486.33,0.00,0.07,-0.26 
1747830247.21,0,-107.58,-457.15,3.31,2.47,1.16,-107.58,-457.15,0.00,2.15,-4.73 
1747830247.21,3,-211.92,-486.45,0.09,0.88,0.48,-211.92,-486.45,0.00,0.09,-0.27 
1747830247.31,0,-107.14,-457.72,3.00,4.23,1.12,-107.14,-457.72,0.00,2.41,-4.84 
1747830247.31,3,-211.95,-486.47,0.12,0.91,0.58,-211.95,-486.47,0.00,0.04,-0.27 
1747830247.41,0,-106.81,-458.39,3.77,4.01,0.96,-106.81,-458.39,0.00,2.53,-5.08 
1747830247.51,0,-106.52,-458.92,1.81,4.06,0.54,-106.52,-458.92,0.00,2.57,-5.11 
1747830247.61,0,-106.24,-459.51,3.45,3.67,0.92,-106.24,-459.51,0.00,2.61,-5.22 
1747830247.61,3,-212.01,-486.52,0.19,1.53,0.35,-212.01,-486.52,0.00,-0.03,-0.26 
1747830247.71,0,-106.00,-460.01,1.73,3.74,0.48,-106.00,-460.01,0.00,2.58,-5.19 
1747830247.71,3,-212.04,-486.51,0.29,1.69,0.85,-212.04,-486.51,0.00,-0.07,-0.22 
1747830247.81,0,-105.74,-460.46,3.66,3.46,1.20,-105.74,-460.46,0.00,2.58,-5.09 
1747830247.81,3,-212.02,-486.58,0.12,1.38,0.52,-212.02,-486.58,0.00,-0.03,-0.28 
1747830247.91,0,-105.43,-461.00,2.90,3.66,0.97,-105.43,-461.00,0.00,2.66,-5.13 
1747830248.01,0,-105.37,-461.54,3.73,4.12,0.23,-105.37,-461.54,0.00,2.38,-5.17 
1747830248.11,0,-105.06,-462.13,1.83,4.49,0.53,-105.06,-462.13,0.00,2.47,-5.26 
1747830248.21,0,-104.92,-462.49,3.36,2.58,1.08,-104.92,-462.49,0.00,2.33,-5.05 
1747830248.31,0,-104.64,-463.08,3.54,3.80,0.94,-104.64,-463.08,0.00,2.40,-5.16 
1747830248.41,0,-104.34,-463.59,3.17,3.51,0.96,-104.34,-463.59,0.00,2.47,-5.15 
1747830248.71,0,-103.71,-465.18,1.94,3.87,0.30,-103.71,-465.18,0.00,2.36,-5.19 
1747830248.71,3,-212.21,-486.61,0.24,1.47,0.56,-212.21,-486.61,0.00,-0.15,-0.14 
1747830248.81,0,-103.57,-465.52,3.58,2.14,1.17,-103.57,-465.52,0.00,2.24,-4.99 
1747830248.81,3,-212.24,-486.64,0.38,1.77,0.28,-212.24,-486.64,0.00,-0.17,-0.15 
1747830248.91,0,-103.21,-466.06,3.09,3.91,1.05,-103.21,-466.06,0.00,2.41,-5.05 
1747830248.91,3,-212.24,-486.66,0.16,1.25,0.66,-212.24,-486.66,0.00,-0.15,-0.17 
1747830249.01,0,-102.90,-466.62,2.95,3.62,0.94,-102.90,-466.62,0.00,2.49,-5.11 
1747830249.01,3,-212.25,-486.67,0.20,1.29,0.55,-212.25,-486.67,0.00,-0.14,-0.15 
1747830249.11,0,-102.73,-467.18,2.04,4.17,0.22,-102.73,-467.18,0.00,2.40,-5.18 
1747830249.11,3,-212.27,-486.68,0.21,1.45,0.65,-212.27,-486.68,0.00,-0.15,-0.15 
1747830249.31,0,-102.33,-468.25,1.84,3.78,0.28,-102.33,-468.25,0.00,2.30,-5.22 
1747830249.31,3,-212.31,-486.77,0.27,1.51,0.49,-212.31,-486.77,0.00,-0.16,-0.22 
1747830249.41,0,-102.12,-468.81,1.74,3.90,0.30,-102.12,-468.81,0.00,2.27,-5.27 
1747830249.41,3,-212.28,-486.82,0.21,1.05,0.42,-212.28,-486.82,0.00,-0.11,-0.26 
1747830249.51,0,-101.89,-469.36,1.61,3.87,0.22,-101.89,-469.36,0.00,2.27,-5.30 
1747830249.51,3,-212.24,-486.90,0.22,1.48,0.45,-212.24,-486.90,0.00,-0.05,-0.32 
1747830249.61,0,-101.66,-469.87,1.69,3.95,0.40,-101.66,-469.87,0.00,2.27,-5.27 
1747830249.61,3,-212.23,-486.94,0.13,0.94,0.43,-212.23,-486.94,0.00,-0.03,-0.33 
1747830249.71,0,-101.45,-470.44,1.62,3.93,0.31,-101.45,-470.44,0.00,2.26,-5.32 
1747830249.71,3,-212.23,-487.00,0.15,1.02,0.45,-212.23,-487.00,0.00,-0.02,-0.37 
1747830249.81,0,-101.25,-470.97,1.67,3.79,0.32,-101.25,-470.97,0.00,2.23,-5.32 
1747830249.81,3,-212.26,-486.98,0.15,1.25,0.37,-212.26,-486.98,0.00,-0.05,-0.29 
1747830249.91,0,-101.04,-471.54,1.66,3.88,0.31,-101.04,-471.54,0.00,2.21,-5.37 
1747830249.91,3,-212.28,-486.97,0.22,1.41,0.49,-212.28,-486.97,0.00,-0.08,-0.25 
1747830250.01,0,-100.84,-472.07,1.41,3.63,0.31,-100.84,-472.07,0.00,2.19,-5.36 
1747830250.01,3,-212.31,-486.96,0.16,1.75,0.53,-212.31,-486.96,0.00,-0.11,-0.20 
1747830250.11,0,-100.63,-472.59,1.45,3.34,0.28,-100.63,-472.59,0.00,2.17,-5.34 
1747830250.11,3,-212.32,-486.97,0.17,1.43,0.38,-212.32,-486.97,0.00,-0.10,-0.20 
1747830250.61,0,-99.62,-475.28,1.78,3.07,0.23,-99.62,-475.28,0.00,2.11,-5.35 
1747830250.61,3,-212.45,-487.00,0.22,1.50,0.45,-212.45,-487.00,0.00,-0.16,-0.14 
1747830250.71,0,-99.34,-475.88,1.82,3.38,0.26,-99.34,-475.88,0.00,2.19,-5.43 
1747830250.71,3,-212.40,-487.07,0.29,1.38,0.22,-212.40,-487.07,0.00,-0.10,-0.20 
1747830250.81,0,-99.09,-476.32,1.74,4.02,0.26,-99.09,-476.32,0.00,2.22,-5.30 
1747830250.81,3,-212.42,-487.13,0.32,1.55,0.28,-212.42,-487.13,0.00,-0.11,-0.25 
1747830250.91,0,-98.81,-476.69,2.28,3.95,1.15,-98.81,-476.69,0.00,2.30,-5.06 
1747830250.91,3,-212.49,-487.10,0.34,1.75,0.79,-212.49,-487.10,0.00,-0.18,-0.18 
1747830251.01,0,-98.68,-477.05,3.08,1.85,1.21,-98.68,-477.05,0.00,2.17,-4.84 
1747830251.01,3,-212.51,-487.11,0.28,1.57,0.59,-212.51,-487.11,0.00,-0.19,-0.16 
1747830251.21,0,-98.18,-478.12,1.59,4.01,0.28,-98.18,-478.12,0.00,2.25,-4.99 
1747830251.21,3,-212.59,-487.05,0.32,1.80,0.59,-212.59,-487.05,0.00,-0.25,-0.04 
1747830251.31,0,-98.08,-478.68,1.32,2.62,0.04,-98.08,-478.68,0.00,2.09,-5.06 
1747830251.31,3,-212.63,-486.94,0.37,1.66,0.62,-212.63,-486.94,0.00,-0.27,0.12 
1747830251.51,0,-97.60,-479.90,1.54,3.88,0.23,-97.60,-479.90,0.00,2.16,-5.33 
1747830251.51,3,-212.63,-486.93,0.31,0.95,0.25,-212.63,-486.93,0.00,-0.21,0.11 
1747830251.61,0,-97.42,-480.44,1.77,3.57,0.22,-97.42,-480.44,0.00,2.12,-5.34 
1747830251.61,3,-212.69,-486.92,0.35,1.05,0.06,-212.69,-486.92,0.00,-0.25,0.10 
1747830251.91,0,-96.73,-482.18,1.43,3.43,0.21,-96.73,-482.18,0.00,2.18,-5.49 
1747830251.91,3,-212.71,-486.93,0.29,1.31,0.08,-212.71,-486.93,0.00,-0.19,0.06 
1747830252.01,0,-96.50,-482.72,1.42,3.09,0.23,-96.50,-482.72,0.00,2.19,-5.48 
1747830252.01,3,-212.75,-486.89,0.12,1.37,0.51,-212.75,-486.89,0.00,-0.22,0.10 
1747830252.31,0,-95.79,-484.45,1.25,3.67,0.38,-95.79,-484.45,0.00,2.24,-5.57 
1747830252.41,0,-96.17,-484.19,1.36,4.16,0.70,-96.17,-484.19,0.00,1.53,-4.60 
1747830252.71,0,-95.53,-485.78,1.09,2.54,0.02,-95.53,-485.78,0.00,1.73,-4.84 
1747830252.81,0,-95.11,-486.49,1.25,2.80,0.26,-95.11,-486.49,0.00,2.04,-5.11 
1747830252.81,3,-212.78,-487.17,0.18,1.29,0.39,-212.78,-487.17,0.00,-0.10,-0.19 
1747830252.91,0,-94.86,-487.22,1.53,2.94,0.64,-94.86,-487.22,0.00,2.09,-5.39 
1747830252.91,3,-212.79,-487.21,0.27,1.61,0.48,-212.79,-487.21,0.00,-0.10,-0.21 
1747830253.01,0,-94.63,-487.81,1.89,3.07,0.68,-94.63,-487.81,0.00,2.12,-5.46 
1747830253.01,3,-212.78,-487.29,0.24,1.17,0.25,-212.78,-487.29,0.00,-0.08,-0.28 
1747830253.21,0,-94.14,-488.87,1.36,3.09,0.30,-94.14,-488.87,0.00,2.21,-5.42 
1747830253.21,3,-212.85,-487.26,0.27,1.30,0.67,-212.85,-487.26,0.00,-0.14,-0.17 
1747830253.31,0,-93.87,-489.19,2.40,3.28,0.48,-93.87,-489.19,0.00,2.27,-5.13 
1747830253.31,3,-212.85,-487.29,0.11,1.31,0.44,-212.85,-487.29,0.00,-0.13,-0.20 
1747830253.41,0,-93.61,-489.59,2.15,5.08,0.43,-93.61,-489.59,0.00,2.31,-4.99 
1747830253.41,3,-212.85,-487.32,0.19,0.96,0.44,-212.85,-487.32,0.00,-0.11,-0.21 
1747830253.51,0,-93.84,-489.71,2.39,5.78,0.64,-93.84,-489.71,0.00,1.72,-4.50 
1747830253.51,3,-212.86,-487.37,0.20,1.10,0.41,-212.86,-487.37,0.00,-0.11,-0.25 
1747830253.61,0,-93.51,-490.34,2.05,4.56,0.23,-93.51,-490.34,0.00,1.92,-4.74 
1747830253.61,3,-212.86,-487.41,0.17,1.57,0.28,-212.86,-487.41,0.00,-0.10,-0.27 
1747830253.71,0,-93.16,-491.03,1.94,4.60,0.26,-93.16,-491.03,0.00,2.12,-5.00 
1747830253.71,3,-212.86,-487.47,0.15,1.14,0.28,-212.86,-487.47,0.00,-0.08,-0.30 
1747830253.81,0,-92.88,-491.59,1.73,4.26,0.23,-92.88,-491.59,0.00,2.21,-5.09 
1747830253.81,3,-212.89,-487.46,0.17,1.24,0.34,-212.89,-487.46,0.00,-0.11,-0.25 
1747830253.91,0,-92.69,-492.07,2.78,1.56,1.23,-92.69,-492.07,0.00,2.16,-5.04 
1747830253.91,3,-212.89,-487.61,0.20,1.36,0.02,-212.89,-487.61,0.00,-0.10,-0.41 
1747830254.01,0,-92.44,-492.68,1.27,3.87,0.32,-92.44,-492.68,0.00,2.22,-5.18 
1747830254.01,3,-212.93,-487.56,0.23,1.47,0.55,-212.93,-487.56,0.00,-0.14,-0.30 
1747830254.11,0,-92.18,-493.37,1.27,3.88,0.47,-92.18,-493.37,0.00,2.25,-5.38 
1747830254.11,3,-212.90,-487.63,0.31,1.43,0.20,-212.90,-487.63,0.00,-0.08,-0.35 
1747830254.41,0,-92.11,-494.33,1.42,4.28,0.52,-92.11,-494.33,0.00,1.62,-4.70 
1747830254.41,3,-212.94,-487.62,0.14,1.33,0.29,-212.94,-487.62,0.00,-0.10,-0.23 
1747830254.61,0,-91.57,-495.63,1.48,4.59,0.34,-91.57,-495.63,0.00,1.87,-5.11 
1747830254.61,3,-213.05,-487.56,0.17,1.41,0.56,-213.05,-487.56,0.00,-0.20,-0.10 
1747830254.81,0,-91.08,-496.80,1.78,4.29,0.22,-91.08,-496.80,0.00,2.00,-5.28 
1747830254.81,3,-213.09,-487.71,0.49,1.18,1.34,-213.09,-487.71,0.00,-0.20,-0.26 
1747830254.91,0,-90.74,-497.74,1.35,3.71,0.64,-90.74,-497.74,0.00,2.18,-5.80 
1747830254.91,3,-213.11,-487.73,1.29,0.23,1.34,-213.11,-487.73,0.00,-0.20,-0.26 
1747830255.01,0,-90.50,-498.35,1.53,3.42,0.20,-90.50,-498.35,0.00,2.21,-5.84 
1747830255.01,3,-213.13,-487.76,1.29,0.23,1.34,-213.13,-487.76,0.00,-0.20,-0.26 
1747830255.11,0,-90.25,-498.97,1.45,3.30,0.23,-90.25,-498.97,0.00,2.25,-5.88 
1747830255.21,0,-90.05,-499.54,1.31,3.26,0.35,-90.05,-499.54,0.00,2.21,-5.86 
1747830255.31,0,-89.86,-500.13,1.29,3.08,0.38,-89.86,-500.13,0.00,2.18,-5.87 
1747830255.41,0,-89.68,-500.67,1.31,3.44,0.34,-89.68,-500.67,0.00,2.12,-5.81 
1747830255.51,0,-89.53,-501.19,1.11,3.29,0.34,-89.53,-501.19,0.00,2.04,-5.72 
1747830255.61,0,-89.34,-501.72,1.21,3.39,0.35,-89.34,-501.72,0.00,2.03,-5.67 
1747830255.81,0,-88.95,-502.82,1.02,3.07,0.44,-88.95,-502.82,0.00,2.01,-5.63 
1747830255.91,0,-88.77,-503.35,1.19,3.31,0.35,-88.77,-503.35,0.00,1.99,-5.59 
1747830255.91,3,-213.20,-487.77,0.28,0.94,1.39,-213.20,-487.77,0.00,-0.13,-0.19 
1747830256.01,0,-88.56,-504.04,1.30,2.52,0.60,-88.56,-504.04,0.00,1.99,-5.76 
1747830256.21,0,-88.25,-505.14,1.21,3.22,0.47,-88.25,-505.14,0.00,1.90,-5.69 
1747830256.41,0,-87.91,-506.14,1.12,3.67,0.36,-87.91,-506.14,0.00,1.84,-5.53 
1747830256.41,3,-213.31,-487.54,0.16,1.62,0.23,-213.31,-487.54,0.00,-0.18,0.15 
1747830256.51,0,-87.74,-506.64,1.09,3.36,0.37,-87.74,-506.64,0.00,1.83,-5.47 
1747830256.61,0,-87.64,-507.10,1.06,3.51,0.18,-87.64,-507.10,0.00,1.72,-5.37 
1747830256.91,0,-87.13,-508.66,0.99,3.30,0.30,-87.13,-508.66,0.00,1.72,-5.31 
1747830257.01,0,-86.98,-509.18,0.99,2.88,0.41,-86.98,-509.18,0.00,1.70,-5.29 
1747830257.11,0,-87.12,-509.11,1.21,2.98,1.23,-87.12,-509.11,0.00,1.30,-4.55 
1747830257.21,0,-86.97,-509.59,0.60,2.34,0.09,-86.97,-509.59,0.00,1.33,-4.58 
1747830257.21,3,-213.40,-487.49,0.31,2.14,0.46,-213.40,-487.49,0.00,-0.21,0.18 
1747830257.31,0,-86.80,-510.11,0.64,2.41,0.09,-86.80,-510.11,0.00,1.38,-4.66 
1747830257.31,3,-213.47,-487.47,0.49,1.74,0.26,-213.47,-487.47,0.00,-0.27,0.19 
1747830257.61,0,-86.26,-511.77,0.72,2.68,0.34,-86.26,-511.77,0.00,1.53,-4.96 
1747830257.61,3,-213.60,-487.35,0.39,1.63,0.39,-213.60,-487.35,0.00,-0.32,0.26 
1747830257.91,0,-86.00,-513.10,0.88,2.80,1.26,-86.00,-513.10,0.00,1.30,-4.79 
1747830258.01,0,-85.75,-513.68,0.82,2.46,0.04,-85.75,-513.68,0.00,1.44,-4.90 
1747830258.01,3,-213.64,-487.45,0.56,1.91,0.36,-213.64,-487.45,0.00,-0.25,0.07 
1747830258.21,0,-85.20,-515.24,1.01,3.73,0.63,-85.20,-515.24,0.00,1.77,-5.62 
1747830258.21,3,-213.67,-487.53,0.23,1.31,0.10,-213.67,-487.53,0.00,-0.22,-0.05 
1747830258.41,0,-84.74,-516.45,1.14,3.22,0.45,-84.74,-516.45,0.00,1.90,-5.73 
1747830258.41,3,-213.71,-487.54,0.17,1.01,0.10,-213.71,-487.54,0.00,-0.22,-0.05 
1747830258.51,0,-84.59,-516.92,0.71,2.65,0.02,-84.59,-516.92,0.00,1.85,-5.59 
1747830258.51,3,-213.73,-487.54,0.17,1.01,0.10,-213.73,-487.54,0.00,-0.22,-0.05 
1747830258.61,0,-84.34,-517.50,0.83,2.80,0.34,-84.34,-517.50,0.00,1.93,-5.62 
1747830258.61,3,-213.88,-487.32,0.12,2.10,0.53,-213.88,-487.32,0.00,-0.36,0.20 
1747830258.71,0,-84.10,-518.05,1.01,2.91,0.16,-84.10,-518.05,0.00,1.99,-5.61 
1747830258.71,3,-213.91,-487.29,0.18,1.67,0.49,-213.91,-487.29,0.00,-0.35,0.22 
1747830258.81,0,-83.93,-518.67,1.01,3.00,0.55,-83.93,-518.67,0.00,1.95,-5.68 
1747830258.81,3,-213.97,-487.22,0.22,1.84,0.56,-213.97,-487.22,0.00,-0.38,0.28 
1747830258.91,0,-83.73,-519.24,0.95,3.10,0.26,-83.73,-519.24,0.00,1.96,-5.68 
1747830258.91,3,-214.01,-487.19,0.25,1.64,0.64,-214.01,-487.19,0.00,-0.38,0.27 
1747830259.01,0,-83.50,-519.95,0.99,2.54,0.56,-83.50,-519.95,0.00,2.00,-5.86 
1747830259.01,3,-214.03,-487.14,0.46,1.40,0.62,-214.03,-487.14,0.00,-0.36,0.30 
1747830259.11,0,-83.32,-520.50,0.99,3.42,0.34,-83.32,-520.50,0.00,1.98,-5.81 
1747830259.11,3,-214.06,-487.11,0.29,1.36,0.62,-214.06,-487.11,0.00,-0.36,0.30 
1747830259.21,0,-83.23,-520.87,0.94,3.69,0.13,-83.23,-520.87,0.00,1.84,-5.55 
1747830259.21,3,-214.01,-487.14,0.34,1.44,0.23,-214.01,-487.14,0.00,-0.26,0.24 
1747830259.21,6,-128.86,-583.49,0.29,1.11,1.39,-128.86,-583.49,0.00,-0.24,0.05 
1747830259.31,0,-83.05,-521.43,0.94,2.89,0.38,-83.05,-521.43,0.00,1.83,-5.56 
1747830259.31,3,-214.04,-487.11,0.25,1.43,0.23,-214.04,-487.11,0.00,-0.26,0.24 
1747830259.31,6,-128.89,-583.48,0.16,0.79,1.39,-128.89,-583.48,0.00,-0.24,0.05 
1747830259.41,0,-82.88,-521.98,0.95,2.94,0.44,-82.88,-521.98,0.00,1.82,-5.55 
1747830259.41,3,-214.06,-487.09,0.25,1.43,0.23,-214.06,-487.09,0.00,-0.26,0.24 
1747830259.41,6,-128.90,-583.48,0.10,0.57,1.30,-128.90,-583.48,0.00,-0.23,0.05 
1747830259.51,0,-82.71,-522.27,1.17,3.08,0.92,-82.71,-522.27,0.00,1.80,-5.22 
1747830259.51,3,-214.09,-487.06,0.25,1.43,0.23,-214.09,-487.06,0.00,-0.26,0.24 
1747830259.61,0,-82.57,-522.86,1.16,3.10,0.57,-82.57,-522.86,0.00,1.76,-5.30 
1747830259.61,3,-213.82,-487.59,0.30,1.52,0.81,-213.82,-487.59,0.00,0.05,-0.33 
1747830259.71,0,-82.34,-523.56,1.10,2.98,0.61,-82.34,-523.56,0.00,1.82,-5.51 
1747830259.71,3,-213.82,-487.62,0.37,1.56,0.81,-213.82,-487.62,0.00,0.05,-0.33 
1747830259.81,0,-82.16,-524.07,1.12,3.43,0.31,-82.16,-524.07,0.00,1.81,-5.46 
1747830259.81,3,-213.95,-487.51,0.42,1.70,0.25,-213.95,-487.51,0.00,-0.09,-0.19 
1747830259.91,0,-81.90,-524.75,0.18,3.37,0.56,-81.90,-524.75,0.00,1.91,-5.63 
1747830259.91,3,-213.91,-487.64,0.17,0.86,0.17,-213.91,-487.64,0.00,-0.04,-0.29 
1747830260.21,0,-81.41,-526.36,0.25,3.40,0.38,-81.41,-526.36,0.00,1.83,-5.54 
1747830260.21,3,-213.91,-487.71,0.74,0.05,1.51,-213.91,-487.71,0.00,-0.03,-0.28 
1747830260.31,0,-81.26,-526.84,0.35,3.42,0.19,-81.26,-526.84,0.00,1.79,-5.46 
1747830260.31,3,-213.92,-487.74,0.69,0.04,1.51,-213.92,-487.74,0.00,-0.03,-0.28 
1747830260.31,6,-129.04,-583.51,0.31,0.95,1.26,-129.04,-583.51,0.00,-0.21,-0.00 
1747830260.41,0,-81.05,-527.49,0.79,2.30,0.60,-81.05,-527.49,0.00,1.82,-5.59 
1747830260.41,3,-213.92,-487.76,0.69,0.04,1.51,-213.92,-487.76,0.00,-0.03,-0.28 
1747830260.41,6,-129.06,-583.50,0.24,0.75,1.26,-129.06,-583.50,0.00,-0.21,0.01 
1747830260.51,0,-80.83,-528.15,0.75,2.26,0.65,-80.83,-528.15,0.00,1.87,-5.71 
1747830260.51,3,-214.09,-487.58,0.68,0.06,0.53,-214.09,-487.58,0.00,-0.22,-0.05 
1747830260.61,0,-80.63,-528.75,0.60,1.89,0.64,-80.63,-528.75,0.00,1.89,-5.76 
1747830260.61,3,-214.09,-487.64,0.71,0.08,1.47,-214.09,-487.64,0.00,-0.19,-0.10 
1747830260.71,0,-80.46,-529.19,0.65,2.21,0.36,-80.46,-529.19,0.00,1.86,-5.58 
1747830260.71,3,-214.10,-487.65,0.73,0.10,1.47,-214.10,-487.65,0.00,-0.19,-0.10 
1747830260.81,0,-80.31,-529.81,1.09,1.99,0.66,-80.31,-529.81,0.00,1.82,-5.67 
1747830260.81,3,-214.12,-487.66,0.73,0.10,1.47,-214.12,-487.66,0.00,-0.19,-0.10 
1747830260.81,6,-129.13,-583.49,0.23,0.89,1.08,-129.13,-583.49,0.00,-0.21,0.02 
1747830260.91,0,-80.16,-530.27,0.71,3.80,0.37,-80.16,-530.27,0.00,1.78,-5.52 
1747830260.91,3,-214.14,-487.67,0.73,0.10,1.47,-214.14,-487.67,0.00,-0.19,-0.10 
1747830260.91,6,-129.19,-583.49,0.24,0.96,1.16,-129.19,-583.49,0.00,-0.26,0.02 
1747830261.01,0,-80.04,-530.73,1.08,3.96,0.38,-80.04,-530.73,0.00,1.71,-5.40 
1747830261.01,3,-214.16,-487.68,0.73,0.10,1.47,-214.16,-487.68,0.00,-0.19,-0.10 
1747830261.01,6,-129.21,-583.47,0.25,0.71,1.38,-129.21,-583.47,0.00,-0.26,0.04 
1747830261.11,0,-79.91,-531.21,1.18,3.55,0.36,-79.91,-531.21,0.00,1.65,-5.33 
1747830261.11,3,-214.18,-487.69,0.73,0.10,1.47,-214.18,-487.69,0.00,-0.19,-0.10 
1747830261.11,6,-129.25,-583.47,0.21,0.77,1.30,-129.25,-583.47,0.00,-0.27,0.03 
1747830261.31,0,-79.52,-532.22,1.38,2.89,0.36,-79.52,-532.22,0.00,1.72,-5.26 
1747830261.31,6,-129.26,-583.47,0.22,0.87,1.19,-129.26,-583.47,0.00,-0.22,0.02 
1747830261.41,0,-79.46,-532.71,1.23,3.39,0.57,-79.46,-532.71,0.00,1.59,-5.23 
1747830261.41,6,-129.27,-583.45,0.27,0.90,0.90,-129.27,-583.45,0.00,-0.21,0.05 
1747830261.61,0,-79.14,-533.89,0.99,3.80,0.40,-79.14,-533.89,0.00,1.59,-5.36 
1747830261.71,0,-78.98,-534.36,1.03,3.48,0.31,-78.98,-534.36,0.00,1.59,-5.27 
1747830262.11,0,-78.14,-536.70,1.16,4.06,0.36,-78.14,-536.70,0.00,1.77,-5.46 
1747830262.41,0,-77.68,-538.08,0.75,3.86,0.41,-77.68,-538.08,0.00,1.68,-5.17 
1747830262.51,0,-77.70,-538.24,1.13,3.18,0.07,-77.70,-538.24,0.00,1.46,-4.73 
1747830262.61,0,-77.59,-538.77,1.14,3.04,0.38,-77.59,-538.77,0.00,1.41,-4.80 
1747830262.71,0,-77.38,-539.42,0.84,2.69,0.63,-77.38,-539.42,0.00,1.51,-5.04 
1747830262.81,0,-77.33,-539.67,1.35,2.41,1.32,-77.33,-539.67,0.00,1.37,-4.69 
1747830262.91,0,-77.19,-540.28,1.20,3.53,0.47,-77.19,-540.28,0.00,1.38,-4.88 
1747830263.01,0,-77.06,-540.82,1.36,3.33,0.33,-77.06,-540.82,0.00,1.37,-4.95 
1747830263.01,6,-129.55,-583.47,0.42,0.75,1.16,-129.55,-583.47,0.00,-0.23,-0.02 
1747830263.11,0,-76.88,-541.32,0.74,2.87,0.37,-76.88,-541.32,0.00,1.42,-4.96 
1747830263.11,6,-129.56,-583.43,0.48,0.88,1.17,-129.56,-583.43,0.00,-0.22,0.03 
1747830263.21,0,-76.73,-541.89,1.03,3.19,0.45,-76.73,-541.89,0.00,1.43,-5.05 
1747830263.21,6,-129.58,-583.42,0.24,1.09,0.97,-129.58,-583.42,0.00,-0.22,0.05 
1747830263.31,0,-76.58,-542.32,1.57,3.86,0.18,-76.58,-542.32,0.00,1.44,-4.96 
1747830263.31,6,-129.58,-583.40,0.39,1.11,1.09,-129.58,-583.40,0.00,-0.19,0.07 
1747830263.41,0,-76.36,-543.02,1.17,3.11,0.60,-76.36,-543.02,0.00,1.53,-5.22 
1747830263.41,6,-129.63,-583.39,0.34,0.93,0.91,-129.63,-583.39,0.00,-0.23,0.08 
1747830263.51,0,-76.17,-543.73,1.19,3.10,0.64,-76.17,-543.73,0.00,1.58,-5.45 
1747830263.51,6,-129.65,-583.39,0.24,0.87,0.90,-129.65,-583.39,0.00,-0.22,0.07 
1747830263.61,0,-75.98,-544.39,1.05,2.51,0.65,-75.98,-544.39,0.00,1.62,-5.59 
1747830263.61,6,-129.68,-583.37,0.22,0.89,1.12,-129.68,-583.37,0.00,-0.23,0.07 
1747830263.71,0,-75.84,-544.95,0.88,2.84,0.60,-75.84,-544.95,0.00,1.59,-5.58 
1747830263.71,6,-129.69,-583.40,0.28,0.90,1.04,-129.69,-583.40,0.00,-0.22,0.03 
1747830264.11,0,-75.15,-547.34,0.82,2.24,0.65,-75.15,-547.34,0.00,1.64,-5.73 
1747830264.11,6,-129.78,-583.39,0.16,0.80,1.08,-129.78,-583.39,0.00,-0.22,0.03 
1747830264.31,0,-74.76,-548.17,0.93,2.49,0.40,-74.76,-548.17,0.00,1.71,-5.37 
1747830264.41,0,-74.62,-548.57,0.98,3.37,0.59,-74.62,-548.57,0.00,1.67,-5.19 
1747830264.51,0,-74.43,-548.97,1.23,3.37,0.41,-74.43,-548.97,0.00,1.70,-5.05 
1747830264.61,0,-74.36,-549.17,0.90,3.16,0.06,-74.36,-549.17,0.00,1.57,-4.63 
1747830264.71,0,-74.08,-549.84,0.90,3.01,0.67,-74.08,-549.84,0.00,1.74,-4.91 
1747830264.71,6,-129.51,-583.62,0.40,1.08,1.11,-129.51,-583.62,0.00,0.14,-0.19 
1747830264.81,0,-73.83,-550.48,0.88,2.73,0.70,-73.83,-550.48,0.00,1.84,-5.11 
1747830265.01,0,-73.58,-551.29,0.85,3.25,0.12,-73.58,-551.29,0.00,1.69,-4.84 
1747830265.11,0,-73.42,-551.77,0.93,2.89,0.42,-73.42,-551.77,0.00,1.67,-4.84 
1747830265.41,0,-72.92,-553.26,0.95,3.04,0.37,-72.92,-553.26,0.00,1.68,-4.88 
1747830265.41,6,-129.81,-583.45,0.31,1.35,1.09,-129.81,-583.45,0.00,-0.22,0.07 
1747830265.71,0,-72.53,-554.66,0.75,2.61,0.08,-72.53,-554.66,0.00,1.55,-4.81 
1747830265.71,6,-129.92,-583.46,0.58,1.12,1.27,-129.92,-583.46,0.00,-0.27,0.04 
1747830265.91,0,-72.12,-555.82,0.84,3.38,0.45,-72.12,-555.82,0.00,1.67,-5.04 
1747830265.91,6,-129.98,-583.46,0.31,1.24,0.93,-129.98,-583.46,0.00,-0.28,0.03 
1747830266.21,0,-71.51,-557.32,1.10,3.18,0.41,-71.51,-557.32,0.00,1.79,-5.02 
1747830266.21,6,-130.04,-583.44,0.35,1.08,0.98,-130.04,-583.44,0.00,-0.25,0.05 
1747830266.31,0,-71.28,-557.93,0.79,3.19,0.46,-71.28,-557.93,0.00,1.85,-5.15 
1747830266.31,6,-130.05,-583.47,0.33,1.00,0.98,-130.05,-583.47,0.00,-0.23,0.00 
1747830266.41,0,-71.08,-558.43,0.97,2.91,0.40,-71.08,-558.43,0.00,1.87,-5.14 
1747830266.41,6,-130.06,-583.45,0.60,0.81,1.21,-130.06,-583.45,0.00,-0.22,0.02 
1747830266.51,0,-70.82,-558.95,1.07,3.43,0.38,-70.82,-558.95,0.00,1.97,-5.14 
1747830266.61,0,-70.65,-559.47,0.89,2.87,0.62,-70.65,-559.47,0.00,1.93,-5.16 
1747830266.71,0,-70.43,-559.97,0.98,2.87,0.47,-70.43,-559.97,0.00,1.97,-5.13 
1747830266.81,0,-70.25,-560.44,0.87,3.19,0.45,-70.25,-560.44,0.00,1.94,-5.08 
1747830266.91,0,-70.15,-560.75,0.86,2.84,0.10,-70.15,-560.75,0.00,1.83,-4.81 
1747830267.01,0,-69.92,-561.25,1.04,3.32,0.40,-69.92,-561.25,0.00,1.88,-4.83 
1747830267.11,0,-69.70,-561.77,1.04,3.41,0.41,-69.70,-561.77,0.00,1.93,-4.89 
1747830267.21,0,-69.50,-562.26,0.91,3.10,0.41,-69.50,-562.26,0.00,1.93,-4.89 
1747830267.21,6,-130.18,-583.52,0.40,1.09,0.82,-130.18,-583.52,0.00,-0.22,-0.02 
1747830267.31,0,-69.43,-562.67,0.88,2.10,0.22,-69.43,-562.67,0.00,1.79,-4.79 
1747830267.31,6,-130.22,-583.48,0.39,1.25,0.72,-130.22,-583.48,0.00,-0.24,0.03 
1747830267.41,0,-69.37,-563.04,1.23,2.15,0.11,-69.37,-563.04,0.00,1.64,-4.66 
1747830267.41,6,-130.26,-583.44,0.41,1.23,0.70,-130.26,-583.44,0.00,-0.26,0.07 
1747830267.51,0,-69.14,-563.59,0.71,3.40,0.48,-69.14,-563.59,0.00,1.72,-4.76 
1747830267.51,6,-130.33,-583.38,0.71,1.42,1.21,-130.33,-583.38,0.00,-0.32,0.14 
1747830267.61,0,-69.04,-563.99,0.97,2.08,0.18,-69.04,-563.99,0.00,1.64,-4.67 
1747830267.61,6,-130.38,-583.35,0.34,1.34,0.82,-130.38,-583.35,0.00,-0.34,0.16 
1747830267.71,0,-68.87,-564.42,0.70,1.81,0.32,-68.87,-564.42,0.00,1.64,-4.63 
1747830267.71,6,-130.40,-583.35,0.32,1.22,0.79,-130.40,-583.35,0.00,-0.32,0.15 
1747830267.81,0,-68.61,-564.98,0.74,2.16,0.47,-68.61,-564.98,0.00,1.76,-4.74 
1747830267.81,6,-130.42,-583.35,0.46,1.05,1.16,-130.42,-583.35,0.00,-0.30,0.13 
1747830268.01,0,-68.18,-566.10,0.78,2.54,0.69,-68.18,-566.10,0.00,1.84,-4.93 
1747830268.01,6,-130.44,-583.34,0.34,1.16,0.85,-130.44,-583.34,0.00,-0.26,0.11 
1747830268.11,0,-67.87,-566.66,0.87,2.81,0.45,-67.87,-566.66,0.00,1.99,-5.01 
1747830268.11,6,-130.42,-583.39,0.34,1.39,0.71,-130.42,-583.39,0.00,-0.20,0.03 
1747830268.31,0,-67.40,-567.77,0.32,3.40,0.66,-67.40,-567.77,0.00,2.08,-5.13 
1747830268.41,0,-67.15,-568.27,0.45,3.36,0.44,-67.15,-568.27,0.00,2.13,-5.12 
1747830268.61,0,-66.70,-569.32,0.57,2.95,0.48,-66.70,-569.32,0.00,2.16,-5.15 
1747830268.71,0,-66.45,-569.88,0.33,3.01,0.65,-66.45,-569.88,0.00,2.20,-5.20 
1747830268.71,6,-130.54,-583.47,0.42,1.14,0.40,-130.54,-583.47,0.00,-0.21,-0.06 
1747830268.91,0,-65.97,-570.94,0.57,2.75,0.67,-65.97,-570.94,0.00,2.25,-5.23 
1747830268.91,6,-130.55,-583.52,0.37,1.28,0.64,-130.55,-583.52,0.00,-0.18,-0.10 
1747830269.01,0,-65.67,-571.56,0.55,2.33,0.79,-65.67,-571.56,0.00,2.34,-5.35 
1747830269.21,0,-65.21,-572.67,0.68,2.05,0.76,-65.21,-572.67,0.00,2.33,-5.40 
1747830269.21,6,-130.62,-583.47,0.41,1.16,0.47,-130.62,-583.47,0.00,-0.20,-0.01 
1747830269.41,0,-64.84,-573.55,0.70,2.47,0.44,-64.84,-573.55,0.00,2.22,-5.16 
1747830269.41,6,-130.72,-583.42,0.45,1.52,0.60,-130.72,-583.42,0.00,-0.27,0.06 
1747830269.51,0,-64.80,-573.71,1.14,2.28,1.52,-64.80,-573.71,0.00,1.99,-4.73 
1747830269.51,6,-130.74,-583.42,0.55,1.12,0.56,-130.74,-583.42,0.00,-0.27,0.04 
1747830269.61,0,-64.54,-574.15,0.90,2.76,0.54,-64.54,-574.15,0.00,2.07,-4.69 
1747830269.61,6,-130.80,-583.46,0.83,1.24,0.85,-130.80,-583.46,0.00,-0.31,-0.01 
1747830269.71,0,-64.27,-574.55,1.37,3.23,0.45,-64.27,-574.55,0.00,2.15,-4.61 
1747830269.71,6,-130.76,-583.55,0.37,1.70,0.68,-130.76,-583.55,0.00,-0.21,-0.12 
1747830269.81,0,-64.04,-575.01,0.90,2.86,0.53,-64.04,-575.01,0.00,2.17,-4.60 
1747830269.81,6,-130.78,-583.56,0.42,1.28,0.82,-130.78,-583.56,0.00,-0.21,-0.12 
1747830269.91,0,-63.76,-575.46,0.88,2.93,0.55,-63.76,-575.46,0.00,2.25,-4.59 
1747830269.91,6,-130.75,-583.63,0.35,1.52,0.65,-130.75,-583.63,0.00,-0.14,-0.19 
1747830270.21,0,-63.08,-576.90,0.74,3.43,0.54,-63.08,-576.90,0.00,2.25,-4.66 
1747830270.41,0,-62.69,-577.91,1.03,3.38,0.50,-62.69,-577.91,0.00,2.19,-4.75 
1747830270.41,6,-130.87,-583.52,0.43,1.37,0.52,-130.87,-583.52,0.00,-0.20,0.01 
1747830270.51,0,-62.51,-578.46,0.71,2.93,0.68,-62.51,-578.46,0.00,2.14,-4.84 
1747830270.51,6,-130.89,-583.56,0.47,1.28,0.50,-130.89,-583.56,0.00,-0.20,-0.03 
1747830270.61,0,-62.15,-579.01,1.30,2.39,0.63,-62.15,-579.01,0.00,2.32,-4.92 
1747830270.61,6,-130.92,-583.55,0.48,1.16,0.63,-130.92,-583.55,0.00,-0.22,-0.02 
1747830270.71,0,-61.93,-579.42,0.93,3.48,0.49,-61.93,-579.42,0.00,2.30,-4.81 
1747830270.81,0,-61.77,-579.83,0.85,3.31,0.47,-61.77,-579.83,0.00,2.21,-4.73 
1747830270.81,6,-130.97,-583.63,0.44,1.13,0.29,-130.97,-583.63,0.00,-0.22,-0.11 
1747830270.91,0,-61.58,-580.32,0.69,2.91,0.59,-61.58,-580.32,0.00,2.18,-4.75 
1747830270.91,6,-130.99,-583.61,0.51,1.05,0.39,-130.99,-583.61,0.00,-0.22,-0.07 
1747830271.01,0,-61.41,-580.77,0.86,2.99,0.59,-61.41,-580.77,0.00,2.12,-4.72 
1747830271.01,6,-131.00,-583.58,0.46,1.11,0.46,-131.00,-583.58,0.00,-0.21,-0.03 
1747830271.11,0,-61.15,-581.37,0.71,2.71,0.63,-61.15,-581.37,0.00,2.18,-4.88 
1747830271.11,6,-131.04,-583.58,0.57,1.32,0.48,-131.04,-583.58,0.00,-0.23,-0.02 
1747830271.21,0,-60.93,-581.85,0.50,1.93,0.63,-60.93,-581.85,0.00,2.18,-4.88 
1747830271.21,6,-131.09,-583.57,0.74,1.36,0.23,-131.09,-583.57,0.00,-0.26,-0.00 
1747830271.31,0,-60.76,-582.29,0.58,2.14,0.47,-60.76,-582.29,0.00,2.12,-4.81 
1747830271.31,6,-131.10,-583.61,0.50,1.36,0.15,-131.10,-583.61,0.00,-0.25,-0.06 
1747830271.41,0,-60.54,-582.77,0.66,2.34,0.47,-60.54,-582.77,0.00,2.12,-4.81 
1747830271.41,6,-131.14,-583.63,0.67,1.22,0.06,-131.14,-583.63,0.00,-0.27,-0.08 
1747830271.61,0,-60.19,-583.60,0.75,2.57,0.41,-60.19,-583.60,0.00,2.05,-4.67 
1747830271.61,6,-131.20,-583.63,0.45,1.34,0.19,-131.20,-583.63,0.00,-0.27,-0.06 
1747830271.81,0,-59.76,-584.50,0.79,3.32,0.53,-59.76,-584.50,0.00,2.07,-4.63 
1747830271.81,6,-131.23,-583.59,0.57,1.08,0.36,-131.23,-583.59,0.00,-0.25,-0.00 
1747830271.91,0,-59.75,-584.71,1.33,2.54,0.07,-59.75,-584.71,0.00,1.85,-4.36 
1747830271.91,6,-131.23,-583.59,0.46,0.91,0.46,-131.23,-583.59,0.00,-0.21,0.01 
1747830272.11,0,-59.18,-585.80,0.45,3.32,0.71,-59.18,-585.80,0.00,2.07,-4.60 
1747830272.11,6,-131.29,-583.58,0.64,1.11,0.16,-131.29,-583.58,0.00,-0.24,0.01 
1747830272.31,0,-58.70,-586.75,0.55,3.40,0.49,-58.70,-586.75,0.00,2.15,-4.64 
1747830272.31,6,-131.32,-583.66,0.51,1.26,0.28,-131.32,-583.66,0.00,-0.21,-0.08 
1747830272.41,0,-58.59,-587.16,0.38,0.62,0.94,-58.59,-587.16,0.00,2.03,-4.57 
1747830272.41,6,-131.33,-583.68,0.41,1.02,0.19,-131.33,-583.68,0.00,-0.20,-0.10 
1747830272.51,0,-58.36,-587.60,0.40,0.70,0.44,-58.36,-587.60,0.00,2.05,-4.55 
1747830272.51,6,-131.33,-583.72,0.43,0.96,0.31,-131.33,-583.72,0.00,-0.18,-0.13 
1747830272.61,0,-58.37,-587.96,0.43,0.74,0.34,-58.37,-587.96,0.00,1.79,-4.43 
1747830272.61,6,-131.35,-583.72,0.38,0.97,0.21,-131.35,-583.72,0.00,-0.17,-0.12 
1747830272.71,0,-58.06,-588.42,0.46,0.82,0.54,-58.06,-588.42,0.00,1.95,-4.45 
1747830272.71,6,-131.35,-583.78,0.47,1.19,0.11,-131.35,-583.78,0.00,-0.16,-0.17 
1747830272.81,0,-57.82,-588.85,0.50,0.94,0.49,-57.82,-588.85,0.00,2.01,-4.44 
1747830272.81,6,-131.38,-583.78,0.47,1.19,0.17,-131.38,-583.78,0.00,-0.17,-0.15 
1747830272.91,0,-57.71,-589.20,0.53,1.12,0.34,-57.71,-589.20,0.00,1.90,-4.31 
1747830272.91,6,-131.40,-583.82,0.51,1.14,0.24,-131.40,-583.82,0.00,-0.17,-0.19 
1747830273.01,0,-57.61,-589.54,0.60,1.26,0.21,-57.61,-589.54,0.00,1.78,-4.20 
1747830273.01,6,-131.45,-583.82,0.73,1.45,0.25,-131.45,-583.82,0.00,-0.22,-0.16 
1747830273.11,0,-57.34,-590.09,0.62,1.59,0.53,-57.34,-590.09,0.00,1.90,-4.36 
1747830273.11,6,-131.47,-583.82,0.50,1.40,0.25,-131.47,-583.82,0.00,-0.22,-0.14 
1747830273.21,0,-57.10,-590.60,0.65,1.94,0.53,-57.10,-590.60,0.00,1.96,-4.45 
1747830273.21,6,-131.50,-583.81,0.47,1.30,0.05,-131.50,-583.81,0.00,-0.23,-0.11 
1747830273.31,0,-56.84,-591.08,0.75,2.13,0.44,-56.84,-591.08,0.00,2.04,-4.50 
1747830273.31,6,-131.50,-583.81,0.47,0.84,0.18,-131.50,-583.81,0.00,-0.20,-0.09 
1747830273.41,0,-56.73,-591.43,0.86,2.06,0.32,-56.73,-591.43,0.00,1.93,-4.38 
1747830273.41,6,-131.52,-583.80,0.39,0.99,0.06,-131.52,-583.80,0.00,-0.19,-0.07 
1747830273.51,0,-56.49,-591.97,0.59,3.94,0.44,-56.49,-591.97,0.00,1.98,-4.50 
1747830273.51,6,-131.55,-583.83,0.44,1.09,0.15,-131.55,-583.83,0.00,-0.21,-0.11 
1747830273.61,0,-56.25,-592.44,1.04,3.42,0.52,-56.25,-592.44,0.00,2.03,-4.52 
1747830273.61,6,-131.56,-583.84,0.43,1.02,0.07,-131.56,-583.84,0.00,-0.19,-0.10 
1747830273.71,0,-56.05,-592.98,1.22,3.22,0.74,-56.05,-592.98,0.00,2.03,-4.63 
1747830273.71,6,-131.55,-583.87,1.15,0.57,1.55,-131.55,-583.87,0.00,-0.16,-0.13 
1747830273.81,0,-55.82,-593.41,1.13,3.14,0.47,-55.82,-593.41,0.00,2.06,-4.60 
1747830273.81,6,-131.56,-583.89,0.38,1.06,0.41,-131.56,-583.89,0.00,-0.15,-0.14 
1747830273.91,0,-55.58,-593.87,1.06,3.20,0.50,-55.58,-593.87,0.00,2.10,-4.60 
1747830273.91,6,-131.58,-583.91,0.56,1.27,0.43,-131.58,-583.91,0.00,-0.16,-0.15 
1747830274.01,0,-55.35,-594.34,0.80,3.45,0.51,-55.35,-594.34,0.00,2.13,-4.61 
1747830274.01,6,-131.61,-583.93,0.64,1.16,0.09,-131.61,-583.93,0.00,-0.18,-0.15 
1747830274.11,0,-55.28,-594.69,1.35,2.28,0.15,-55.28,-594.69,0.00,1.96,-4.47 
1747830274.11,6,-131.63,-583.93,0.38,1.26,0.04,-131.63,-583.93,0.00,-0.18,-0.13 
1747830274.21,0,-55.20,-595.06,1.26,2.01,0.13,-55.20,-595.06,0.00,1.81,-4.38 
1747830274.21,6,-131.66,-583.93,0.45,1.25,0.01,-131.66,-583.93,0.00,-0.19,-0.12 
1747830274.41,0,-54.79,-596.00,0.88,3.28,0.59,-54.79,-596.00,0.00,1.86,-4.45 
1747830274.41,6,-131.71,-584.00,1.39,0.65,1.17,-131.71,-584.00,0.00,-0.21,-0.17 
1747830274.61,0,-54.34,-596.91,1.14,3.49,0.51,-54.34,-596.91,0.00,1.96,-4.47 
1747830274.61,6,-131.74,-584.04,1.20,0.35,1.51,-131.74,-584.04,0.00,-0.20,-0.18 
1747830274.71,0,-54.08,-597.41,0.93,3.62,0.52,-54.08,-597.41,0.00,2.04,-4.53 
1747830274.71,6,-131.74,-584.09,1.22,0.45,1.49,-131.74,-584.09,0.00,-0.18,-0.22 
1747830274.91,0,-53.68,-598.34,1.64,3.20,0.44,-53.68,-598.34,0.00,2.03,-4.56 
1747830274.91,6,-131.76,-584.08,1.36,0.46,1.47,-131.76,-584.08,0.00,-0.16,-0.15 
1747830275.31,0,-53.07,-599.90,0.64,1.92,0.46,-53.07,-599.90,0.00,1.83,-4.31 
1747830275.31,6,-131.84,-584.20,1.21,0.40,1.39,-131.84,-584.20,0.00,-0.17,-0.21 
1747830275.41,0,-52.88,-600.39,0.72,2.15,0.49,-52.88,-600.39,0.00,1.84,-4.37 
1747830275.41,6,-131.86,-584.18,1.16,0.41,1.54,-131.86,-584.18,0.00,-0.18,-0.17 
1747830275.51,0,-52.80,-600.68,0.88,2.38,0.13,-52.80,-600.68,0.00,1.70,-4.19 
1747830275.51,6,-131.87,-584.18,0.95,0.52,1.37,-131.87,-584.18,0.00,-0.17,-0.14 
1747830275.61,0,-52.73,-600.99,0.83,2.20,0.16,-52.73,-600.99,0.00,1.58,-4.05 
1747830275.61,6,-131.91,-584.18,1.14,0.34,1.45,-131.91,-584.18,0.00,-0.19,-0.12 
1747830275.71,0,-52.64,-601.35,0.81,1.81,0.15,-52.64,-601.35,0.00,1.48,-3.97 
1747830275.71,6,-131.95,-584.13,1.22,0.39,1.42,-131.95,-584.13,0.00,-0.23,-0.04 
1747830275.81,0,-52.51,-601.78,0.64,1.49,0.24,-52.51,-601.78,0.00,1.45,-4.03 
1747830275.81,6,-131.97,-584.13,1.16,0.40,1.35,-131.97,-584.13,0.00,-0.22,-0.03 
1747830275.91,0,-52.39,-602.24,0.61,1.84,0.15,-52.39,-602.24,0.00,1.43,-4.10 
1747830275.91,6,-131.98,-584.12,1.14,0.44,1.35,-131.98,-584.12,0.00,-0.21,-0.01 
1747830276.01,0,-52.24,-602.66,0.53,1.51,0.12,-52.24,-602.66,0.00,1.43,-4.11 
1747830276.11,0,-52.08,-603.11,0.61,1.76,0.11,-52.08,-603.11,0.00,1.46,-4.16 
1747830276.21,0,-51.75,-603.70,0.66,2.03,0.54,-51.75,-603.70,0.00,1.69,-4.39 
1747830276.31,0,-51.58,-604.14,0.78,3.07,0.54,-51.58,-604.14,0.00,1.69,-4.39 
1747830276.41,0,-51.24,-604.76,1.08,4.34,0.51,-51.24,-604.76,0.00,1.90,-4.62 
1747830276.61,0,-50.90,-605.77,0.31,1.75,0.43,-50.90,-605.77,0.00,1.86,-4.70 
1747830276.71,0,-50.73,-606.19,0.19,1.59,0.46,-50.73,-606.19,0.00,1.84,-4.65 
1747830276.81,0,-50.56,-606.59,0.35,1.68,0.41,-50.56,-606.59,0.00,1.82,-4.57 
1747830276.81,6,-132.09,-584.28,1.21,0.34,1.39,-132.09,-584.28,0.00,-0.16,-0.15 
1747830276.91,0,-50.35,-607.02,0.42,1.45,0.39,-50.35,-607.02,0.00,1.85,-4.54 
1747830276.91,6,-132.11,-584.35,1.35,0.24,1.46,-132.11,-584.35,0.00,-0.17,-0.22 
1747830277.01,0,-50.18,-607.38,0.52,2.26,0.19,-50.18,-607.38,0.00,1.83,-4.43 
1747830277.01,6,-132.14,-584.37,0.80,0.34,1.38,-132.14,-584.37,0.00,-0.18,-0.22 
1747830277.11,0,-49.82,-607.92,0.63,2.39,0.42,-49.82,-607.92,0.00,2.04,-4.54 
1747830277.11,6,-132.16,-584.43,1.17,0.29,1.23,-132.16,-584.43,0.00,-0.18,-0.26 
1747830277.21,0,-49.64,-608.47,1.01,0.26,1.55,-49.64,-608.47,0.00,2.02,-4.65 
1747830277.21,6,-132.18,-584.41,0.96,0.27,1.36,-132.18,-584.41,0.00,-0.19,-0.21 
1747830277.31,0,-49.50,-608.92,1.00,0.38,0.16,-49.50,-608.92,0.00,1.94,-4.63 
1747830277.31,6,-132.19,-584.40,1.24,0.24,1.27,-132.19,-584.40,0.00,-0.18,-0.17 
1747830277.41,0,-49.38,-609.31,0.99,0.56,0.13,-49.38,-609.31,0.00,1.86,-4.55 
1747830277.41,6,-132.23,-584.37,1.14,0.45,1.39,-132.23,-584.37,0.00,-0.20,-0.11 
1747830277.51,0,-49.21,-609.72,0.91,0.87,0.15,-49.21,-609.72,0.00,1.83,-4.49 
1747830277.61,0,-48.93,-610.26,0.92,1.19,0.45,-48.93,-610.26,0.00,1.95,-4.60 
1747830277.71,0,-48.72,-610.64,0.98,1.98,0.42,-48.72,-610.64,0.00,1.97,-4.51 
1747830277.81,0,-48.57,-611.02,2.05,0.92,1.56,-48.57,-611.02,0.00,1.92,-4.42 
1747830277.81,6,-132.27,-584.45,0.12,0.74,0.03,-132.27,-584.45,0.00,-0.16,-0.16 
1747830277.91,0,-48.35,-611.46,0.72,1.50,0.51,-48.35,-611.46,0.00,1.94,-4.42 
1747830277.91,6,-132.28,-584.49,0.30,0.63,1.36,-132.28,-584.49,0.00,-0.15,-0.19 
1747830278.11,0,-47.94,-612.35,0.66,1.57,0.46,-47.94,-612.35,0.00,1.97,-4.42 
1747830278.11,6,-132.31,-584.56,1.03,0.13,1.38,-132.31,-584.56,0.00,-0.16,-0.23 
1747830278.51,0,-47.15,-614.12,0.53,1.50,0.46,-47.15,-614.12,0.00,1.97,-4.42 
1747830278.51,6,-132.35,-584.62,0.71,0.19,1.47,-132.35,-584.62,0.00,-0.14,-0.20 
1747830278.71,0,-46.51,-615.37,0.57,1.80,0.42,-46.51,-615.37,0.00,2.21,-4.79 
1747830278.71,6,-132.37,-584.67,0.77,0.11,1.36,-132.37,-584.67,0.00,-0.12,-0.21 
1747830278.91,0,-46.23,-616.15,0.39,1.80,0.40,-46.23,-616.15,0.00,2.04,-4.60 
1747830278.91,6,-132.39,-584.74,0.76,0.15,1.15,-132.39,-584.74,0.00,-0.12,-0.25 
1747830279.01,0,-46.11,-616.51,0.28,1.72,0.44,-46.11,-616.51,0.00,1.94,-4.49 
1747830279.01,6,-132.44,-584.72,0.81,0.18,1.29,-132.44,-584.72,0.00,-0.17,-0.19 
1747830279.21,0,-45.79,-617.36,0.46,1.52,0.40,-45.79,-617.36,0.00,1.86,-4.43 
1747830279.21,6,-132.51,-584.78,0.89,0.20,1.38,-132.51,-584.78,0.00,-0.22,-0.22 
1747830279.31,0,-45.44,-617.97,0.51,1.70,0.50,-45.44,-617.97,0.00,2.07,-4.64 
1747830279.31,6,-132.53,-584.76,0.84,0.20,1.18,-132.53,-584.76,0.00,-0.22,-0.16 
1747830279.41,0,-45.26,-618.35,0.55,1.81,0.52,-45.26,-618.35,0.00,2.03,-4.53 
1747830279.41,6,-132.55,-584.72,0.91,0.16,1.29,-132.55,-584.72,0.00,-0.21,-0.09 
1747830279.61,0,-44.74,-619.39,0.62,1.99,0.60,-44.74,-619.39,0.00,2.17,-4.69 
1747830279.61,6,-132.58,-584.70,0.80,0.11,1.07,-132.58,-584.70,0.00,-0.20,-0.05 
1747830279.81,0,-44.22,-620.42,0.67,2.33,0.58,-44.22,-620.42,0.00,2.27,-4.80 
1747830279.81,6,-132.63,-584.75,1.01,0.14,1.18,-132.63,-584.75,0.00,-0.20,-0.09 
1747830279.91,0,-44.19,-620.66,0.44,2.63,0.47,-44.19,-620.66,0.00,2.04,-4.51 
1747830279.91,6,-132.71,-584.70,1.01,0.19,1.19,-132.71,-584.70,0.00,-0.29,-0.02 
